{
  "generated_at": "2026-04-25T15:55:59.377156+00:00",
  "overall": {
    "episodes": 3,
    "policies": [
      "random",
      "heuristic",
      "trained"
    ]
  },
  "policy_rows": [
    {
      "policy": "random",
      "source": "builtin",
      "total_reward": -7.384441827708834,
      "composite_efficiency": 0.27823517564424166,
      "efficacy": 0.12964448106378085,
      "safety": -0.6333333333333333,
      "compliance": -0.6,
      "cost": -0.6691666666666668,
      "progress": 0.07137254901960786,
      "correction_triggers": 26.333333333333332,
      "stage_transitions": 0.0
    },
    {
      "policy": "heuristic",
      "source": "builtin",
      "total_reward": -10.982120123643108,
      "composite_efficiency": 0.24940054742984996,
      "efficacy": 0.179730273376861,
      "safety": -0.7666666666666666,
      "compliance": -1.0,
      "cost": -0.3244444444444445,
      "progress": 0.04000000000000001,
      "correction_triggers": 31.666666666666668,
      "stage_transitions": 0.0
    },
    {
      "policy": "trained",
      "source": "checkpoint:llm_causal:artifacts\\policy\\latest_llm.json",
      "total_reward": -3.7000000000000006,
      "composite_efficiency": 0.37142857142857144,
      "efficacy": 0.0,
      "safety": 0.0,
      "compliance": 0.5,
      "cost": -0.20000000000000004,
      "progress": 0.0,
      "correction_triggers": 32.0,
      "stage_transitions": 0.0
    }
  ],
  "disease_metrics": {
    "random": {
      "type2_diabetes": {
        "total_reward": -10.781015407577657,
        "composite_efficiency": 0.24393319731954358,
        "efficacy": 0.19598826358974628,
        "safety": -1.0,
        "compliance": -1.0,
        "cost": -0.8075,
        "progress": 0.11529411764705885,
        "correction_triggers": 31.0,
        "stage_transitions": 0.0
      },
      "hypertension": {
        "total_reward": -4.033482112658584,
        "composite_efficiency": 0.35336134453781515,
        "efficacy": 0.0,
        "safety": 0.0,
        "compliance": 0.19999999999999996,
        "cost": -0.2,
        "progress": 0.023529411764705882,
        "correction_triggers": 19.0,
        "stage_transitions": 0.0
      },
      "nsclc": {
        "total_reward": -7.33882796289026,
        "composite_efficiency": 0.23741098507536615,
        "efficacy": 0.19294517960159627,
        "safety": -0.9,
        "compliance": -1.0,
        "cost": -1.0,
        "progress": 0.07529411764705884,
        "correction_triggers": 29.0,
        "stage_transitions": 0.0
      }
    },
    "heuristic": {
      "type2_diabetes": {
        "total_reward": -8.862357781983441,
        "composite_efficiency": 0.23778785115626894,
        "efficacy": 0.12215411664792207,
        "safety": -0.3,
        "compliance": -1.0,
        "cost": -0.24083333333333334,
        "progress": 0.0,
        "correction_triggers": 31.0,
        "stage_transitions": 0.0
      },
      "hypertension": {
        "total_reward": -12.224476217536061,
        "composite_efficiency": 0.25365045213577986,
        "efficacy": 0.20674255196846042,
        "safety": -1.0,
        "compliance": -1.0,
        "cost": -0.3458333333333333,
        "progress": 0.04000000000000001,
        "correction_triggers": 32.0,
        "stage_transitions": 0.0
      },
      "nsclc": {
        "total_reward": -11.859526371409821,
        "composite_efficiency": 0.25676333899750103,
        "efficacy": 0.2102941515142006,
        "safety": -1.0,
        "compliance": -1.0,
        "cost": -0.38666666666666666,
        "progress": 0.08000000000000002,
        "correction_triggers": 32.0,
        "stage_transitions": 0.0
      }
    },
    "trained": {
      "type2_diabetes": {
        "total_reward": -3.7000000000000006,
        "composite_efficiency": 0.37142857142857144,
        "efficacy": 0.0,
        "safety": 0.0,
        "compliance": 0.5,
        "cost": -0.2,
        "progress": 0.0,
        "correction_triggers": 32.0,
        "stage_transitions": 0.0
      },
      "hypertension": {
        "total_reward": -3.7000000000000006,
        "composite_efficiency": 0.37142857142857144,
        "efficacy": 0.0,
        "safety": 0.0,
        "compliance": 0.5,
        "cost": -0.2,
        "progress": 0.0,
        "correction_triggers": 32.0,
        "stage_transitions": 0.0
      },
      "nsclc": {
        "total_reward": -3.7000000000000006,
        "composite_efficiency": 0.37142857142857144,
        "efficacy": 0.0,
        "safety": 0.0,
        "compliance": 0.5,
        "cost": -0.2,
        "progress": 0.0,
        "correction_triggers": 32.0,
        "stage_transitions": 0.0
      }
    }
  },
  "phase_metrics": {
    "random": {
      "stage1": {
        "composite_efficiency": 0.30102559302652093,
        "support": 48.0
      }
    },
    "heuristic": {
      "stage1": {
        "composite_efficiency": 0.24420859327979663,
        "support": 48.0
      }
    },
    "trained": {
      "stage1": {
        "composite_efficiency": 0.3714285714285716,
        "support": 48.0
      }
    }
  },
  "correction_summary": {
    "random": 26.333333333333332,
    "heuristic": 31.666666666666668,
    "trained": 32.0
  },
  "stage_config": {
    "stage1": {
      "name": "stage1",
      "cohort_size": 10,
      "max_weeks": 16,
      "max_adverse_events": 3,
      "max_budget": 150000.0,
      "event_rates": {
        "adverse_event_prob": 0.015,
        "serious_adverse_event_prob": 0.002,
        "dropout_prob": 0.01,
        "recruit_variation": 0.2
      },
      "promotion_mean_reward": 0.25,
      "promotion_window": 20
    },
    "stage2": {
      "name": "stage2",
      "cohort_size": 30,
      "max_weeks": 20,
      "max_adverse_events": 6,
      "max_budget": 450000.0,
      "event_rates": {
        "adverse_event_prob": 0.03,
        "serious_adverse_event_prob": 0.004,
        "dropout_prob": 0.02,
        "recruit_variation": 0.2
      },
      "promotion_mean_reward": 0.35,
      "promotion_window": 20
    },
    "stage3": {
      "name": "stage3",
      "cohort_size": 60,
      "max_weeks": 24,
      "max_adverse_events": 10,
      "max_budget": 900000.0,
      "event_rates": {
        "adverse_event_prob": 0.05,
        "serious_adverse_event_prob": 0.007,
        "dropout_prob": 0.03,
        "recruit_variation": 0.2
      },
      "promotion_mean_reward": 0.45,
      "promotion_window": 20
    }
  }
}