{
  "generated_at": "2026-04-25T07:16:14.262448+00:00",
  "overall": {
    "episodes": 2,
    "policies": [
      "random",
      "heuristic",
      "trained"
    ]
  },
  "policy_rows": [
    {
      "policy": "random",
      "source": "builtin",
      "total_reward": -1.8482683049008652,
      "composite_efficiency": 0.27832352693155943,
      "efficacy": 0.13528266237712486,
      "safety": -0.6666666666666666,
      "compliance": -0.6,
      "cost": -0.2675,
      "progress": 0.09673202614379085,
      "correction_triggers": 9.333333333333334,
      "stage_transitions": 0.0
    },
    {
      "policy": "heuristic",
      "source": "builtin",
      "total_reward": -0.6741389801702793,
      "composite_efficiency": 0.25432638383140044,
      "efficacy": 0.22727614136446558,
      "safety": -1.0,
      "compliance": -1.0,
      "cost": -0.22333333333333336,
      "progress": 0.12,
      "correction_triggers": 2.6666666666666665,
      "stage_transitions": 0.0
    },
    {
      "policy": "trained",
      "source": "checkpoint:linear_softmax:C:\\Users\\adity\\AppData\\Local\\Temp\\pytest-of-adity\\pytest-14\\test_benchmark_uses_checkpoint0\\policy.json",
      "total_reward": -1.5232796018827566,
      "composite_efficiency": 0.24033391136750148,
      "efficacy": 0.2685873795725104,
      "safety": -1.0,
      "compliance": -1.0,
      "cost": -0.2525,
      "progress": 0.04000000000000001,
      "correction_triggers": 6.0,
      "stage_transitions": 0.0
    }
  ],
  "disease_metrics": {
    "random": {
      "type2_diabetes": {
        "total_reward": -0.4484989000225251,
        "composite_efficiency": 0.2444647346846837,
        "efficacy": 0.23500314279278553,
        "safety": -1.0,
        "compliance": -1.0,
        "cost": -0.3675,
        "progress": 0.16000000000000003,
        "correction_triggers": 5.0,
        "stage_transitions": 0.0
      },
      "hypertension": {
        "total_reward": -4.033482112658584,
        "composite_efficiency": 0.35336134453781515,
        "efficacy": 0.0,
        "safety": 0.0,
        "compliance": 0.19999999999999996,
        "cost": -0.2,
        "progress": 0.023529411764705882,
        "correction_triggers": 19.0,
        "stage_transitions": 0.0
      },
      "nsclc": {
        "total_reward": -1.0628239020214862,
        "composite_efficiency": 0.2371445015721794,
        "efficacy": 0.17084484433858907,
        "safety": -1.0,
        "compliance": -1.0,
        "cost": -0.235,
        "progress": 0.10666666666666667,
        "correction_triggers": 4.0,
        "stage_transitions": 0.0
      }
    },
    "heuristic": {
      "type2_diabetes": {
        "total_reward": -0.5060688458863917,
        "composite_efficiency": 0.25004843025045237,
        "efficacy": 0.2390890117531668,
        "safety": -1.0,
        "compliance": -1.0,
        "cost": -0.2175,
        "progress": 0.12,
        "correction_triggers": 2.0,
        "stage_transitions": 0.0
      },
      "hypertension": {
        "total_reward": -0.9850286614987229,
        "composite_efficiency": 0.27318865313179924,
        "efficacy": 0.2757949355565816,
        "safety": -1.0,
        "compliance": -1.0,
        "cost": -0.235,
        "progress": 0.12,
        "correction_triggers": 4.0,
        "stage_transitions": 0.0
      },
      "nsclc": {
        "total_reward": -0.531319433125723,
        "composite_efficiency": 0.23974206811194976,
        "efficacy": 0.16694447678364832,
        "safety": -1.0,
        "compliance": -1.0,
        "cost": -0.2175,
        "progress": 0.12,
        "correction_triggers": 2.0,
        "stage_transitions": 0.0
      }
    },
    "trained": {
      "type2_diabetes": {
        "total_reward": -1.9984920997230022,
        "composite_efficiency": 0.24751380516947355,
        "efficacy": 0.3275966361863146,
        "safety": -1.0,
        "compliance": -1.0,
        "cost": -0.27,
        "progress": 0.04000000000000001,
        "correction_triggers": 8.0,
        "stage_transitions": 0.0
      },
      "hypertension": {
        "total_reward": -1.5018028124543812,
        "composite_efficiency": 0.24588900210210304,
        "efficacy": 0.3074730147147214,
        "safety": -1.0,
        "compliance": -1.0,
        "cost": -0.2525,
        "progress": 0.04000000000000001,
        "correction_triggers": 6.0,
        "stage_transitions": 0.0
      },
      "nsclc": {
        "total_reward": -1.069543893470886,
        "composite_efficiency": 0.22759892683092783,
        "efficacy": 0.170692487816495,
        "safety": -1.0,
        "compliance": -1.0,
        "cost": -0.235,
        "progress": 0.04000000000000001,
        "correction_triggers": 4.0,
        "stage_transitions": 0.0
      }
    }
  },
  "phase_metrics": {
    "random": {
      "stage1": {
        "composite_efficiency": 0.34531888183318976,
        "support": 21.0
      }
    },
    "heuristic": {
      "stage1": {
        "composite_efficiency": 0.2535656770660543,
        "support": 4.0
      }
    },
    "trained": {
      "stage1": {
        "composite_efficiency": 0.24059971402955693,
        "support": 9.0
      }
    }
  },
  "correction_summary": {
    "random": 9.333333333333334,
    "heuristic": 2.6666666666666665,
    "trained": 6.0
  },
  "stage_config": {
    "stage1": {
      "name": "stage1",
      "cohort_size": 10,
      "max_weeks": 16,
      "max_adverse_events": 3,
      "max_budget": 150000.0,
      "event_rates": {
        "adverse_event_prob": 0.015,
        "serious_adverse_event_prob": 0.002,
        "dropout_prob": 0.01,
        "recruit_variation": 0.2
      },
      "promotion_mean_reward": 0.25,
      "promotion_window": 20
    },
    "stage2": {
      "name": "stage2",
      "cohort_size": 30,
      "max_weeks": 20,
      "max_adverse_events": 6,
      "max_budget": 450000.0,
      "event_rates": {
        "adverse_event_prob": 0.03,
        "serious_adverse_event_prob": 0.004,
        "dropout_prob": 0.02,
        "recruit_variation": 0.2
      },
      "promotion_mean_reward": 0.35,
      "promotion_window": 20
    },
    "stage3": {
      "name": "stage3",
      "cohort_size": 60,
      "max_weeks": 24,
      "max_adverse_events": 10,
      "max_budget": 900000.0,
      "event_rates": {
        "adverse_event_prob": 0.05,
        "serious_adverse_event_prob": 0.007,
        "dropout_prob": 0.03,
        "recruit_variation": 0.2
      },
      "promotion_mean_reward": 0.45,
      "promotion_window": 20
    }
  }
}