{
  "generated_at": "2026-04-26T07:40:16.765768+00:00",
  "overall": {
    "episodes": 5,
    "policies": [
      "random",
      "heuristic",
      "trained"
    ]
  },
  "policy_rows": [
    {
      "policy": "random",
      "source": "builtin",
      "total_reward": -1.0253598586520598,
      "composite_efficiency": 0.3069980168041824,
      "efficacy": 0.10699537688853607,
      "safety": -0.6666666666666666,
      "compliance": -0.5333333333333333,
      "cost": -0.31750000000000006,
      "progress": 0.10074074074074076,
      "correction_triggers": 5.0,
      "stage_transitions": 0.0
    },
    {
      "policy": "heuristic",
      "source": "builtin",
      "total_reward": -1.02815042404287,
      "composite_efficiency": 0.33398090685325044,
      "efficacy": 0.07625176463941953,
      "safety": -1.0,
      "compliance": -1.0,
      "cost": -0.21677083333333333,
      "progress": 0.32000000000000006,
      "correction_triggers": 2.0,
      "stage_transitions": 0.0
    },
    {
      "policy": "trained",
      "source": "checkpoint:linear_softmax:artifacts\\policy\\latest.json",
      "total_reward": -1.0296251960601153,
      "composite_efficiency": 0.3333417567101571,
      "efficacy": 0.07214229697109938,
      "safety": -1.0,
      "compliance": -1.0,
      "cost": -0.2175,
      "progress": 0.32,
      "correction_triggers": 2.0,
      "stage_transitions": 0.0
    }
  ],
  "disease_metrics": {
    "random": {
      "type2_diabetes": {
        "total_reward": -0.5262658898605223,
        "composite_efficiency": 0.3003660926802921,
        "efficacy": 0.24006264876204433,
        "safety": -1.0,
        "compliance": -1.0,
        "cost": -0.535,
        "progress": 0.08000000000000002,
        "correction_triggers": 4.0,
        "stage_transitions": 0.0
      },
      "hypertension": {
        "total_reward": -2.287261904761905,
        "composite_efficiency": 0.30317460317460315,
        "efficacy": 0.0,
        "safety": 0.0,
        "compliance": 0.4,
        "cost": -0.2,
        "progress": 0.022222222222222223,
        "correction_triggers": 9.0,
        "stage_transitions": 0.0
      },
      "nsclc": {
        "total_reward": -0.2625517813337527,
        "composite_efficiency": 0.317453354557652,
        "efficacy": 0.08092348190356385,
        "safety": -1.0,
        "compliance": -1.0,
        "cost": -0.2175,
        "progress": 0.2,
        "correction_triggers": 2.0,
        "stage_transitions": 0.0
      }
    },
    "heuristic": {
      "type2_diabetes": {
        "total_reward": -1.0378285712096393,
        "composite_efficiency": 0.32928872093484113,
        "efficacy": 0.08267729654388788,
        "safety": -1.0,
        "compliance": -1.0,
        "cost": -0.2153125,
        "progress": 0.27999999999999997,
        "correction_triggers": 2.0,
        "stage_transitions": 0.0
      },
      "hypertension": {
        "total_reward": -1.027707331486104,
        "composite_efficiency": 0.3341245585771005,
        "efficacy": 0.07762191003970297,
        "safety": -1.0,
        "compliance": -1.0,
        "cost": -0.2175,
        "progress": 0.32000000000000006,
        "correction_triggers": 2.0,
        "stage_transitions": 0.0
      },
      "nsclc": {
        "total_reward": -1.0189153694328663,
        "composite_efficiency": 0.3385294410478097,
        "efficacy": 0.06845608733466778,
        "safety": -1.0,
        "compliance": -1.0,
        "cost": -0.2175,
        "progress": 0.36000000000000004,
        "correction_triggers": 2.0,
        "stage_transitions": 0.0
      }
    },
    "trained": {
      "type2_diabetes": {
        "total_reward": -1.004385669619308,
        "composite_efficiency": 0.34527625729824163,
        "efficacy": 0.07568380108769161,
        "safety": -1.0,
        "compliance": -1.0,
        "cost": -0.2175,
        "progress": 0.4,
        "correction_triggers": 2.0,
        "stage_transitions": 0.0
      },
      "hypertension": {
        "total_reward": -1.054745607051306,
        "composite_efficiency": 0.3214558746729364,
        "efficacy": 0.06894112271055483,
        "safety": -1.0,
        "compliance": -1.0,
        "cost": -0.2175,
        "progress": 0.24,
        "correction_triggers": 2.0,
        "stage_transitions": 0.0
      },
      "nsclc": {
        "total_reward": -1.029744311509732,
        "composite_efficiency": 0.3332931381592931,
        "efficacy": 0.07180196711505173,
        "safety": -1.0,
        "compliance": -1.0,
        "cost": -0.2175,
        "progress": 0.32000000000000006,
        "correction_triggers": 2.0,
        "stage_transitions": 0.0
      }
    }
  },
  "phase_metrics": {
    "random": {
      "stage1": {
        "composite_efficiency": 0.3192749575726717,
        "support": 11.0
      }
    },
    "heuristic": {
      "stage1": {
        "composite_efficiency": 0.33398090685325044,
        "support": 3.0
      }
    },
    "trained": {
      "stage1": {
        "composite_efficiency": 0.3333417567101571,
        "support": 3.0
      }
    }
  },
  "correction_summary": {
    "random": 5.0,
    "heuristic": 2.0,
    "trained": 2.0
  },
  "stage_config": {
    "stage1": {
      "name": "stage1",
      "cohort_size": 10,
      "max_weeks": 16,
      "max_adverse_events": 3,
      "max_budget": 150000.0,
      "event_rates": {
        "adverse_event_prob": 0.015,
        "serious_adverse_event_prob": 0.002,
        "dropout_prob": 0.01,
        "recruit_variation": 0.2
      },
      "promotion_mean_reward": 0.25,
      "promotion_window": 20
    },
    "stage2": {
      "name": "stage2",
      "cohort_size": 30,
      "max_weeks": 20,
      "max_adverse_events": 6,
      "max_budget": 450000.0,
      "event_rates": {
        "adverse_event_prob": 0.03,
        "serious_adverse_event_prob": 0.004,
        "dropout_prob": 0.02,
        "recruit_variation": 0.2
      },
      "promotion_mean_reward": 0.35,
      "promotion_window": 20
    },
    "stage3": {
      "name": "stage3",
      "cohort_size": 60,
      "max_weeks": 24,
      "max_adverse_events": 10,
      "max_budget": 900000.0,
      "event_rates": {
        "adverse_event_prob": 0.05,
        "serious_adverse_event_prob": 0.007,
        "dropout_prob": 0.03,
        "recruit_variation": 0.2
      },
      "promotion_mean_reward": 0.45,
      "promotion_window": 20
    }
  }
}