{
  "generated_at": "2026-04-25T14:29:39.046154+00:00",
  "overall": {
    "episodes": 4,
    "policies": [
      "random",
      "heuristic",
      "trained"
    ]
  },
  "policy_rows": [
    {
      "policy": "random",
      "source": "builtin",
      "total_reward": -8.483805073361163,
      "composite_efficiency": 0.2863702256806188,
      "efficacy": 0.11646088426223968,
      "safety": -0.6666666666666666,
      "compliance": -0.6,
      "cost": -0.6983333333333333,
      "progress": 0.09803921568627454,
      "correction_triggers": 26.0,
      "stage_transitions": 0.0
    },
    {
      "policy": "heuristic",
      "source": "builtin",
      "total_reward": -10.659162852373733,
      "composite_efficiency": 0.23753887484134192,
      "efficacy": 0.2137177656339159,
      "safety": -0.9666666666666667,
      "compliance": -1.0,
      "cost": -0.31666666666666665,
      "progress": 0.013333333333333336,
      "correction_triggers": 30.333333333333332,
      "stage_transitions": 0.0
    },
    {
      "policy": "trained",
      "source": "checkpoint:llm_causal:artifacts\\policy\\latest_llm.json",
      "total_reward": -3.7000000000000006,
      "composite_efficiency": 0.37142857142857144,
      "efficacy": 0.0,
      "safety": 0.0,
      "compliance": 0.5,
      "cost": -0.20000000000000004,
      "progress": 0.0,
      "correction_triggers": 32.0,
      "stage_transitions": 0.0
    }
  ],
  "disease_metrics": {
    "random": {
      "type2_diabetes": {
        "total_reward": -11.019367736575543,
        "composite_efficiency": 0.2502061975731797,
        "efficacy": 0.1786492653651991,
        "safety": -1.0,
        "compliance": -1.0,
        "cost": -0.895,
        "progress": 0.19529411764705887,
        "correction_triggers": 31.0,
        "stage_transitions": 0.0
      },
      "hypertension": {
        "total_reward": -4.033482112658584,
        "composite_efficiency": 0.35336134453781515,
        "efficacy": 0.0,
        "safety": 0.0,
        "compliance": 0.19999999999999996,
        "cost": -0.2,
        "progress": 0.023529411764705882,
        "correction_triggers": 19.0,
        "stage_transitions": 0.0
      },
      "nsclc": {
        "total_reward": -10.398565370849361,
        "composite_efficiency": 0.2555431349308615,
        "efficacy": 0.17073338742151994,
        "safety": -1.0,
        "compliance": -1.0,
        "cost": -1.0,
        "progress": 0.07529411764705884,
        "correction_triggers": 28.0,
        "stage_transitions": 0.0
      }
    },
    "heuristic": {
      "type2_diabetes": {
        "total_reward": -8.961289180825737,
        "composite_efficiency": 0.23386235000462283,
        "efficacy": 0.24640601049512223,
        "safety": -0.9,
        "compliance": -1.0,
        "cost": -0.3225,
        "progress": 0.0,
        "correction_triggers": 27.0,
        "stage_transitions": 0.0
      },
      "hypertension": {
        "total_reward": -12.33107407719764,
        "composite_efficiency": 0.2563409006286573,
        "efficacy": 0.22020210925948647,
        "safety": -1.0,
        "compliance": -1.0,
        "cost": -0.32833333333333337,
        "progress": 0.04000000000000001,
        "correction_triggers": 32.0,
        "stage_transitions": 0.0
      },
      "nsclc": {
        "total_reward": -10.685125299097818,
        "composite_efficiency": 0.22241337389074564,
        "efficacy": 0.17454517714713896,
        "safety": -1.0,
        "compliance": -1.0,
        "cost": -0.29916666666666664,
        "progress": 0.0,
        "correction_triggers": 32.0,
        "stage_transitions": 0.0
      }
    },
    "trained": {
      "type2_diabetes": {
        "total_reward": -3.7000000000000006,
        "composite_efficiency": 0.37142857142857144,
        "efficacy": 0.0,
        "safety": 0.0,
        "compliance": 0.5,
        "cost": -0.2,
        "progress": 0.0,
        "correction_triggers": 32.0,
        "stage_transitions": 0.0
      },
      "hypertension": {
        "total_reward": -3.7000000000000006,
        "composite_efficiency": 0.37142857142857144,
        "efficacy": 0.0,
        "safety": 0.0,
        "compliance": 0.5,
        "cost": -0.2,
        "progress": 0.0,
        "correction_triggers": 32.0,
        "stage_transitions": 0.0
      },
      "nsclc": {
        "total_reward": -3.7000000000000006,
        "composite_efficiency": 0.37142857142857144,
        "efficacy": 0.0,
        "safety": 0.0,
        "compliance": 0.5,
        "cost": -0.2,
        "progress": 0.0,
        "correction_triggers": 32.0,
        "stage_transitions": 0.0
      }
    }
  },
  "phase_metrics": {
    "random": {
      "stage1": {
        "composite_efficiency": 0.29533932666346285,
        "support": 48.0
      }
    },
    "heuristic": {
      "stage1": {
        "composite_efficiency": 0.24783971549855935,
        "support": 48.0
      }
    },
    "trained": {
      "stage1": {
        "composite_efficiency": 0.3714285714285716,
        "support": 48.0
      }
    }
  },
  "correction_summary": {
    "random": 26.0,
    "heuristic": 30.333333333333332,
    "trained": 32.0
  },
  "stage_config": {
    "stage1": {
      "name": "stage1",
      "cohort_size": 10,
      "max_weeks": 16,
      "max_adverse_events": 3,
      "max_budget": 150000.0,
      "event_rates": {
        "adverse_event_prob": 0.015,
        "serious_adverse_event_prob": 0.002,
        "dropout_prob": 0.01,
        "recruit_variation": 0.2
      },
      "promotion_mean_reward": 0.25,
      "promotion_window": 20
    },
    "stage2": {
      "name": "stage2",
      "cohort_size": 30,
      "max_weeks": 20,
      "max_adverse_events": 6,
      "max_budget": 450000.0,
      "event_rates": {
        "adverse_event_prob": 0.03,
        "serious_adverse_event_prob": 0.004,
        "dropout_prob": 0.02,
        "recruit_variation": 0.2
      },
      "promotion_mean_reward": 0.35,
      "promotion_window": 20
    },
    "stage3": {
      "name": "stage3",
      "cohort_size": 60,
      "max_weeks": 24,
      "max_adverse_events": 10,
      "max_budget": 900000.0,
      "event_rates": {
        "adverse_event_prob": 0.05,
        "serious_adverse_event_prob": 0.007,
        "dropout_prob": 0.03,
        "recruit_variation": 0.2
      },
      "promotion_mean_reward": 0.45,
      "promotion_window": 20
    }
  }
}