{
  "format_version": 1,
  "policy_type": "linear_softmax",
  "weights": [
    [
      -0.00676649656891818,
      0.0036819859125721962,
      -0.0013809407736364268,
      -0.00022230502695293607,
      0.0,
      -0.005657226932558454,
      -0.005243215497760906,
      0.0025794623312761396,
      -0.0001634303433291215,
      0.003066409422519516,
      -0.015234020604140633,
      -0.00676649656891818,
      0.0,
      0.014672604279524444
    ],
    [
      0.2966611067536129,
      0.021384646053470645,
      -0.0012334605769634497,
      -0.0008939746606404444,
      0.0,
      -0.003380418181982684,
      -0.0029035954158982452,
      0.004882725710482529,
      -2.5291664296257205e-05,
      0.15198845387362186,
      0.003942595100281205,
      0.2966611067536129,
      0.0,
      0.049136768578876514
    ],
    [
      0.5279555992171581,
      0.036730565711181655,
      0.0003138154322220537,
      -0.0006009050776756272,
      0.0,
      0.00038175286371741363,
      0.00043572622001827936,
      0.008130972008262507,
      -6.486416666924411e-05,
      0.2628451789700641,
      0.008545374493570498,
      0.5279555992171581,
      0.0,
      0.07330366564832438
    ],
    [
      -0.02888504900033012,
      0.0018568064601491596,
      0.0006442811744816072,
      -0.00033359925220473937,
      0.0,
      0.0023431832999770636,
      0.0031153826460970707,
      -0.0006536893042016984,
      4.286779757847302e-05,
      -0.0170315404558958,
      0.011664570483500074,
      -0.02888504900033012,
      0.0,
      -0.004808003272674157
    ],
    [
      -0.007853054148660244,
      -0.006186881304514027,
      0.000209904291262049,
      0.0005856356550247025,
      0.0,
      -0.0008726594831228753,
      -0.0014555201604190217,
      -0.0014482061253046938,
      -7.642365731748635e-05,
      -0.004737701426917741,
      -0.002716746781784987,
      -0.007853054148660244,
      0.0,
      -0.0055651080418121
    ],
    [
      -0.6609395031493697,
      -0.04075804782150548,
      -0.0003756795717933695,
      -4.280797208583272e-05,
      0.0,
      -0.0014141125766094938,
      -0.0016040282639808673,
      -0.009969639119649942,
      -2.3334072924925427e-05,
      -0.3288373409961337,
      0.0013081750212956976,
      -0.6609395031493697,
      0.0,
      -0.09840265692328734
    ],
    [
      -0.015030644472022164,
      -0.004512239143371535,
      0.003807255622444707,
      0.003103636437929657,
      0.0,
      0.014468696885592007,
      0.013369150419732313,
      0.0007005369166342877,
      0.0003030795839789428,
      -0.02000399546836456,
      0.021474064009176858,
      -0.015030644472022164,
      0.0,
      -0.003409298619740478
    ],
    [
      -0.062204495258271646,
      -0.008778713511839809,
      -0.0015248442879745234,
      -0.0009605795621691561,
      0.0,
      -0.005817913970990396,
      -0.005076000014752062,
      -0.0013788491584489357,
      -3.3044216563704263e-05,
      -0.025956445685890867,
      -0.01995094564063216,
      -0.062204495258271646,
      0.0,
      -0.013512304789827916
    ],
    [
      -0.04293746337319386,
      -0.003418122356142071,
      -0.00046033131004264154,
      -0.0006351005412256344,
      0.0,
      -5.1301904022595216e-05,
      -0.0006378999330365094,
      -0.0028433132590501785,
      4.044073954332121e-05,
      -0.021333018233000402,
      -0.00903306608126669,
      -0.04293746337319386,
      0.0,
      -0.011415666859383123
    ]
  ],
  "action_library": [
    {
      "type": "recruit",
      "magnitude": 1.0
    },
    {
      "type": "recruit",
      "magnitude": 2.0
    },
    {
      "type": "recruit",
      "magnitude": 3.0
    },
    {
      "type": "adjust_dose",
      "magnitude": -0.1
    },
    {
      "type": "adjust_dose",
      "magnitude": 0.1
    },
    {
      "type": "hold_enrollment",
      "magnitude": 0.0
    },
    {
      "type": "file_interim_report",
      "magnitude": 0.0
    },
    {
      "type": "implement_amendment",
      "magnitude": 0.0
    },
    {
      "type": "noop",
      "magnitude": 0.0
    }
  ],
  "metadata": {
    "algorithm": "grouped_relative_policy_optimization",
    "seed": 17,
    "steps_ran": 15000,
    "last_mean_reward": -1.245861769829526,
    "resume_from_checkpoint": null
  }
}