{
  "format_version": 1,
  "policy_type": "linear_softmax",
  "weights": [
    [
      -0.013067746216358105,
      -0.007022134425675115,
      -0.001207639719352255,
      -0.00032002348754455427,
      -0.0003076967833428025,
      -0.005589779996291351,
      2.09507682319277e-05,
      -0.002356945333803037,
      -0.003007573929447485,
      -0.001147033745410038,
      -0.012356211656687856
    ],
    [
      0.014730029518203076,
      0.007133500283611185,
      0.01080240650875215,
      0.010002650699914474,
      0.00037762907746085635,
      0.0006146609529487484,
      2.2758553454311055e-05,
      0.00449733216768571,
      0.0029938087105614965,
      0.00319368209835456,
      -0.0005107948909774241
    ],
    [
      0.032201168464139306,
      0.011643587568563771,
      0.014988074900199027,
      0.014516644025755426,
      -8.332906162856744e-05,
      0.001244394061859855,
      4.997046229809156e-06,
      0.0071196106713445105,
      0.004706572299045231,
      0.008445534905777593,
      0.0017362413399882987
    ],
    [
      -0.004999553474404454,
      -0.0017904973970710033,
      -0.0015483998725568467,
      -0.0019052837378462381,
      0.00027714954109967746,
      0.0009375740386302564,
      -3.391617243047569e-05,
      -0.0007596905742399533,
      -0.000518732199899846,
      -0.0018525429977119371,
      -0.0004130203978497208
    ],
    [
      0.0022798911954743,
      -0.0002085731323989595,
      -0.0020606291295711615,
      -0.0019243255604257548,
      -5.547287241609944e-05,
      -0.00010525477881492547,
      -2.503232673644515e-05,
      -0.0010101340429996908,
      -0.0002253869708283883,
      0.0007540530663255521,
      0.0017601085352585892
    ],
    [
      -0.009623738353554073,
      -0.0035918388913511808,
      -0.009884149258296487,
      -0.010026087845805541,
      0.0001809757508759902,
      0.001482393054898083,
      -1.2070164950100316e-05,
      -0.0032409319955607335,
      -0.0017728014959473228,
      -0.0012607525535892551,
      0.007421578364008965
    ],
    [
      0.000766287351013167,
      0.0010424411438718798,
      -0.00172278249613906,
      -0.0015365554562956755,
      -3.2377789998272256e-05,
      0.0009422832971923319,
      -2.94663719739403e-06,
      -0.0003859461055623584,
      0.0002481262305843644,
      -8.586370897076406e-05,
      0.005259289081821359
    ],
    [
      -0.02112791739375354,
      -0.006969270797020377,
      -0.0070302256499564855,
      -0.006477399039919875,
      -0.0002756782192932425,
      0.00025245925152733744,
      5.345398596353566e-06,
      -0.003194209844668225,
      -0.00226644002385776,
      -0.007529350985529393,
      -0.006674950377668216
    ],
    [
      -0.001158421090759464,
      -0.00023721435253014187,
      -0.002336655283079169,
      -0.002329619597832417,
      -8.119964275753802e-05,
      0.00022127011804968038,
      1.9913534802013723e-05,
      -0.0006690849421961358,
      -0.00015757262021035497,
      -0.0005177260792463488,
      0.0037777600021060426
    ]
  ],
  "action_library": [
    {
      "type": "recruit",
      "magnitude": 1.0
    },
    {
      "type": "recruit",
      "magnitude": 2.0
    },
    {
      "type": "recruit",
      "magnitude": 3.0
    },
    {
      "type": "adjust_dose",
      "magnitude": -0.1
    },
    {
      "type": "adjust_dose",
      "magnitude": 0.1
    },
    {
      "type": "hold_enrollment",
      "magnitude": 0.0
    },
    {
      "type": "file_interim_report",
      "magnitude": 0.0
    },
    {
      "type": "implement_amendment",
      "magnitude": 0.0
    },
    {
      "type": "noop",
      "magnitude": 0.0
    }
  ],
  "metadata": {
    "algorithm": "grouped_relative_policy_optimization",
    "seed": 17,
    "steps_ran": 500,
    "last_mean_reward": -3.042243861607143
  }
}