{
  "format_version": 1,
  "policy_type": "linear_softmax",
  "weights": [
    [
      -0.020128819041718312,
      -0.006353617284188622,
      -0.0008445057844106492,
      -5.250031291491026e-05,
      0.0,
      -0.0033205449265927495,
      -0.003208124154251425,
      -0.0009590687395652851,
      -0.0003426983319704391,
      -0.0057601284844441165,
      -0.007681132258072277,
      -0.020128819041718312,
      0.0,
      -0.004349490980320621
    ],
    [
      0.0628997915457261,
      0.007073160373412076,
      -3.0365184657520372e-05,
      -3.925491812166563e-05,
      0.0,
      0.0007691333234992562,
      -2.638742319663823e-05,
      0.001506079670499926,
      0.0001059865327463692,
      0.03145454721960726,
      0.004617585600647017,
      0.0628997915457261,
      0.0,
      0.014537235830389182
    ],
    [
      0.09534950862345097,
      0.00907147663548329,
      0.0004782004732673156,
      0.0001585785296272713,
      0.0,
      0.002577599563081966,
      0.002164015497500268,
      0.002495674075649394,
      0.0002767939714835146,
      0.04544955087444771,
      0.005138339985326438,
      0.09534950862345097,
      0.0,
      0.02104156816809839
    ],
    [
      0.0074530503009533865,
      0.003587447558840107,
      0.0002479405443624101,
      8.71115926945627e-05,
      0.0,
      -0.00010220516838511889,
      0.00010578799276482122,
      0.00037027492195695693,
      -2.8240644978353912e-05,
      0.0026542965942734117,
      0.00675995036785121,
      0.0074530503009533865,
      0.0,
      0.0017327004910871972
    ],
    [
      -0.0026925248096253294,
      -0.0026651041919984204,
      -0.00013253413113714977,
      -0.00012171236792107818,
      0.0,
      -0.00047051021742224177,
      -0.00041867710399794703,
      -0.0003001518993013486,
      -2.5756532033360505e-05,
      -0.0007957476915667134,
      -0.0024207460111146184,
      -0.0026925248096253294,
      0.0,
      -0.0012237931237994977
    ],
    [
      -0.12299546587493151,
      -0.007759770899504231,
      0.0003068403523866032,
      0.0001883035526037074,
      0.0,
      0.0010208304093921416,
      0.000829008933422006,
      -0.0020760750427587485,
      5.8804321172714015e-05,
      -0.06249328708301908,
      0.0013647666732063371,
      -0.12299546587493151,
      0.0,
      -0.02464761377094679
    ],
    [
      0.0030375014778974193,
      0.0019022295368033638,
      0.0004657903005774631,
      0.00018027289989345127,
      0.0,
      0.002035405190610685,
      0.0029760538376320087,
      9.418228632373551e-05,
      0.00017657654934254285,
      -0.0005748489802452324,
      0.005553835071864073,
      0.0030375014778974193,
      0.0,
      -4.663119780932301e-05
    ],
    [
      -0.020116955251372977,
      -0.005539450555075235,
      -0.0005069192171132565,
      -0.0003780017874718842,
      0.0,
      -0.0025264504533688372,
      -0.0023090748667892085,
      -0.000687507339951764,
      -0.00023303549192015737,
      -0.00801967826320943,
      -0.013131460403111058,
      -0.020116955251372977,
      0.0,
      -0.006212165755146812
    ],
    [
      -0.0028060869703795373,
      0.0006836288262279006,
      1.555264672478186e-05,
      -2.2797188389454876e-05,
      0.0,
      1.6742279184860577e-05,
      -0.000112602713083908,
      -0.0004434079328528757,
      1.1569626157166894e-05,
      -0.0019147041858439712,
      -0.00020113902659714303,
      -0.0028060869703795373,
      0.0,
      -0.0008318096615517657
    ]
  ],
  "action_library": [
    {
      "type": "recruit",
      "magnitude": 1.0
    },
    {
      "type": "recruit",
      "magnitude": 2.0
    },
    {
      "type": "recruit",
      "magnitude": 3.0
    },
    {
      "type": "adjust_dose",
      "magnitude": -0.1
    },
    {
      "type": "adjust_dose",
      "magnitude": 0.1
    },
    {
      "type": "hold_enrollment",
      "magnitude": 0.0
    },
    {
      "type": "file_interim_report",
      "magnitude": 0.0
    },
    {
      "type": "implement_amendment",
      "magnitude": 0.0
    },
    {
      "type": "noop",
      "magnitude": 0.0
    }
  ],
  "metadata": {
    "algorithm": "grouped_relative_policy_optimization",
    "seed": 17,
    "steps_ran": 2000,
    "last_mean_reward": -2.8688903303334,
    "resume_from_checkpoint": null,
    "iteration": 2,
    "benchmark_previous": {
      "episodes": 12,
      "policies": [
        "random",
        "heuristic",
        "trained"
      ]
    },
    "disease_metrics": {
      "random": {
        "type2_diabetes": {
          "total_reward": -1.4636011147052372,
          "composite_efficiency": 0.2764769716381783,
          "efficacy": 0.17901527205548326,
          "safety": -0.75,
          "compliance": -0.7,
          "cost": -0.255,
          "progress": 0.1213235294117647,
          "correction_triggers": 7.75,
          "stage_transitions": 0.0
        },
        "hypertension": {
          "total_reward": -2.8655515958825024,
          "composite_efficiency": 0.2500548365529594,
          "efficacy": 0.2609400772288191,
          "safety": -0.75,
          "compliance": -0.7,
          "cost": -0.735,
          "progress": 0.055723622782446317,
          "correction_triggers": 14.0,
          "stage_transitions": 0.0
        },
        "nsclc": {
          "total_reward": -2.3680542380844742,
          "composite_efficiency": 0.29269954011117383,
          "efficacy": 0.08408673175860883,
          "safety": -0.5,
          "compliance": -0.4,
          "cost": -0.263125,
          "progress": 0.07137254901960785,
          "correction_triggers": 11.75,
          "stage_transitions": 0.0
        }
      },
      "heuristic": {
        "type2_diabetes": {
          "total_reward": -0.50839254155073,
          "composite_efficiency": 0.24909998304051836,
          "efficacy": 0.23244988128362853,
          "safety": -1.0,
          "compliance": -1.0,
          "cost": -0.2175,
          "progress": 0.12,
          "correction_triggers": 2.0,
          "stage_transitions": 0.0
        },
        "hypertension": {
          "total_reward": -0.8666626561275919,
          "composite_efficiency": 0.2669103374334948,
          "efficacy": 0.26361095839989584,
          "safety": -1.0,
          "compliance": -1.0,
          "cost": -0.230625,
          "progress": 0.12,
          "correction_triggers": 3.5,
          "stage_transitions": 0.0
        },
        "nsclc": {
          "total_reward": -0.5330464580566001,
          "composite_efficiency": 0.23903715997689795,
          "efficacy": 0.1620101198382856,
          "safety": -1.0,
          "compliance": -1.0,
          "cost": -0.2175,
          "progress": 0.12,
          "correction_triggers": 2.0,
          "stage_transitions": 0.0
        }
      },
      "trained": {
        "type2_diabetes": {
          "total_reward": -0.50839254155073,
          "composite_efficiency": 0.24909998304051836,
          "efficacy": 0.23244988128362853,
          "safety": -1.0,
          "compliance": -1.0,
          "cost": -0.2175,
          "progress": 0.12,
          "correction_triggers": 2.0,
          "stage_transitions": 0.0
        },
        "hypertension": {
          "total_reward": -0.8766700464910487,
          "composite_efficiency": 0.2526140654856994,
          "efficacy": 0.26361095839989584,
          "safety": -1.0,
          "compliance": -1.0,
          "cost": -0.230625,
          "progress": 0.12,
          "correction_triggers": 3.5,
          "stage_transitions": 0.0
        },
        "nsclc": {
          "total_reward": -0.5330464580566001,
          "composite_efficiency": 0.23903715997689795,
          "efficacy": 0.1620101198382856,
          "safety": -1.0,
          "compliance": -1.0,
          "cost": -0.2175,
          "progress": 0.12,
          "correction_triggers": 2.0,
          "stage_transitions": 0.0
        }
      }
    },