{
  "format_version": 1,
  "policy_type": "linear_softmax",
  "weights": [
    [
      0.012993123308897249,
      0.0025539812484293017,
      -8.771305982608971e-05,
      -8.655440188997286e-05,
      0.0,
      -0.0005813807214107507,
      -0.0005033592847410296,
      0.0004031080408109873,
      -2.8945061448940795e-06,
      0.0068946829802390775,
      0.0009022341946957807,
      0.012993123308897249,
      0.0,
      0.002954587140520059
    ],
    [
      0.01861978451251406,
      0.0019687490422606478,
      -5.075463995053574e-05,
      -8.250162525457496e-05,
      0.0,
      -1.858772642310297e-05,
      7.918012513253798e-05,
      0.0004770577329626699,
      5.293592135127122e-06,
      0.009378053932441809,
      0.0011084548520521526,
      0.01861978451251406,
      0.0,
      0.003438988599564412
    ],
    [
      0.02189169178223136,
      -4.7844254383671515e-05,
      0.00011987171484097768,
      -2.3514835499874088e-05,
      0.0,
      0.0002641539473068589,
      0.00030389011614873865,
      0.00023378015798972986,
      9.08024139314925e-06,
      0.01048427866062566,
      -0.0023808770319449293,
      0.02189169178223136,
      0.0,
      0.002861475901741825
    ],
    [
      0.007422647309436292,
      0.004487021730360247,
      -3.011921124195204e-05,
      -7.410605630605082e-05,
      0.0,
      0.00013354614930762503,
      0.00013465401793008998,
      0.0002528071472157935,
      9.425026840150101e-06,
      0.0037942409539684268,
      0.006615871461702413,
      0.007422647309436292,
      0.0,
      0.002124981194624705
    ],
    [
      -0.004020396474372644,
      -0.0027848460529105597,
      -0.00012627314166520579,
      7.962040136461277e-05,
      0.0,
      -0.0005993810122404485,
      -0.0006108626824086548,
      -0.0005344868708725795,
      -2.5322260859557655e-05,
      -0.0012243161590323416,
      -0.00537350006841182,
      -0.004020396474372644,
      0.0,
      -0.0014742834194523514
    ],
    [
      -0.04784391037051644,
      -0.0017024530484330079,
      4.395690799080334e-05,
      6.49377999765328e-05,
      0.0,
      0.00035507959753293216,
      0.00045137219778389957,
      -0.0005520899641298314,
      8.877668380344655e-06,
      -0.02419372236237378,
      0.0032239741391687717,
      -0.04784391037051644,
      0.0,
      -0.0070671870896448635
    ],
    [
      0.002753947633943752,
      0.00029408829416399505,
      0.0003047427581958315,
      0.00021880416735402716,
      0.0,
      0.0011733257759826221,
      0.0011950179627147842,
      0.0003717663517500391,
      1.3715948645432722e-05,
      0.00022846626747692486,
      0.0024007533515282677,
      0.002753947633943752,
      0.0,
      0.00012101098750760925
    ],
    [
      -0.0023868846519103613,
      -0.0011904992093337123,
      -0.00012252454797867033,
      -0.00014323906026313037,
      0.0,
      -0.000530832307221549,
      -0.0006081678669337174,
      -1.20350487372553e-06,
      -3.9838567138086286e-06,
      -0.0008445518783478507,
      -0.00011647404207255855,
      -0.0023868846519103613,
      0.0,
      -0.00047996166452128115
    ],
    [
      -0.009430003050223242,
      -0.003578197750153251,
      -5.1186780365158636e-05,
      4.6553610518430556e-05,
      0.0,
      -0.00019592370283418617,
      -0.0004417245856266479,
      -0.0006507390908530898,
      -1.4191853675943527e-05,
      -0.004517132394997893,
      -0.00638043685671809,
      -0.009430003050223242,
      0.0,
      -0.0024796116503401147
    ]
  ],
  "action_library": [
    {
      "type": "recruit",
      "magnitude": 1.0
    },
    {
      "type": "recruit",
      "magnitude": 2.0
    },
    {
      "type": "recruit",
      "magnitude": 3.0
    },
    {
      "type": "adjust_dose",
      "magnitude": -0.1
    },
    {
      "type": "adjust_dose",
      "magnitude": 0.1
    },
    {
      "type": "hold_enrollment",
      "magnitude": 0.0
    },
    {
      "type": "file_interim_report",
      "magnitude": 0.0
    },
    {
      "type": "implement_amendment",
      "magnitude": 0.0
    },
    {
      "type": "noop",
      "magnitude": 0.0
    }
  ],
  "metadata": {
    "step": 500,
    "mean_reward": -2.033799666941437,
    "resume_from_checkpoint": null
  }
}