{
  "format_version": 1,
  "policy_type": "linear_softmax",
  "weights": [
    [
      0.02934643670396582,
      0.0012737177564082953,
      -0.00037290756772814126,
      6.918865617018263e-05,
      0.0,
      -0.002011878851387053,
      -0.0019600535037061027,
      0.0006015647464452313,
      -6.821043370901731e-05,
      0.016716164482068745,
      -0.004311985050384327,
      0.02934643670396582,
      0.0,
      0.007316578273301132
    ],
    [
      0.06600107338763035,
      0.008288434422691353,
      -0.0004925189468413656,
      -0.0002289111093817016,
      0.0,
      -0.0024122531850955657,
      -0.0019703414256217254,
      0.0019810712701111297,
      -8.775397977246765e-05,
      0.034566346815020355,
      0.003459772002874291,
      0.06600107338763035,
      0.0,
      0.01172416712141364
    ],
    [
      0.07817465900911111,
      0.003807008791466739,
      0.00044380198494338934,
      -5.810690725066593e-05,
      0.0,
      0.002062999968381437,
      0.002025526701508488,
      0.0013403415028070363,
      5.958926568804092e-05,
      0.037220931098415115,
      0.0015235504834087545,
      0.07817465900911111,
      0.0,
      0.0117121968510366
    ],
    [
      0.007010990628365801,
      0.006585470417053619,
      8.785937993668251e-05,
      -0.000149593969225864,
      0.0,
      0.0010663099799403536,
      0.0009584311357566471,
      0.0004711343911993658,
      4.305754093835216e-05,
      0.002758502895814544,
      0.011427117318073922,
      0.007010990628365801,
      0.0,
      0.002574823414529204
    ],
    [
      0.0027333819668253407,
      -0.0025455679416420437,
      -0.00012098736334038584,
      0.0002496000221827952,
      0.0,
      -0.0007444387381450697,
      -0.0007744066121321119,
      -0.0008358202147133672,
      -1.8954956838418e-05,
      0.0022784177146832735,
      -0.002259571371493956,
      0.0027333819668253407,
      0.0,
      -0.0004468632212166729
    ],
    [
      -0.1527710984615583,
      -0.00972804730068617,
      0.00014094160893868686,
      -1.7964581130580732e-05,
      0.0,
      0.0010033068478975935,
      0.0008874640974618955,
      -0.0025824223532598567,
      4.0190284192914434e-05,
      -0.07719374729712623,
      0.0032003926645655482,
      -0.1527710984615583,
      0.0,
      -0.02488826420761854
    ],
    [
      -0.001152123007263508,
      -7.395663824963901e-05,
      0.0007514857756692072,
      0.0003931067045241374,
      0.0,
      0.0032723584562470904,
      0.0031264402467981378,
      0.0006527310928777602,
      7.914888512795381e-05,
      -0.003595759417792405,
      0.0043142746935321335,
      -0.001152123007263508,
      0.0,
      -0.0007133735896641829
    ],
    [
      -0.016527363473665145,
      -0.0013509344703635734,
      -0.00038549276363303075,
      -0.0002926698646423678,
      0.0,
      -0.0019661829955083874,
      -0.0017115128554415517,
      0.0002637608316734627,
      -1.9406601831670356e-05,
      -0.0068000906639800775,
      -0.0063848202995676505,
      -0.016527363473665145,
      0.0,
      -0.003464411603257474
    ],
    [
      -0.012815956753410912,
      -0.006256125036678467,
      -5.218210794503879e-05,
      3.5351048754064046e-05,
      0.0,
      -0.00027022148233038946,
      -0.000581547784623671,
      -0.001892361267140752,
      -2.766000379568748e-05,
      -0.005950765627103266,
      -0.010968730441008875,
      -0.012815956753410912,
      0.0,
      -0.003814853038523693
    ]
  ],
  "action_library": [
    {
      "type": "recruit",
      "magnitude": 1.0
    },
    {
      "type": "recruit",
      "magnitude": 2.0
    },
    {
      "type": "recruit",
      "magnitude": 3.0
    },
    {
      "type": "adjust_dose",
      "magnitude": -0.1
    },
    {
      "type": "adjust_dose",
      "magnitude": 0.1
    },
    {
      "type": "hold_enrollment",
      "magnitude": 0.0
    },
    {
      "type": "file_interim_report",
      "magnitude": 0.0
    },
    {
      "type": "implement_amendment",
      "magnitude": 0.0
    },
    {
      "type": "noop",
      "magnitude": 0.0
    }
  ],
  "metadata": {
    "step": 1700,
    "mean_reward": -3.867252665550395,
    "resume_from_checkpoint": null
  }
}