{
  "format_version": 1,
  "policy_type": "linear_softmax",
  "weights": [
    [
      0.04192579587796175,
      0.0012102418146144574,
      -0.0009543355127289092,
      -7.759869941128784e-05,
      0.0,
      -0.004342345141364438,
      -0.004345074299599757,
      0.0018797116558284172,
      -0.00012955316792489735,
      0.025851276062695043,
      -0.017406298640642262,
      0.04192579587796175,
      0.0,
      0.01576786379397326
    ],
    [
      0.21371290519071534,
      0.018461332459134963,
      -0.0010581620139209305,
      -0.0005472110689816575,
      0.0,
      -0.002997783934175234,
      -0.002627990175120597,
      0.0037704090879806824,
      -5.613625474730145e-05,
      0.1096722455468727,
      0.0032006890926972774,
      0.21371290519071534,
      0.0,
      0.03629840191344289
    ],
    [
      0.3227328719855737,
      0.025894952397151238,
      0.0006140012405621017,
      -0.00022766296677084565,
      0.0,
      0.002341236054462299,
      0.002498777439027704,
      0.005699436965284948,
      5.784125364837461e-05,
      0.15857847783232018,
      0.016071515527951916,
      0.3227328719855737,
      0.0,
      0.04951405106889785
    ],
    [
      -0.01350954308921459,
      0.0028329735755320893,
      0.0004876306063114276,
      -9.453829934989533e-05,
      0.0,
      0.0014881952188346074,
      0.0021634030801849554,
      -0.0003865784176767503,
      2.2259576878727576e-05,
      -0.008187268290192963,
      0.012195695161477895,
      -0.01350954308921459,
      0.0,
      -0.0017730857199640892
    ],
    [
      -0.004442938840886915,
      -0.0059132259370465725,
      0.00042762786455239206,
      0.0002771912102814499,
      0.0,
      0.001247522872910532,
      0.000490187376327011,
      -0.001258907582810158,
      3.120968980305838e-05,
      -0.004450575583140692,
      -0.004906208654383847,
      -0.004442938840886915,
      0.0,
      -0.004524976581558132
    ],
    [
      -0.48121174085213264,
      -0.0323389598611326,
      -0.0003616051589929346,
      -8.154144402814225e-05,
      0.0,
      -0.0014545870309447897,
      -0.0013624301210466792,
      -0.0079316417487026,
      -4.264006866577723e-05,
      -0.23915621353042404,
      0.0016678157386716477,
      -0.48121174085213264,
      0.0,
      -0.07484557501025027
    ],
    [
      -0.00810572095084736,
      -0.002009690400211106,
      0.0019528256375251469,
      0.0015933555488388494,
      0.0,
      0.007938866488283394,
      0.007464694806496606,
      0.0007355178410574433,
      0.00017367224662322086,
      -0.010639261394270273,
      0.015387602972436111,
      -0.00810572095084736,
      0.0,
      -0.002289026424729733
    ],
    [
      -0.04710744847348124,
      -0.007677290774161989,
      -0.0010896928640667979,
      -0.0007171672693900167,
      0.0,
      -0.004376501260984939,
      -0.004199041522058429,
      -0.0006382879226319305,
      -4.353983580982005e-05,
      -0.019626858573859724,
      -0.022083046851209334,
      -0.04710744847348124,
      0.0,
      -0.01147492449012838
    ],
    [
      -0.02399418084769127,
      -0.0004603332738812872,
      -1.8289799241482317e-05,
      -0.00012482701118845816,
      0.0,
      0.00015539673297851775,
      -8.252658421077694e-05,
      -0.0018696598783300778,
      -1.3113439805586203e-05,
      -0.012041822070002444,
      -0.004127764346999909,
      -0.02399418084769127,
      0.0,
      -0.006672728549681513
    ]
  ],
  "action_library": [
    {
      "type": "recruit",
      "magnitude": 1.0
    },
    {
      "type": "recruit",
      "magnitude": 2.0
    },
    {
      "type": "recruit",
      "magnitude": 3.0
    },
    {
      "type": "adjust_dose",
      "magnitude": -0.1
    },
    {
      "type": "adjust_dose",
      "magnitude": 0.1
    },
    {
      "type": "hold_enrollment",
      "magnitude": 0.0
    },
    {
      "type": "file_interim_report",
      "magnitude": 0.0
    },
    {
      "type": "implement_amendment",
      "magnitude": 0.0
    },
    {
      "type": "noop",
      "magnitude": 0.0
    }
  ],
  "metadata": {
    "step": 8000,
    "mean_reward": -1.874445422890067,
    "resume_from_checkpoint": null
  }
}