{
  "format_version": 1,
  "policy_type": "linear_softmax",
  "weights": [
    [
      0.01994860374486196,
      0.0015974444746155623,
      -0.0002553642956366574,
      -6.632762481041787e-05,
      0.0,
      -0.0012140127625957467,
      -0.0012286916494514194,
      0.0001621853650343765,
      -2.521820435755452e-05,
      0.011190496038276583,
      -0.0007133858803192693,
      0.01994860374486196,
      0.0,
      0.0046850703059524565
    ],
    [
      0.04039790662173749,
      0.007987928723490145,
      -0.00011421562232147834,
      -0.00016662122229047145,
      0.0,
      -0.00040086007743000556,
      -5.81990027639271e-05,
      0.0014463007591706243,
      -3.070035181861772e-06,
      0.020404714017473253,
      0.006139247500778362,
      0.04039790662173749,
      0.0,
      0.007668150513451879
    ],
    [
      0.0412509880256071,
      0.0013727711181306227,
      0.0001385585223313992,
      -5.757152860096029e-05,
      0.0,
      0.00032432425602480825,
      0.0003045564346849505,
      0.0009064521715134282,
      8.92162851515515e-06,
      0.020099871215791574,
      -0.0013622737590740298,
      0.0412509880256071,
      0.0,
      0.005954691376655008
    ],
    [
      0.005481942429517173,
      0.003861884879607426,
      -1.3604444648061989e-05,
      -5.487779110468498e-05,
      0.0,
      0.0004403802614322119,
      0.000348496976315073,
      0.00045817946431877616,
      1.741015744799092e-05,
      0.0026194948112055064,
      0.006761735379725959,
      0.005481942429517173,
      0.0,
      0.001834308036164963
    ],
    [
      -0.00588763201158195,
      -0.003800807099574297,
      -2.1805179277235054e-05,
      0.00012193977895044295,
      0.0,
      -0.00025934727279791354,
      -0.00024193891035382813,
      -0.0009757197072077169,
      -2.1765861157674862e-05,
      -0.002668924916405942,
      -0.005851738933164994,
      -0.00588763201158195,
      0.0,
      -0.0021552580097869366
    ],
    [
      -0.08889454575489936,
      -0.006204253353513453,
      5.827766306660148e-05,
      0.00011144886074654562,
      0.0,
      0.00037157417053680034,
      0.0003668405358253149,
      -0.0013769183969651938,
      1.4713284113393762e-05,
      -0.0446601329850371,
      0.0001754575189271023,
      -0.08889454575489936,
      0.0,
      -0.014686016017934544
    ],
    [
      0.0023965028281556426,
      3.142487082606083e-05,
      0.0005056019860644926,
      0.00029596222060051554,
      0.0,
      0.0022584598229259054,
      0.0022352185950370103,
      0.0003139113597232875,
      4.006803104351532e-05,
      -0.0008226909727834744,
      0.002252801769246432,
      0.0023965028281556426,
      0.0,
      -0.00017645976796667174
    ],
    [
      -0.00406566926653005,
      -0.0004206597862852049,
      -0.00018025774779607923,
      -0.00019343704120527964,
      0.0,
      -0.0011097404231585391,
      -0.001167922595741635,
      9.441624840640894e-05,
      -1.8477196220988798e-05,
      -0.0013195691515919547,
      -0.000246722048632035,
      -0.00406566926653005,
      0.0,
      -0.0006644985634082014
    ],
    [
      -0.01062809661686785,
      -0.004425733827296864,
      -0.00011719088178297997,
      9.484347714309952e-06,
      0.0,
      -0.0004107779749375177,
      -0.0005583603835515366,
      -0.0010288072639940036,
      -1.25818042019753e-05,
      -0.004843258056928397,
      -0.0071551215474875704,
      -0.01062809661686785,
      0.0,
      -0.002459987873127975
    ]
  ],
  "action_library": [
    {
      "type": "recruit",
      "magnitude": 1.0
    },
    {
      "type": "recruit",
      "magnitude": 2.0
    },
    {
      "type": "recruit",
      "magnitude": 3.0
    },
    {
      "type": "adjust_dose",
      "magnitude": -0.1
    },
    {
      "type": "adjust_dose",
      "magnitude": 0.1
    },
    {
      "type": "hold_enrollment",
      "magnitude": 0.0
    },
    {
      "type": "file_interim_report",
      "magnitude": 0.0
    },
    {
      "type": "implement_amendment",
      "magnitude": 0.0
    },
    {
      "type": "noop",
      "magnitude": 0.0
    }
  ],
  "metadata": {
    "step": 900,
    "mean_reward": -3.9739393861728165,
    "resume_from_checkpoint": null
  }
}