{
  "format_version": 1,
  "policy_type": "linear_softmax",
  "weights": [
    [
      0.01816027413927993,
      0.00016204090745014504,
      -0.0008801407100052801,
      -7.602430126085623e-05,
      0.0,
      -0.0037044571966806366,
      -0.0036296447136468673,
      0.0020560501221801057,
      -0.0001385753995211077,
      0.013460932442549717,
      -0.021580915141051135,
      0.01816027413927993,
      0.0,
      0.013949477843521995
    ],
    [
      0.25370040063479604,
      0.020424317009430593,
      -0.0011850628641539873,
      -0.0006405098892853107,
      0.0,
      -0.003383778587622422,
      -0.002989247490100899,
      0.004460378152538178,
      -6.58040320325561e-05,
      0.13028118235643116,
      0.0028013101035568116,
      0.25370040063479604,
      0.0,
      0.042186880284764756
    ],
    [
      0.40938200563828303,
      0.03276860164820417,
      0.0004422927738771075,
      -0.0004637485726976831,
      0.0,
      0.002180853966941601,
      0.0022394564068726895,
      0.007362402990418293,
      3.510368059095666e-05,
      0.20310644603998015,
      0.01793276776340997,
      0.40938200563828303,
      0.0,
      0.06082056601631681
    ],
    [
      -0.020565514147641416,
      0.0025094119333279896,
      0.00069395651200012,
      -0.00040072837600020725,
      0.0,
      0.0020493670670275205,
      0.003089090794094115,
      -3.763232625110709e-05,
      3.924602883799943e-05,
      -0.012966571719750169,
      0.010565572185092234,
      -0.020565514147641416,
      0.0,
      -0.003943931974740825
    ],
    [
      0.0013047042210727088,
      -0.002534502115031014,
      0.0005936113507786741,
      0.000604270558163792,
      0.0,
      0.0012165913603302872,
      0.0003128577291146445,
      -0.0013504600615096107,
      9.978361036462196e-06,
      -0.0017099842930088133,
      0.0027746925256931123,
      0.0013047042210727088,
      0.0,
      -0.002597814553144373
    ],
    [
      -0.5604944428111849,
      -0.03574246315317797,
      -0.0003723107931122565,
      -0.00012335458961905743,
      0.0,
      -0.001717530073130026,
      -0.0016974826369633626,
      -0.008931289291862753,
      -4.1787170095137816e-05,
      -0.2791078422027477,
      0.002403428004314282,
      -0.5604944428111849,
      0.0,
      -0.08527907150005366
    ],
    [
      -0.015784682364859675,
      -0.007820531911742232,
      0.0024062612339419117,
      0.0021766171060698743,
      0.0,
      0.009288688621377928,
      0.008573952663649978,
      3.9567115794267975e-05,
      0.00020417895187907384,
      -0.015671380265752936,
      0.011601553223317625,
      -0.015784682364859675,
      0.0,
      -0.004388583463134293
    ],
    [
      -0.04920365352439221,
      -0.005880643232590263,
      -0.0010620150742684748,
      -0.0006926593786197628,
      0.0,
      -0.004452806399111136,
      -0.004257232251145675,
      -0.0007690085222568187,
      -2.8536778040511506e-05,
      -0.02091404107675304,
      -0.016854624994440782,
      -0.04920365352439221,
      0.0,
      -0.010887205720716242
    ],
    [
      -0.03649909178534856,
      -0.0038862310858715785,
      -0.0006365924290578023,
      -0.0003838625567507979,
      0.0,
      -0.0014769287591331545,
      -0.001641750501874533,
      -0.0028300081790505554,
      -1.380364265518082e-05,
      -0.016478741280946174,
      -0.00964378366989279,
      -0.03649909178534856,
      0.0,
      -0.009860316932812994
    ]
  ],
  "action_library": [
    {
      "type": "recruit",
      "magnitude": 1.0
    },
    {
      "type": "recruit",
      "magnitude": 2.0
    },
    {
      "type": "recruit",
      "magnitude": 3.0
    },
    {
      "type": "adjust_dose",
      "magnitude": -0.1
    },
    {
      "type": "adjust_dose",
      "magnitude": 0.1
    },
    {
      "type": "hold_enrollment",
      "magnitude": 0.0
    },
    {
      "type": "file_interim_report",
      "magnitude": 0.0
    },
    {
      "type": "implement_amendment",
      "magnitude": 0.0
    },
    {
      "type": "noop",
      "magnitude": 0.0
    }
  ],
  "metadata": {
    "step": 10700,
    "mean_reward": -1.6542222539070957,
    "resume_from_checkpoint": null
  }
}