{
  "format_version": 1,
  "policy_type": "linear_softmax",
  "weights": [
    [
      0.040363371111201994,
      0.0014157018555621562,
      -0.0010044358164791433,
      -7.641164653726937e-05,
      0.0,
      -0.004689754159374329,
      -0.00469796611771998,
      0.0018582808950675376,
      -0.00014891977745707768,
      0.02534597415411898,
      -0.017411537875578385,
      0.040363371111201994,
      0.0,
      0.01564216034480193
    ],
    [
      0.2209290833659353,
      0.020469377531993238,
      -0.0010038624317308183,
      -0.0005481253758992447,
      0.0,
      -0.002788242041384883,
      -0.002414975234937024,
      0.0042209363277558275,
      -4.104723664003647e-05,
      0.1129232063770356,
      0.006273338569696948,
      0.2209290833659353,
      0.0,
      0.037769560255432835
    ],
    [
      0.3290120095544062,
      0.02565237408360916,
      0.0006449539547718086,
      -0.00019724013814334458,
      0.0,
      0.0025409275774981913,
      0.002716282957141942,
      0.005670673594292785,
      6.104420897200425e-05,
      0.1616014758845687,
      0.01590976307305664,
      0.3290120095544062,
      0.0,
      0.050169567394263044
    ],
    [
      -0.013340780312616587,
      0.0025069369208599074,
      0.0004586248824429634,
      -0.00013700448190499633,
      0.0,
      0.0014226109471268454,
      0.0021154603002187015,
      -0.0004353237746213986,
      2.5528356371754077e-05,
      -0.008072364081087904,
      0.012453751219074246,
      -0.013340780312616587,
      0.0,
      -0.001674646049739172
    ],
    [
      -0.006059326306932917,
      -0.006332575487442963,
      0.000324489445951204,
      0.0002957668589568081,
      0.0,
      0.0007717804957722035,
      4.903860051225647e-06,
      -0.0012375222630420974,
      2.10716564301e-05,
      -0.004760407440746145,
      -0.006032169535450392,
      -0.006059326306932917,
      0.0,
      -0.004945964528166977
    ],
    [
      -0.487418461741974,
      -0.03261810569306887,
      -0.0003254993266577604,
      -8.558116063653605e-05,
      0.0,
      -0.0013944370038459998,
      -0.0013022401177941309,
      -0.007920100980522976,
      -4.0385439953714885e-05,
      -0.24243479967385545,
      0.0019661278517193325,
      -0.487418461741974,
      0.0,
      -0.07566497110825114
    ],
    [
      -0.012767107403493528,
      -0.003969128284963086,
      0.0018763851072432225,
      0.0015915748502900997,
      0.0,
      0.007689867957060567,
      0.007209715308389858,
      0.00048080278055657907,
      0.00016297158964764924,
      -0.012549659978068946,
      0.011831814482643536,
      -0.012767107403493528,
      0.0,
      -0.0034570243889435743
    ],
    [
      -0.04652088736736209,
      -0.006721041873770043,
      -0.0009750496985622426,
      -0.0006773700929646653,
      0.0,
      -0.003890655825831233,
      -0.003744042625092657,
      -0.0005092294280748217,
      -3.379756264879404e-05,
      -0.01977269267754845,
      -0.020491552419620546,
      -0.04652088736736209,
      0.0,
      -0.011082251612467845
    ],
    [
      -0.02419790089916656,
      -0.0004035390527799422,
      4.39388302077495e-06,
      -0.00016560881316085856,
      0.0,
      0.0003379020529785998,
      0.00011286166974210638,
      -0.002128517151411426,
      -6.465794721885649e-06,
      -0.012280732564418011,
      -0.004499535365541966,
      -0.02419790089916656,
      0.0,
      -0.006756430306927035
    ]
  ],
  "action_library": [
    {
      "type": "recruit",
      "magnitude": 1.0
    },
    {
      "type": "recruit",
      "magnitude": 2.0
    },
    {
      "type": "recruit",
      "magnitude": 3.0
    },
    {
      "type": "adjust_dose",
      "magnitude": -0.1
    },
    {
      "type": "adjust_dose",
      "magnitude": 0.1
    },
    {
      "type": "hold_enrollment",
      "magnitude": 0.0
    },
    {
      "type": "file_interim_report",
      "magnitude": 0.0
    },
    {
      "type": "implement_amendment",
      "magnitude": 0.0
    },
    {
      "type": "noop",
      "magnitude": 0.0
    }
  ],
  "metadata": {
    "step": 8200,
    "mean_reward": -4.040759366131667,
    "resume_from_checkpoint": null
  }
}