{
  "format_version": 1,
  "policy_type": "linear_softmax",
  "weights": [
    [
      0.007992202436088244,
      0.0025453958187932717,
      -2.423639708129047e-05,
      -4.949598888894543e-05,
      0.0,
      -0.00026336345003761543,
      -0.0001884206640261044,
      0.0004235793951941463,
      -9.226235364464892e-07,
      0.004065995114223503,
      0.0025902352244155926,
      0.007992202436088244,
      0.0,
      0.0019861676397818174
    ],
    [
      0.0066834601791718,
      0.0001788959769222267,
      -4.3058271447485705e-05,
      -2.671392512738401e-05,
      0.0,
      -2.9489149798907618e-05,
      7.97302324650603e-06,
      2.9657824602734186e-05,
      2.778420651809038e-06,
      0.0035349243415257205,
      -0.001030308247030876,
      0.0066834601791718,
      0.0,
      0.001108370106174622
    ],
    [
      0.00952972346353757,
      0.0005031675972277592,
      2.643493558705272e-06,
      -4.705178627763755e-05,
      0.0,
      -4.294025384522379e-05,
      -7.491477966484052e-05,
      0.0003470023823686935,
      2.779880768440856e-07,
      0.004743722702579409,
      -0.0009657155450002787,
      0.00952972346353757,
      0.0,
      0.0012448694400816885
    ],
    [
      0.0025890325823489124,
      0.001079035349023305,
      6.472136343043082e-05,
      1.3521299823104694e-05,
      0.0,
      0.0003650595368655662,
      0.0002865265035777979,
      -0.00017241490683426794,
      1.488457217857252e-05,
      0.0010056215235411112,
      0.0013615427375981107,
      0.0025890325823489124,
      0.0,
      0.0005574132850038066
    ],
    [
      0.0012136016655460505,
      0.0006038224819015044,
      -7.045275473044385e-05,
      9.224885423050701e-06,
      0.0,
      -0.0003424744090523731,
      -0.0003267920373200799,
      9.486717002422504e-06,
      -1.3611969834044825e-05,
      0.0010418998034756096,
      0.0007950116162076008,
      0.0012136016655460505,
      0.0,
      0.0004513374477127072
    ],
    [
      -0.02259886599857339,
      -0.002615893845044122,
      -4.773245882216125e-05,
      3.389746118897361e-05,
      0.0,
      -0.00013177452832760774,
      -7.342512513387524e-05,
      -0.000594752442712783,
      -1.0611956039714311e-05,
      -0.011215175458599532,
      -0.001833788334240734,
      -0.02259886599857339,
      0.0,
      -0.003711942549776234
    ],
    [
      0.0017701902349181926,
      0.0009111387395422326,
      0.00012376701291131004,
      0.00011547572779381774,
      0.0,
      0.0005832756401175193,
      0.0005940882970002421,
      0.0001487350736865677,
      6.673464240707523e-06,
      0.0004569762533540984,
      0.0017686049792710109,
      0.0017701902349181926,
      0.0,
      0.00029396793206696133
    ],
    [
      -0.0028960148955824647,
      -0.0022247228224328572,
      -9.110478245027014e-05,
      -7.652160293813549e-05,
      0.0,
      -0.0005638646311687157,
      -0.0005645725649098566,
      -0.00021350367616586565,
      -1.0585958875438251e-05,
      -0.0012242242319230234,
      -0.0009612622596402453,
      -0.0028960148955824647,
      0.0,
      -0.0009359991883961422
    ],
    [
      -0.004283329667454842,
      -0.000980839295933325,
      8.545279463120537e-05,
      2.7663929003155767e-05,
      0.0,
      0.00042557124524735765,
      0.00033953734723021024,
      2.220963285835307e-05,
      1.1118063137710728e-05,
      -0.002409740048176857,
      -0.001724320171580192,
      -0.004283329667454842,
      0.0,
      -0.0009941841126492237
    ]
  ],
  "action_library": [
    {
      "type": "recruit",
      "magnitude": 1.0
    },
    {
      "type": "recruit",
      "magnitude": 2.0
    },
    {
      "type": "recruit",
      "magnitude": 3.0
    },
    {
      "type": "adjust_dose",
      "magnitude": -0.1
    },
    {
      "type": "adjust_dose",
      "magnitude": 0.1
    },
    {
      "type": "hold_enrollment",
      "magnitude": 0.0
    },
    {
      "type": "file_interim_report",
      "magnitude": 0.0
    },
    {
      "type": "implement_amendment",
      "magnitude": 0.0
    },
    {
      "type": "noop",
      "magnitude": 0.0
    }
  ],
  "metadata": {
    "step": 200,
    "mean_reward": -1.8351788918305656,
    "resume_from_checkpoint": null
  }
}