{
  "format_version": 1,
  "policy_type": "linear_softmax",
  "weights": [
    [
      -0.0096900344507039,
      -0.00363562468250533,
      -0.0005262182521901339,
      -6.155707946002173e-05,
      0.0,
      -0.002345217518611953,
      -0.001882829479742739,
      -0.0005092433684132851,
      -0.0001817578300164612,
      -0.0021503750639769795,
      -0.005175547958510804
    ],
    [
      0.030571416485749302,
      0.003561286943171908,
      0.000212743483211913,
      9.707946894237333e-05,
      0.0,
      0.0012172602999737658,
      0.000420853856215022,
      0.0010044229081532928,
      5.257291885705446e-05,
      0.014574746888754602,
      0.003561146554629777
    ],
    [
      0.03562053106827517,
      0.0022663557962452636,
      -4.905101140032056e-05,
      -2.2259458183900297e-05,
      0.0,
      -0.00013593445673038926,
      -0.00020337171422154864,
      0.0006229362536890958,
      4.594544122214928e-05,
      0.01781817098029671,
      -0.00047835493085991054
    ],
    [
      0.004398284243625544,
      0.002383905337805108,
      0.00013294314833294733,
      0.00010113760894814478,
      0.0,
      1.3564207304457054e-05,
      -0.0002273873813626246,
      0.000225504073940511,
      2.6175589446957498e-05,
      0.0015909627791848458,
      0.004053738440063205
    ],
    [
      -9.440906434590669e-05,
      -0.0012706386294961025,
      -9.290950602707865e-06,
      -1.1483547544401338e-05,
      0.0,
      0.00029501904913360657,
      0.0003442770223793233,
      -0.00040922822463206396,
      6.058693176004783e-05,
      -9.980427871265317e-05,
      -0.0007996599072907278
    ],
    [
      -0.04790181782957091,
      -0.0016473907738111103,
      0.00016693087711671688,
      0.00010436973122843372,
      0.0,
      0.0006919615307985165,
      0.0008261565759860848,
      -0.0008231278274950396,
      8.387972187200331e-05,
      -0.02444202828886087,
      0.003155307526501636
    ],
    [
      0.0005011482013647692,
      0.0007833762412703445,
      0.00011876036840908352,
      -3.8480294636937384e-05,
      0.0,
      0.00045779028096898844,
      0.0006610050735379365,
      0.0001742711673052289,
      -8.424571419883009e-05,
      -0.0005635757741804453,
      0.0017000241743560555
    ],
    [
      -0.011441370891227062,
      -0.0019000935214477522,
      -0.0002500703800928056,
      -0.00023295958594522157,
      0.0,
      -0.0012498522473903173,
      -0.0008462169657783192,
      -0.0001350950302193121,
      -1.8919938968662337e-05,
      -0.004637505589683481,
      -0.005506364190645514
    ],
    [
      -0.0019637477631668353,
      -0.000541176711232375,
      0.00020325271721530837,
      6.415315665153092e-05,
      0.0,
      0.0010554088545533153,
      0.0009075130129868542,
      -0.00015043995232842205,
      1.5762880025741656e-05,
      -0.0020905916528216233,
      -0.0005102897082438505
    ]
  ],
  "action_library": [
    {
      "type": "recruit",
      "magnitude": 1.0
    },
    {
      "type": "recruit",
      "magnitude": 2.0
    },
    {
      "type": "recruit",
      "magnitude": 3.0
    },
    {
      "type": "adjust_dose",
      "magnitude": -0.1
    },
    {
      "type": "adjust_dose",
      "magnitude": 0.1
    },
    {
      "type": "hold_enrollment",
      "magnitude": 0.0
    },
    {
      "type": "file_interim_report",
      "magnitude": 0.0
    },
    {
      "type": "implement_amendment",
      "magnitude": 0.0
    },
    {
      "type": "noop",
      "magnitude": 0.0
    }
  ],
  "metadata": {
    "step": 800,
    "mean_reward": -2.3976255076372506
  }
}