{
  "format_version": 1,
  "policy_type": "linear_softmax",
  "weights": [
    [
      0.012676308244312626,
      0.0002787645308708099,
      -0.0011937112692900263,
      -0.00017755140013021484,
      0.0,
      -0.005482890824157993,
      -0.005168673896071842,
      0.0019753485885963744,
      -0.0001953834215181692,
      0.011980947254587086,
      -0.021216450530964687,
      0.012676308244312626,
      0.0,
      0.01416122833198138
    ],
    [
      0.2632977816340264,
      0.021413584580281305,
      -0.001195750085818967,
      -0.000761584922605564,
      0.0,
      -0.0030356482818467805,
      -0.0023955918823678635,
      0.004718038037424567,
      -3.739316780112352e-05,
      0.13500105108907895,
      0.0032818518899883605,
      0.2632977816340264,
      0.0,
      0.043636735127765995
    ],
    [
      0.436113512744642,
      0.034277814460800235,
      0.000674477057212535,
      -0.0003570545269414105,
      0.0,
      0.0029609045950007564,
      0.0027487383093527658,
      0.00787862597185352,
      5.0265523559341207e-05,
      0.2156069014098438,
      0.018744655663429824,
      0.436113512744642,
      0.0,
      0.06392774819418454
    ],
    [
      -0.025320413279880386,
      0.001498408664057876,
      0.0005900560394781728,
      -0.000369442534765883,
      0.0,
      0.0016327854540633703,
      0.0026417159504834187,
      -0.00020975164818171847,
      1.9978077724730512e-05,
      -0.014806588719201624,
      0.008941671158382165,
      -0.025320413279880386,
      0.0,
      -0.004780334753326522
    ],
    [
      -0.003252636946635623,
      -0.004695318578813396,
      0.0004878714579618818,
      0.0006178491474424454,
      0.0,
      0.00046429180762152784,
      -0.00035973992526876144,
      -0.001536792365958344,
      -1.610249016079518e-05,
      -0.0035342605861105516,
      -0.0015354707634034732,
      -0.003252636946635623,
      0.0,
      -0.00402192277555624
    ],
    [
      -0.5856635021202677,
      -0.03854535996848225,
      -0.000268963443210511,
      -5.520111523988206e-05,
      0.0,
      -0.0013018154124259272,
      -0.0014073767645268408,
      -0.00935101073912791,
      -3.16512178965732e-05,
      -0.2920383324489845,
      0.0003832558369080831,
      -0.5856635021202677,
      0.0,
      -0.08924438067457839
    ],
    [
      -0.01480428274554088,
      -0.006174710241741118,
      0.0026161994596577555,
      0.0023104653747956024,
      0.0,
      0.010163696709295088,
      0.009488000578538911,
      0.000260101801948113,
      0.00021779710063198122,
      -0.015808514718245088,
      0.014156158839760308,
      -0.01480428274554088,
      0.0,
      -0.003911462496098047
    ],
    [
      -0.049924471965020804,
      -0.005852107298688708,
      -0.0010965236163508715,
      -0.0007758353084731325,
      0.0,
      -0.004047020742379134,
      -0.0038194697634178817,
      -0.0009043033953536856,
      2.020175542459553e-06,
      -0.021397437255753608,
      -0.01571321737087579,
      -0.049924471965020804,
      0.0,
      -0.010639799592554816
    ],
    [
      -0.03312229556563251,
      -0.002201076148284976,
      -0.0006136555996399593,
      -0.000431644714081978,
      0.0,
      -0.001354303305170894,
      -0.0017276026067217921,
      -0.0028302562512009296,
      -9.530580081853597e-06,
      -0.015003766025213099,
      -0.007042454723225489,
      -0.03312229556563251,
      0.0,
      -0.009127811361817477
    ]
  ],
  "action_library": [
    {
      "type": "recruit",
      "magnitude": 1.0
    },
    {
      "type": "recruit",
      "magnitude": 2.0
    },
    {
      "type": "recruit",
      "magnitude": 3.0
    },
    {
      "type": "adjust_dose",
      "magnitude": -0.1
    },
    {
      "type": "adjust_dose",
      "magnitude": 0.1
    },
    {
      "type": "hold_enrollment",
      "magnitude": 0.0
    },
    {
      "type": "file_interim_report",
      "magnitude": 0.0
    },
    {
      "type": "implement_amendment",
      "magnitude": 0.0
    },
    {
      "type": "noop",
      "magnitude": 0.0
    }
  ],
  "metadata": {
    "step": 11500,
    "mean_reward": -1.6516236280598298,
    "resume_from_checkpoint": null
  }
}