{
  "format_version": 1,
  "policy_type": "linear_softmax",
  "weights": [
    [
      0.024627612711279875,
      0.0018753935549601245,
      -0.0008091514073760176,
      -0.00012220158289594145,
      0.0,
      -0.003608039370779649,
      -0.0035916053606988105,
      0.0020519044194880157,
      -0.0001392700514328968,
      0.016620111507783628,
      -0.018642515903798704,
      0.024627612711279875,
      0.0,
      0.014784360476251613
    ],
    [
      0.2454828088270062,
      0.02132702512737788,
      -0.0012703927609843014,
      -0.0006536028681637479,
      0.0,
      -0.00378212220393497,
      -0.003348274524781676,
      0.004560984218120286,
      -7.831780208107096e-05,
      0.12666436353445845,
      0.00336831863274676,
      0.2454828088270062,
      0.0,
      0.04096221135376825
    ],
    [
      0.38357029975239093,
      0.028846523531282156,
      0.0005745924397648935,
      -0.0003617076388704966,
      0.0,
      0.0027227609783914953,
      0.0027294281395620775,
      0.006650604656802498,
      5.297130630682419e-05,
      0.1892638186532086,
      0.015104790223245512,
      0.38357029975239093,
      0.0,
      0.056960720255332165
    ],
    [
      -0.01518384739378866,
      0.005100453977817873,
      0.0008604481836503812,
      -0.00032690191656974815,
      0.0,
      0.0026301922969586165,
      0.0036259932629316457,
      -9.39339471315998e-05,
      5.990816330286318e-05,
      -0.011061485330425117,
      0.014132313987401229,
      -0.01518384739378866,
      0.0,
      -0.0024161963191721356
    ],
    [
      3.558268827219411e-05,
      -0.0028157031547472885,
      0.00036596947932005094,
      0.000495820816125401,
      0.0,
      0.00026465245493485247,
      -0.0004811490822261805,
      -0.0011201800596274496,
      -1.5249967352025446e-06,
      -0.001715132314086037,
      0.001364646474896201,
      3.558268827219411e-05,
      0.0,
      -0.0029368894523906152
    ],
    [
      -0.539314188590903,
      -0.035410434819803605,
      -0.00026819319952410575,
      -5.096533114260143e-05,
      0.0,
      -0.001299609998529799,
      -0.0012742778663354104,
      -0.008655259198961051,
      -3.763030032724695e-05,
      -0.26873868775065224,
      0.0016925746965478264,
      -0.539314188590903,
      0.0,
      -0.08289528210088128
    ],
    [
      -0.01589561007905777,
      -0.008181206636012309,
      0.0022801831803358724,
      0.0019938256640404336,
      0.0,
      0.009001084705374194,
      0.008117629467284617,
      8.149929961594333e-05,
      0.0001899647580192046,
      -0.015194271092917959,
      0.009545924549782325,
      -0.01589561007905777,
      0.0,
      -0.004532831913038044
    ],
    [
      -0.049147688157611634,
      -0.0068270823423472885,
      -0.0010850200653123728,
      -0.0007037974766726688,
      0.0,
      -0.004324467917493543,
      -0.003964378491364667,
      -0.0007947212517428928,
      -1.78077019177643e-05,
      -0.020774016112079078,
      -0.018105688128141773,
      -0.049147688157611634,
      0.0,
      -0.010891230605824087
    ],
    [
      -0.03417496975758173,
      -0.0039149692385277305,
      -0.0006484358498743924,
      -0.0002704696658506348,
      0.0,
      -0.0016044509449212089,
      -0.0018133655443715057,
      -0.0026808981365637335,
      -2.8293375134711843e-05,
      -0.015064701095287568,
      -0.00846036453268012,
      -0.03417496975758173,
      0.0,
      -0.009034861694044613
    ]
  ],
  "action_library": [
    {
      "type": "recruit",
      "magnitude": 1.0
    },
    {
      "type": "recruit",
      "magnitude": 2.0
    },
    {
      "type": "recruit",
      "magnitude": 3.0
    },
    {
      "type": "adjust_dose",
      "magnitude": -0.1
    },
    {
      "type": "adjust_dose",
      "magnitude": 0.1
    },
    {
      "type": "hold_enrollment",
      "magnitude": 0.0
    },
    {
      "type": "file_interim_report",
      "magnitude": 0.0
    },
    {
      "type": "implement_amendment",
      "magnitude": 0.0
    },
    {
      "type": "noop",
      "magnitude": 0.0
    }
  ],
  "metadata": {
    "step": 10000,
    "mean_reward": -6.437629892471241,
    "resume_from_checkpoint": null
  }
}