{
  "format_version": 1,
  "policy_type": "linear_softmax",
  "weights": [
    [
      -0.025850001362712385,
      -0.011520064504652115,
      -0.004583740747903578,
      -0.00309500462205069,
      -0.0007555876854792025,
      -0.010498464081183809,
      4.169975393396229e-05,
      -0.004842316062700111,
      -0.005153705655443031,
      -0.002201983539439709,
      -0.020466052230495968
    ],
    [
      0.027162354716171344,
      0.011998076999003349,
      0.017465202883208075,
      0.016359552449417312,
      0.0005312951086673118,
      0.0013289783838082048,
      2.1507671215186275e-05,
      0.007618182251407435,
      0.004816525585451953,
      0.006602315637593475,
      -0.0001880055379959486
    ],
    [
      0.056809411564217524,
      0.0174823866689535,
      0.02606216829579992,
      0.025425107434851376,
      -7.672674922210548e-05,
      0.000713736230307507,
      3.6442443206927514e-06,
      0.01148876071492687,
      0.006755680121546462,
      0.016488560482975922,
      -0.00037173496003888213
    ],
    [
      -0.008754812378298213,
      -0.0023818336162941263,
      -0.003627540304864989,
      -0.004135265686364099,
      0.00033366972806438236,
      0.002554965055397951,
      -3.498142356086657e-05,
      -0.001564749116013629,
      -0.0006182967866252368,
      -0.004511716724252786,
      0.0013004298116704818
    ],
    [
      0.0008886881987437685,
      -0.0011161658926518675,
      -0.0032893150152452258,
      -0.003239754704003251,
      -2.476891737205607e-06,
      -0.00021910225343817175,
      -4.2932910512919694e-05,
      -0.0014936308000167379,
      -0.0005779511541608629,
      0.0002435266005391624,
      0.0030082696767149693
    ],
    [
      -0.021465612117712196,
      -0.00845400847848748,
      -0.017618237812981493,
      -0.017440107938273913,
      0.00021217052420192793,
      0.0027524939008107758,
      8.687705927279799e-06,
      -0.0064451462844074955,
      -0.0035199476211695874,
      -0.00452396728044024,
      0.008205181221471007
    ],
    [
      0.004073931649926557,
      0.0036508788023055737,
      -0.0011168968560207892,
      -0.0013776779990255443,
      0.00022912767175603549,
      0.002604016759904968,
      -4.034385305673242e-06,
      0.00029831108435133136,
      0.0014115461363078629,
      0.0002629156714113507,
      0.009412901391503286
    ],
    [
      -0.03180723015618277,
      -0.009926067708260659,
      -0.010145203737403357,
      -0.009329019142480131,
      -0.0004081352381030113,
      -0.0003525090822570715,
      -1.2411015282546996e-05,
      -0.004676407730070829,
      -0.0031156640747016925,
      -0.011160538476213877,
      -0.009023473690204025
    ],
    [
      -0.0010567301141544399,
      0.0002667977300837798,
      -0.003146436704589199,
      -0.003167829792071219,
      -6.333646814813226e-05,
      0.0011158850866497222,
      1.8820359264885412e-05,
      -0.00038300405747667933,
      1.8134487941141924e-06,
      -0.001199112372173627,
      0.008122484317375198
    ]
  ],
  "action_library": [
    {
      "type": "recruit",
      "magnitude": 1.0
    },
    {
      "type": "recruit",
      "magnitude": 2.0
    },
    {
      "type": "recruit",
      "magnitude": 3.0
    },
    {
      "type": "adjust_dose",
      "magnitude": -0.1
    },
    {
      "type": "adjust_dose",
      "magnitude": 0.1
    },
    {
      "type": "hold_enrollment",
      "magnitude": 0.0
    },
    {
      "type": "file_interim_report",
      "magnitude": 0.0
    },
    {
      "type": "implement_amendment",
      "magnitude": 0.0
    },
    {
      "type": "noop",
      "magnitude": 0.0
    }
  ],
  "metadata": {
    "step": 800,
    "mean_reward": -3.9511984375
  }
}