{
  "format_version": 1,
  "policy_type": "linear_softmax",
  "weights": [
    [
      -0.0042509104666617155,
      -0.0020472976064524503,
      -0.00032393459272969845,
      -8.106061189160784e-05,
      0.0,
      -0.0015065153477640423,
      -0.0014847923048919211,
      -0.000287331284555866,
      -0.00015035033421187177,
      -0.0005371464582174804,
      -0.0034419949943603526,
      -0.0042509104666617155,
      0.0,
      -0.0010319912609963388
    ],
    [
      0.012198716587458143,
      0.0013834263461497379,
      -6.2700414492921756e-06,
      -1.7020760774505773e-05,
      0.0,
      0.0001572402284506296,
      4.712415070158679e-05,
      0.0001700036754882168,
      2.2332478139486052e-05,
      0.006109620333003792,
      0.0012817467473617303,
      0.012198716587458143,
      0.0,
      0.0028765247004992767
    ],
    [
      0.017238475839815474,
      0.0013087779559791007,
      -7.326477949143953e-05,
      1.2203385503738284e-05,
      0.0,
      -0.0002134231371544352,
      -0.0002522376461279879,
      0.00040960209982474565,
      -1.6533759471997375e-05,
      0.00893569708511473,
      -0.0004771115387156657,
      0.017238475839815474,
      0.0,
      0.0035580427076384352
    ],
    [
      0.004562348840441016,
      0.0026177350335738945,
      2.199959113544521e-05,
      -4.3539229539581134e-05,
      0.0,
      -3.401371417162418e-05,
      0.00012129934968411183,
      0.00023119380880143913,
      5.255246118775334e-06,
      0.0019613928271353326,
      0.003915182723440463,
      0.004562348840441016,
      0.0,
      0.0015215313512104225
    ],
    [
      -0.0008892733517330851,
      -0.0012537205552601558,
      3.205869148982637e-05,
      1.805064450846075e-05,
      0.0,
      5.555189966267851e-06,
      0.00027612716186812544,
      -0.00027550209905879795,
      -3.5781264988736695e-06,
      -0.0005656363820066541,
      -0.0014895807430973925,
      -0.0008892733517330851,
      0.0,
      -0.0005830197815450172
    ],
    [
      -0.026218114382709087,
      -0.0009707404539690427,
      0.00017679254047548717,
      9.467458738340686e-05,
      0.0,
      0.0009808280102396494,
      0.0007753471580983816,
      -0.000316183128291479,
      9.11604145800439e-05,
      -0.013775101615368218,
      0.0018188782737347798,
      -0.026218114382709087,
      0.0,
      -0.0051174718964910205
    ],
    [
      0.0025994655002646023,
      0.0009600052224909977,
      0.00019138742203602833,
      0.00010471114796662635,
      0.0,
      0.0007250574604218427,
      0.0007654868840477112,
      0.00026809776616843535,
      5.1900030301241714e-05,
      0.000567511789730698,
      0.001640028537939989,
      0.0025994655002646023,
      0.0,
      0.0004897785742141008
    ],
    [
      -0.002945436480882647,
      -0.001057610046495789,
      -6.25725878278377e-05,
      -0.0001005626919905952,
      0.0,
      -0.00044166640570738046,
      -0.00043867031918641894,
      1.6513628827007083e-05,
      -4.216214825111684e-05,
      -0.001219366424859784,
      -0.0018645652834275495,
      -0.002945436480882647,
      0.0,
      -0.0008358184325841141
    ],
    [
      -0.0022952720859927564,
      -0.0009405758960162781,
      4.380375636148057e-05,
      1.2543528834058003e-05,
      0.0,
      0.00032693771571908883,
      0.00019031556580640602,
      -0.000216394467203702,
      4.197619929431245e-05,
      -0.0014769711545324611,
      -0.0013825837228759745,
      -0.0022952720859927564,
      0.0,
      -0.0008775759619457539
    ]
  ],
  "action_library": [
    {
      "type": "recruit",
      "magnitude": 1.0
    },
    {
      "type": "recruit",
      "magnitude": 2.0
    },
    {
      "type": "recruit",
      "magnitude": 3.0
    },
    {
      "type": "adjust_dose",
      "magnitude": -0.1
    },
    {
      "type": "adjust_dose",
      "magnitude": 0.1
    },
    {
      "type": "hold_enrollment",
      "magnitude": 0.0
    },
    {
      "type": "file_interim_report",
      "magnitude": 0.0
    },
    {
      "type": "implement_amendment",
      "magnitude": 0.0
    },
    {
      "type": "noop",
      "magnitude": 0.0
    }
  ],
  "metadata": {
    "step": 400,
    "mean_reward": -1.1571305673847412,
    "resume_from_checkpoint": null,
    "iteration": 2,
    "benchmark_previous": {
      "episodes": 12,
      "policies": [
        "random",
        "heuristic",
        "trained"
      ]
    },
    "disease_metrics": {
      "random": {
        "type2_diabetes": {
          "total_reward": -1.4636011147052372,
          "composite_efficiency": 0.2764769716381783,
          "efficacy": 0.17901527205548326,
          "safety": -0.75,
          "compliance": -0.7,
          "cost": -0.255,
          "progress": 0.1213235294117647,
          "correction_triggers": 7.75,
          "stage_transitions": 0.0
        },
        "hypertension": {
          "total_reward": -2.8655515958825024,
          "composite_efficiency": 0.2500548365529594,
          "efficacy": 0.2609400772288191,
          "safety": -0.75,
          "compliance": -0.7,
          "cost": -0.735,
          "progress": 0.055723622782446317,
          "correction_triggers": 14.0,
          "stage_transitions": 0.0
        },
        "nsclc": {
          "total_reward": -2.3680542380844742,
          "composite_efficiency": 0.29269954011117383,
          "efficacy": 0.08408673175860883,
          "safety": -0.5,
          "compliance": -0.4,
          "cost": -0.263125,
          "progress": 0.07137254901960785,
          "correction_triggers": 11.75,
          "stage_transitions": 0.0
        }
      },
      "heuristic": {
        "type2_diabetes": {
          "total_reward": -0.50839254155073,
          "composite_efficiency": 0.24909998304051836,
          "efficacy": 0.23244988128362853,
          "safety": -1.0,
          "compliance": -1.0,
          "cost": -0.2175,
          "progress": 0.12,
          "correction_triggers": 2.0,
          "stage_transitions": 0.0
        },
        "hypertension": {
          "total_reward": -0.8666626561275919,
          "composite_efficiency": 0.2669103374334948,
          "efficacy": 0.26361095839989584,
          "safety": -1.0,
          "compliance": -1.0,
          "cost": -0.230625,
          "progress": 0.12,
          "correction_triggers": 3.5,
          "stage_transitions": 0.0
        },
        "nsclc": {
          "total_reward": -0.5330464580566001,
          "composite_efficiency": 0.23903715997689795,
          "efficacy": 0.1620101198382856,
          "safety": -1.0,
          "compliance": -1.0,
          "cost": -0.2175,
          "progress": 0.12,
          "correction_triggers": 2.0,
          "stage_transitions": 0.0
        }
      },
      "trained": {
        "type2_diabetes": {
          "total_reward": -0.50839254155073,
          "composite_efficiency": 0.24909998304051836,
          "efficacy": 0.23244988128362853,
          "safety": -1.0,
          "compliance": -1.0,
          "cost": -0.2175,
          "progress": 0.12,
          "correction_triggers": 2.0,
          "stage_transitions": 0.0
        },
        "hypertension": {
          "total_reward": -0.8766700464910487,
          "composite_efficiency": 0.2526140654856994,
          "efficacy": 0.26361095839989584,
          "safety": -1.0,
          "compliance": -1.0,
          "cost": -0.230625,
          "progress": 0.12,
          "correction_triggers": 3.5,
          "stage_transitions": 0.0
        },
        "nsclc": {
          "total_reward": -0.5330464580566001,
          "composite_efficiency": 0.23903715997689795,
          "efficacy": 0.1620101198382856,
          "safety": -1.0,
          "compliance": -1.0,
          "cost": -0.2175,
          "progress": 0.12,
          "correction_triggers": 2.0,
          "stage_transitions": 0.0
        }
      }
    },