{
  "format_version": 1,
  "policy_type": "linear_softmax",
  "weights": [
    [
      0.0032651599425780834,
      0.0036027050510387152,
      -0.001247266860143813,
      -0.00019972570140554876,
      0.0,
      -0.005464262027361417,
      -0.00498306754946106,
      0.002596011162265122,
      -0.00017559656756273442,
      0.007745178962898942,
      -0.015612969326850835,
      0.0032651599425780834,
      0.0,
      0.015229247683919584
    ],
    [
      0.29231129868008443,
      0.02515960484470165,
      -0.0010193455050579827,
      -0.00087455225641227,
      0.0,
      -0.002283518087125572,
      -0.0019481006771388065,
      0.005020356060733652,
      1.421491271983486e-05,
      0.14856075778922678,
      0.009363395040880048,
      0.29231129868008443,
      0.0,
      0.04917457506836278
    ],
    [
      0.48624005100121376,
      0.03020236457607013,
      0.00029197774761794147,
      -0.00045402964668083974,
      0.0,
      0.00025339025566216585,
      0.0003931315435171149,
      0.007628785373995793,
      -7.409184726014649e-05,
      0.2421352116978161,
      0.004602439729348617,
      0.48624005100121376,
      0.0,
      0.06777073337706557
    ],
    [
      -0.02489679520820153,
      0.0028762291834493964,
      0.0007613797912218964,
      -0.0002905068255517124,
      0.0,
      0.002612092134375532,
      0.003231969978172995,
      -0.0002786037799299666,
      3.1534492918137974e-05,
      -0.015464605385062584,
      0.012856248839875758,
      -0.02489679520820153,
      0.0,
      -0.0043624132837950915
    ],
    [
      -0.0062830737568388174,
      -0.0051144184143684926,
      6.288338027438354e-05,
      0.0005368666103974867,
      0.0,
      -0.00119784996144001,
      -0.0018227998925736378,
      -0.0014559131839608766,
      -5.119626911376212e-05,
      -0.003633595080298529,
      -0.0014927199120284567,
      -0.0062830737568388174,
      0.0,
      -0.004711973886683408
    ],
    [
      -0.6368003462373172,
      -0.04036775658904701,
      -0.0003998012885779963,
      -7.658477978796116e-05,
      0.0,
      -0.0013546126894547832,
      -0.0014464160104144617,
      -0.009829196831297718,
      -1.6774041180438144e-05,
      -0.3168110946288219,
      -0.0011962457482704591,
      -0.6368003462373172,
      0.0,
      -0.09629537099469333
    ],
    [
      -0.01546578284643572,
      -0.006521042033651193,
      0.0034093541127746476,
      0.002828788536706648,
      0.0,
      0.013335050253965381,
      0.012200054208696017,
      0.0004568030486085631,
      0.00028688504599470334,
      -0.018713948868781263,
      0.017523547055231983,
      -0.01546578284643572,
      0.0,
      -0.003957148976241775
    ],
    [
      -0.06218651985130848,
      -0.00904801687064374,
      -0.001465529810514863,
      -0.0008763340367540558,
      0.0,
      -0.006129477259839096,
      -0.005440688741234791,
      -0.0016235707753955563,
      -6.788334841153781e-05,
      -0.025808058081785816,
      -0.021120773763131834,
      -0.06218651985130848,
      0.0,
      -0.01334891378218681
    ],
    [
      -0.036183991723769425,
      -0.000789669747548673,
      -0.00039365156759419356,
      -0.0005939219005117553,
      0.0,
      0.00022918738121777864,
      -0.00018408285956327696,
      -0.0025146710750189954,
      5.290762189593986e-05,
      -0.018009846405191567,
      -0.004922921915055364,
      -0.036183991723769425,
      0.0,
      -0.009498735205746902
    ]
  ],
  "action_library": [
    {
      "type": "recruit",
      "magnitude": 1.0
    },
    {
      "type": "recruit",
      "magnitude": 2.0
    },
    {
      "type": "recruit",
      "magnitude": 3.0
    },
    {
      "type": "adjust_dose",
      "magnitude": -0.1
    },
    {
      "type": "adjust_dose",
      "magnitude": 0.1
    },
    {
      "type": "hold_enrollment",
      "magnitude": 0.0
    },
    {
      "type": "file_interim_report",
      "magnitude": 0.0
    },
    {
      "type": "implement_amendment",
      "magnitude": 0.0
    },
    {
      "type": "noop",
      "magnitude": 0.0
    }
  ],
  "metadata": {
    "step": 13700,
    "mean_reward": -4.099686330471896,
    "resume_from_checkpoint": null
  }
}