{
  "format_version": 1,
  "policy_type": "linear_softmax",
  "weights": [
    [
      -0.012624730874632062,
      -0.00481498169141884,
      -0.0006864872884281529,
      -8.075507551597642e-05,
      0.0,
      -0.002395931868776832,
      -0.0022132929862082274,
      -0.0005602032295088319,
      -0.00023733605280360688,
      -0.0029497880937930324,
      -0.0061075592767396185,
      -0.012624730874632062,
      0.0,
      -0.003002068119023716
    ],
    [
      0.04472141356062461,
      0.005426313436523417,
      7.86820967011808e-05,
      3.969834778190362e-05,
      0.0,
      0.0009939041975740386,
      0.0005084882980336162,
      0.001048210721478545,
      0.00010989075568814098,
      0.022033523025447997,
      0.003989048528660492,
      0.04472141356062461,
      0.0,
      0.010219082595923383
    ],
    [
      0.065951477942055,
      0.004909431871667987,
      0.00026466345568521254,
      0.00013767186392497994,
      0.0,
      0.001198072190990474,
      0.0010911148214594623,
      0.0014359223226485223,
      0.0001266350541057908,
      0.031768799955207754,
      0.0025943309037293337,
      0.065951477942055,
      0.0,
      0.014486137121785819
    ],
    [
      0.004561330997595711,
      0.002369740545520265,
      9.859504765135319e-05,
      -3.653030144157628e-05,
      0.0,
      -0.00012750336996388578,
      2.690414135438343e-05,
      -8.153178654795951e-05,
      -1.0337685191384502e-05,
      0.001710106944427235,
      0.004168416770201317,
      0.004561330997595711,
      0.0,
      0.0010674081498777137
    ],
    [
      -0.002737890518767181,
      -0.0028213294995801637,
      -0.00027965667392911524,
      -5.9225835340439286e-05,
      0.0,
      -0.0016840104852507579,
      -0.001282421364012134,
      -0.00045913783265104255,
      -0.0001602874340875075,
      -4.285992519905719e-05,
      -0.003394052694955207,
      -0.002737890518767181,
      0.0,
      -0.0009581151047354882
    ],
    [
      -0.08615969664312015,
      -0.004377921146023248,
      0.0002593983028957776,
      0.0001403981501923235,
      0.0,
      0.0010576543131067266,
      0.0007741591546098008,
      -0.0012498618195506462,
      8.290547163863949e-05,
      -0.043983243856705004,
      0.0026676258099096006,
      -0.08615969664312015,
      0.0,
      -0.01686702198228575
    ],
    [
      0.0016665298720740206,
      0.0007153004991017492,
      0.00046547952169405024,
      0.00016571928899266936,
      0.0,
      0.0021823935674595745,
      0.002237690516934103,
      9.329723472269917e-05,
      0.00019949538289466096,
      -0.0013526839372477641,
      0.0035952989841316753,
      0.0016665298720740206,
      0.0,
      -0.00020248061101143088
    ],
    [
      -0.014161993510291343,
      -0.0024646158927973468,
      -0.0002599462280061879,
      -0.00031314905614857237,
      0.0,
      -0.001218216347914811,
      -0.001184691665502038,
      -3.991137683273016e-05,
      -0.00010709970960015492,
      -0.006126126242617437,
      -0.008028076177861379,
      -0.014161993510291343,
      0.0,
      -0.004188080441807203
    ],
    [
      -0.001216440825537817,
      0.0010580618770063468,
      5.927176573588263e-05,
      6.1726175546895695e-06,
      0.0,
      -6.362197224537586e-06,
      4.204908333102499e-05,
      -0.00018678423375855183,
      -3.865782644579443e-06,
      -0.001057727869520471,
      0.0005149671529239086,
      -0.001216440825537817,
      0.0,
      -0.0005548616087235409
    ]
  ],
  "action_library": [
    {
      "type": "recruit",
      "magnitude": 1.0
    },
    {
      "type": "recruit",
      "magnitude": 2.0
    },
    {
      "type": "recruit",
      "magnitude": 3.0
    },
    {
      "type": "adjust_dose",
      "magnitude": -0.1
    },
    {
      "type": "adjust_dose",
      "magnitude": 0.1
    },
    {
      "type": "hold_enrollment",
      "magnitude": 0.0
    },
    {
      "type": "file_interim_report",
      "magnitude": 0.0
    },
    {
      "type": "implement_amendment",
      "magnitude": 0.0
    },
    {
      "type": "noop",
      "magnitude": 0.0
    }
  ],
  "metadata": {
    "step": 1400,
    "mean_reward": -1.3306203594202282,
    "resume_from_checkpoint": null,
    "iteration": 2,
    "benchmark_previous": {
      "episodes": 12,
      "policies": [
        "random",
        "heuristic",
        "trained"
      ]
    },
    "disease_metrics": {
      "random": {
        "type2_diabetes": {
          "total_reward": -1.4636011147052372,
          "composite_efficiency": 0.2764769716381783,
          "efficacy": 0.17901527205548326,
          "safety": -0.75,
          "compliance": -0.7,
          "cost": -0.255,
          "progress": 0.1213235294117647,
          "correction_triggers": 7.75,
          "stage_transitions": 0.0
        },
        "hypertension": {
          "total_reward": -2.8655515958825024,
          "composite_efficiency": 0.2500548365529594,
          "efficacy": 0.2609400772288191,
          "safety": -0.75,
          "compliance": -0.7,
          "cost": -0.735,
          "progress": 0.055723622782446317,
          "correction_triggers": 14.0,
          "stage_transitions": 0.0
        },
        "nsclc": {
          "total_reward": -2.3680542380844742,
          "composite_efficiency": 0.29269954011117383,
          "efficacy": 0.08408673175860883,
          "safety": -0.5,
          "compliance": -0.4,
          "cost": -0.263125,
          "progress": 0.07137254901960785,
          "correction_triggers": 11.75,
          "stage_transitions": 0.0
        }
      },
      "heuristic": {
        "type2_diabetes": {
          "total_reward": -0.50839254155073,
          "composite_efficiency": 0.24909998304051836,
          "efficacy": 0.23244988128362853,
          "safety": -1.0,
          "compliance": -1.0,
          "cost": -0.2175,
          "progress": 0.12,
          "correction_triggers": 2.0,
          "stage_transitions": 0.0
        },
        "hypertension": {
          "total_reward": -0.8666626561275919,
          "composite_efficiency": 0.2669103374334948,
          "efficacy": 0.26361095839989584,
          "safety": -1.0,
          "compliance": -1.0,
          "cost": -0.230625,
          "progress": 0.12,
          "correction_triggers": 3.5,
          "stage_transitions": 0.0
        },
        "nsclc": {
          "total_reward": -0.5330464580566001,
          "composite_efficiency": 0.23903715997689795,
          "efficacy": 0.1620101198382856,
          "safety": -1.0,
          "compliance": -1.0,
          "cost": -0.2175,
          "progress": 0.12,
          "correction_triggers": 2.0,
          "stage_transitions": 0.0
        }
      },
      "trained": {
        "type2_diabetes": {
          "total_reward": -0.50839254155073,
          "composite_efficiency": 0.24909998304051836,
          "efficacy": 0.23244988128362853,
          "safety": -1.0,
          "compliance": -1.0,
          "cost": -0.2175,
          "progress": 0.12,
          "correction_triggers": 2.0,
          "stage_transitions": 0.0
        },
        "hypertension": {
          "total_reward": -0.8766700464910487,
          "composite_efficiency": 0.2526140654856994,
          "efficacy": 0.26361095839989584,
          "safety": -1.0,
          "compliance": -1.0,
          "cost": -0.230625,
          "progress": 0.12,
          "correction_triggers": 3.5,
          "stage_transitions": 0.0
        },
        "nsclc": {
          "total_reward": -0.5330464580566001,
          "composite_efficiency": 0.23903715997689795,
          "efficacy": 0.1620101198382856,
          "safety": -1.0,
          "compliance": -1.0,
          "cost": -0.2175,
          "progress": 0.12,
          "correction_triggers": 2.0,
          "stage_transitions": 0.0
        }
      }
    },
    "phase_metrics": {
      "random": {
        "stage1": {
          "composite_efficiency": 0.3386217488210177,