{
  "format_version": 1,
  "policy_type": "linear_softmax",
  "weights": [
    [
      0.04588963888189557,
      0.003699748601507574,
      -0.0007671277552488323,
      -7.031407812869265e-05,
      0.0,
      -0.003738553474350801,
      -0.003971959005274889,
      0.002005037290159221,
      -0.00012323836582677175,
      0.026852908331701664,
      -0.010990610655352645,
      0.04588963888189557,
      0.0,
      0.013941380581047678
    ],
    [
      0.1527507646514615,
      0.013988342092331579,
      -0.0007520484857144147,
      -0.0005305598621581473,
      0.0,
      -0.0016151704162175899,
      -0.0012419392770965545,
      0.003033355045234994,
      -2.3019966500579545e-05,
      0.07834224693606263,
      0.002651776075123901,
      0.1527507646514615,
      0.0,
      0.026194613340893024
    ],
    [
      0.2037937674977714,
      0.013990927079009403,
      0.0005024842637010975,
      -5.8901724208133286e-05,
      0.0,
      0.001981220382029222,
      0.0018289330942067733,
      0.0035246145954820856,
      2.8462147065252516e-05,
      0.10018677346399084,
      0.005636850007875332,
      0.2037937674977714,
      0.0,
      0.03102314577494421
    ],
    [
      -0.002919392748307153,
      0.0040245030143082694,
      0.0003533694771686182,
      -0.00011937904279269987,
      0.0,
      0.0015576674967433756,
      0.00183998100535333,
      -0.00014629362023183275,
      4.911399428013824e-05,
      -0.0028251332360911593,
      0.012092409276618794,
      -0.002919392748307153,
      0.0,
      0.000643853136054371
    ],
    [
      0.00037505516392124415,
      -0.004830974413701301,
      9.38445648521577e-05,
      0.00023050350386733925,
      0.0,
      -0.0002475211233713723,
      -0.00040071865914579805,
      -0.0007644313951357348,
      -1.7763959111059968e-06,
      -0.0005994777561292632,
      -0.005281051969829914,
      0.00037505516392124415,
      0.0,
      -0.0032859521175747845
    ],
    [
      -0.34928017488635593,
      -0.024248308566234163,
      -6.054169252306654e-05,
      5.9450175446118843e-05,
      0.0,
      -0.0004088938729111349,
      -0.000332712706844577,
      -0.006048281250495071,
      -1.219108321231901e-05,
      -0.17444892594949218,
      0.002782403463116566,
      -0.34928017488635593,
      0.0,
      -0.05548003714123491
    ],
    [
      -0.00022058939886887018,
      0.0017124311462080747,
      0.0014291005668415266,
      0.0009661303133967857,
      0.0,
      0.005936762586438855,
      0.005509206989819265,
      0.0007003516802070876,
      0.00013216934922317023,
      -0.00504185202352335,
      0.01394093371918847,
      -0.00022058939886887018,
      0.0,
      0.00030354917287362136
    ],
    [
      -0.035359097014822434,
      -0.006852199508183427,
      -0.0007869634912212268,
      -0.0006077078438921158,
      0.0,
      -0.003328718421848303,
      -0.0028645220044639487,
      -0.0008321223127796345,
      -3.364083385393469e-05,
      -0.015056483176402588,
      -0.018421740677018256,
      -0.035359097014822434,
      0.0,
      -0.00879883207059726
    ],
    [
      -0.015029972146695202,
      -0.0014844694452462663,
      -1.2117447855848348e-05,
      0.00013077855846954566,
      0.0,
      -0.00013679315651223597,
      -0.0003662694365536005,
      -0.0014722300324411636,
      -1.5878845263849978e-05,
      -0.007410056590116452,
      -0.002410969239722413,
      -0.015029972146695202,
      0.0,
      -0.004541720676405444
    ]
  ],
  "action_library": [
    {
      "type": "recruit",
      "magnitude": 1.0
    },
    {
      "type": "recruit",
      "magnitude": 2.0
    },
    {
      "type": "recruit",
      "magnitude": 3.0
    },
    {
      "type": "adjust_dose",
      "magnitude": -0.1
    },
    {
      "type": "adjust_dose",
      "magnitude": 0.1
    },
    {
      "type": "hold_enrollment",
      "magnitude": 0.0
    },
    {
      "type": "file_interim_report",
      "magnitude": 0.0
    },
    {
      "type": "implement_amendment",
      "magnitude": 0.0
    },
    {
      "type": "noop",
      "magnitude": 0.0
    }
  ],
  "metadata": {
    "step": 4800,
    "mean_reward": -4.543402078820174,
    "resume_from_checkpoint": null
  }
}