{
  "format_version": 1,
  "policy_type": "linear_softmax",
  "weights": [
    [
      -0.07061740664267653,
      -0.03165287246340547,
      -0.01501970007364766,
      -0.010941088020370457,
      -0.002084413432373703,
      -0.02601548064406787,
      -2.36342277885804e-05,
      -0.01265339453111422,
      -0.013411624343736953,
      -0.008856373410906254,
      -0.054892554554123625
    ],
    [
      0.07783417837013373,
      0.03241734382160559,
      0.043960572283198045,
      0.04185246322237491,
      0.0007081105151448872,
      0.005582000704754349,
      8.354191403879503e-05,
      0.020254952552874655,
      0.01304990736410331,
      0.019714503103311156,
      0.005594839642611974
    ],
    [
      0.16470603730198188,
      0.053759910764283596,
      0.0728714745309928,
      0.07026690349732811,
      0.0007614521123507044,
      0.005814986856173782,
      0.00014138120187908148,
      0.03297453111885705,
      0.020515994908494508,
      0.047747647927206364,
      0.01055878468343456
    ],
    [
      -0.027565834579573102,
      -0.006426282999924716,
      -0.012238358236236268,
      -0.01284276026339347,
      0.0003571603894669709,
      0.0025595038503009107,
      -0.00011799250026039805,
      -0.004993675775697366,
      -0.0027170536164600493,
      -0.01021760141802966,
      0.0021870433845200257
    ],
    [
      0.013992086454441062,
      0.003970465741860154,
      -0.004455551998040434,
      -0.00464097970609821,
      -0.000193987742397264,
      0.003955723751985535,
      -9.952426678064469e-05,
      -0.0016695342774684084,
      0.0017515693685964204,
      0.001516819527734018,
      0.016794537417502135
    ],
    [
      -0.06768330215708183,
      -0.024537304988296878,
      -0.04874937673949557,
      -0.048284934621811396,
      0.0005615871167772453,
      0.003227718896761251,
      -4.2216309731495606e-06,
      -0.019198894089052905,
      -0.010501593714759012,
      -0.015071212279986382,
      0.01607242662669854
    ],
    [
      -0.0021060135474755995,
      0.0010397673502204109,
      -0.004875860544528678,
      -0.004946945248995024,
      0.00012295579145080618,
      0.0032204661030540895,
      4.0838016183630625e-05,
      -0.0009694053993076749,
      0.00024277687375705233,
      -0.0023516555150481996,
      0.01248940008609776
    ],
    [
      -0.07469645322084945,
      -0.021656844475030274,
      -0.02132612174684542,
      -0.02011527005985048,
      -0.0002637587736930528,
      -0.0013804618156446184,
      -4.887660969997955e-05,
      -0.009731123911493916,
      -0.006468885342662175,
      -0.027336184984870164,
      -0.01881005214885723
    ],
    [
      -0.013863291978902634,
      -0.006914182751310862,
      -0.010167077475398375,
      -0.010347388799184737,
      3.0894023273428316e-05,
      0.0030355422966827465,
      2.8488103401245173e-05,
      -0.00401345568759716,
      -0.002461091497333076,
      -0.00514594294941204,
      0.010005574862115993
    ]
  ],
  "action_library": [
    {
      "type": "recruit",
      "magnitude": 1.0
    },
    {
      "type": "recruit",
      "magnitude": 2.0
    },
    {
      "type": "recruit",
      "magnitude": 3.0
    },
    {
      "type": "adjust_dose",
      "magnitude": -0.1
    },
    {
      "type": "adjust_dose",
      "magnitude": 0.1
    },
    {
      "type": "hold_enrollment",
      "magnitude": 0.0
    },
    {
      "type": "file_interim_report",
      "magnitude": 0.0
    },
    {
      "type": "implement_amendment",
      "magnitude": 0.0
    },
    {
      "type": "noop",
      "magnitude": 0.0
    }
  ],
  "metadata": {
    "step": 1900,
    "mean_reward": -4.600210218253968
  }
}