{
  "format_version": 1,
  "policy_type": "linear_softmax",
  "weights": [
    [
      0.04737255091009534,
      0.0048808948921954705,
      -0.0005739701645388176,
      -5.774737939631582e-06,
      0.0,
      -0.003105391307888281,
      -0.003381629475796326,
      0.0022511682581865047,
      -0.00010049398458914217,
      0.026761835254743602,
      -0.00734258115628932,
      0.04737255091009534,
      0.0,
      0.013738062016059833
    ],
    [
      0.13926860172891353,
      0.012373864446880382,
      -0.0007177484938515993,
      -0.0004945816248455514,
      0.0,
      -0.0019128857465966493,
      -0.0015487582892083091,
      0.0024525882568260243,
      -4.201420888936261e-05,
      0.07149339674803475,
      0.002310530530898675,
      0.13926860172891353,
      0.0,
      0.02400229687238065
    ],
    [
      0.18729776103535437,
      0.014053349577908273,
      0.00042862193140667603,
      -5.747010386450107e-05,
      0.0,
      0.0018165043605192757,
      0.0018354759921607752,
      0.0037862266260507106,
      2.596068041514076e-05,
      0.0922845781762099,
      0.00704488241782446,
      0.18729776103535437,
      0.0,
      0.028838485766131246
    ],
    [
      -0.006787481922470872,
      0.001235536364555256,
      0.0001459472449472508,
      -0.00015556018691456969,
      0.0,
      0.0006797551913293804,
      0.0009275146063282377,
      -0.0005239743667951578,
      2.564722845989691e-05,
      -0.003793526371681035,
      0.0065080862718312395,
      -0.006787481922470872,
      0.0,
      -0.0005760431501012525
    ],
    [
      0.003912535950636996,
      -0.0019092556084003836,
      0.00030504583551941233,
      0.0002464718286318425,
      0.0,
      0.0010725912539339504,
      0.0010178566604062546,
      -0.0004383825483986922,
      5.068325289957462e-05,
      9.976167374434627e-05,
      -0.0008772518185116401,
      0.003912535950636996,
      0.0,
      -0.001769127016008006
    ],
    [
      -0.3210527064119729,
      -0.021124102041508146,
      -1.1754726785279304e-05,
      7.568439519173637e-05,
      0.0,
      -0.0003634514256109718,
      -0.00039573169085884775,
      -0.005356396829900796,
      -1.904139185172216e-05,
      -0.16052996609705325,
      0.004344028005415992,
      -0.3210527064119729,
      0.0,
      -0.05106124405132448
    ],
    [
      -0.0012097494835066323,
      -0.00041579375358776936,
      0.0012602731877283146,
      0.0008679677700922791,
      0.0,
      0.005418894779132238,
      0.0050201860541081045,
      0.0005940427353670164,
      0.00012899046495582013,
      -0.004950799319226265,
      0.011503837124023935,
      -0.0012097494835066323,
      0.0,
      -0.0004030022445966375
    ],
    [
      -0.02928599343912739,
      -0.0041817181503358974,
      -0.0007641413081854371,
      -0.0005659062461021466,
      0.0,
      -0.003192674563358135,
      -0.0027772012106607106,
      -0.0006104320741778463,
      -4.639573061659182e-05,
      -0.01203641949706913,
      -0.013687505773477247,
      -0.02928599343912739,
      0.0,
      -0.006584497459547588
    ],
    [
      -0.01951551836792087,
      -0.00491277572770731,
      -7.22735062405061e-05,
      8.916890575054021e-05,
      0.0,
      -0.0004133425414607925,
      -0.0006977126464791863,
      -0.002154840057157778,
      -2.333631078361341e-05,
      -0.009328860567702556,
      -0.009804025601716206,
      -0.01951551836792087,
      0.0,
      -0.006184930732993008
    ]
  ],
  "action_library": [
    {
      "type": "recruit",
      "magnitude": 1.0
    },
    {
      "type": "recruit",
      "magnitude": 2.0
    },
    {
      "type": "recruit",
      "magnitude": 3.0
    },
    {
      "type": "adjust_dose",
      "magnitude": -0.1
    },
    {
      "type": "adjust_dose",
      "magnitude": 0.1
    },
    {
      "type": "hold_enrollment",
      "magnitude": 0.0
    },
    {
      "type": "file_interim_report",
      "magnitude": 0.0
    },
    {
      "type": "implement_amendment",
      "magnitude": 0.0
    },
    {
      "type": "noop",
      "magnitude": 0.0
    }
  ],
  "metadata": {
    "step": 4300,
    "mean_reward": -4.26017200699357,
    "resume_from_checkpoint": null
  }
}