{
  "format_version": 1,
  "policy_type": "linear_softmax",
  "weights": [
    [
      0.020634104901032624,
      0.001481386524760815,
      -0.00028746723026327597,
      -8.052074483738301e-05,
      0.0,
      -0.0015687223773323544,
      -0.0015243873345687725,
      0.00025723507138195674,
      -4.413650724678866e-05,
      0.011770375924774071,
      -0.0015315038100995801,
      0.020634104901032624,
      0.0,
      0.004902619112262613
    ],
    [
      0.04711363981843396,
      0.00862084423318768,
      -0.00015340847918927691,
      -0.00015574133101250174,
      0.0,
      -0.0005778687473088177,
      -0.00033700815432092434,
      0.0016070895665386792,
      -1.1744091647080527e-05,
      0.02396603675807969,
      0.007847992778356723,
      0.04711363981843396,
      0.0,
      0.008998850369034465
    ],
    [
      0.04673864269261343,
      0.0024184660902519944,
      0.0002767040791842078,
      1.25488081006079e-05,
      0.0,
      0.0010411819372363497,
      0.0009841171655127548,
      0.0011204583774247886,
      3.1921828735423265e-05,
      0.022298219866436268,
      -0.00045048674243900063,
      0.04673864269261343,
      0.0,
      0.00668641018411941
    ],
    [
      0.005975785897764934,
      0.004236764312885842,
      -5.17288648406891e-05,
      -0.0001013763460327022,
      0.0,
      0.00034430660555689814,
      0.00019842459428000736,
      0.0007171316294184914,
      1.8513460947119104e-05,
      0.002943189613111043,
      0.007756774560630272,
      0.005975785897764934,
      0.0,
      0.002280736770505361
    ],
    [
      -0.005060688196528804,
      -0.004144021131964072,
      4.007224071335734e-05,
      0.00014943312718598665,
      0.0,
      9.131880851455656e-05,
      0.00010335227376267449,
      -0.0011331623348366006,
      -9.461107121736279e-06,
      -0.002552911617033012,
      -0.005422289154497954,
      -0.005060688196528804,
      0.0,
      -0.0020397289099094444
    ],
    [
      -0.09984408597911652,
      -0.007933477197008782,
      6.4504264230096985e-06,
      7.919461737769449e-05,
      0.0,
      0.00010310690414323755,
      6.717644815846713e-05,
      -0.0017597282598189022,
      -1.0879944705788317e-06,
      -0.0499205043083231,
      -0.001359490200417983,
      -0.09984408597911652,
      0.0,
      -0.016927232609008153
    ],
    [
      0.001924566525417085,
      -0.00010218338591864187,
      0.0005969953422745372,
      0.0003139975339216664,
      0.0,
      0.0026533906196262785,
      0.002584700715179284,
      0.00032416740716282374,
      5.7943278438966766e-05,
      -0.0015212244954014246,
      0.0022734646912369017,
      0.001924566525417085,
      0.0,
      -0.00031260301243731187
    ],
    [
      -0.0054998842426598905,
      0.00017209591555487525,
      -0.0002718959438241,
      -0.000214341940010158,
      0.0,
      -0.0015661619488821026,
      -0.0014525801447941836,
      1.9778106744890814e-06,
      -2.6338520643241875e-05,
      -0.0016338469537122288,
      -0.0006738645602691874,
      -0.0054998842426598905,
      0.0,
      -0.0008179761673294402
    ],
    [
      -0.011982081416956987,
      -0.0047498753617497705,
      -0.00015572157047776932,
      -3.193724693210535e-06,
      0.0,
      -0.0005205518015540402,
      -0.000623795563209302,
      -0.0011351692679457397,
      -1.561034699208299e-05,
      -0.005349334787931374,
      -0.008440597562500268,
      -0.011982081416956987,
      0.0,
      -0.002771075737237503
    ]
  ],
  "action_library": [
    {
      "type": "recruit",
      "magnitude": 1.0
    },
    {
      "type": "recruit",
      "magnitude": 2.0
    },
    {
      "type": "recruit",
      "magnitude": 3.0
    },
    {
      "type": "adjust_dose",
      "magnitude": -0.1
    },
    {
      "type": "adjust_dose",
      "magnitude": 0.1
    },
    {
      "type": "hold_enrollment",
      "magnitude": 0.0
    },
    {
      "type": "file_interim_report",
      "magnitude": 0.0
    },
    {
      "type": "implement_amendment",
      "magnitude": 0.0
    },
    {
      "type": "noop",
      "magnitude": 0.0
    }
  ],
  "metadata": {
    "step": 1000,
    "mean_reward": -6.732464258725815,
    "resume_from_checkpoint": null
  }
}