{
  "format_version": 1,
  "policy_type": "linear_softmax",
  "weights": [
    [
      0.04757162875244017,
      0.004526552311527013,
      -0.0007415228875383334,
      -4.980997504576773e-05,
      0.0,
      -0.0038436045858057663,
      -0.0039862745657478745,
      0.002205095812254051,
      -0.00012810433360205763,
      0.027631489576477847,
      -0.00996926883422916,
      0.04757162875244017,
      0.0,
      0.014618954529147155
    ],
    [
      0.1573265575337508,
      0.013922481373736752,
      -0.000862401030584373,
      -0.0005391623980630165,
      0.0,
      -0.0020708241440178985,
      -0.0016565617307259762,
      0.002910250215216707,
      -4.104429307014436e-05,
      0.08115476625822612,
      0.001436718972075174,
      0.1573265575337508,
      0.0,
      0.02701493453468617
    ],
    [
      0.20880576042661048,
      0.013585891620097997,
      0.0005140673402810889,
      -5.607741237793046e-05,
      0.0,
      0.0020942863474708003,
      0.001925462321730252,
      0.003583329990546859,
      3.1810087537213e-05,
      0.10269589543812849,
      0.004262363752079604,
      0.20880576042661048,
      0.0,
      0.031622105488800546
    ],
    [
      -0.00120025243132991,
      0.005150594554310039,
      0.0003932417230599027,
      -0.00010328552174099832,
      0.0,
      0.0016366539337013635,
      0.0019326493294285268,
      -0.00011393897798734887,
      5.149101688668713e-05,
      -0.002167207751272427,
      0.01399414307333128,
      -0.00120025243132991,
      0.0,
      0.0011615311902877777
    ],
    [
      -0.0006034040853967538,
      -0.0055932332590804025,
      0.00018388774274090126,
      0.00027801605664702015,
      0.0,
      0.0002304301010329869,
      -6.775179636003915e-05,
      -0.0007540408306365389,
      1.1900956740281171e-05,
      -0.0015211168020427411,
      -0.006273952317426845,
      -0.0006034040853967538,
      0.0,
      -0.003579487623703321
    ],
    [
      -0.35972229163630315,
      -0.025029311698624424,
      -0.00012411935315620606,
      1.944570749411865e-05,
      0.0,
      -0.0005194442386528162,
      -0.000494262403105013,
      -0.0061667603530325,
      -1.1873638912076363e-05,
      -0.1794269562694802,
      0.002361175138935883,
      -0.35972229163630315,
      0.0,
      -0.05724375271605948
    ],
    [
      -0.0019205477762200185,
      0.0009209116150391447,
      0.0014491583862120527,
      0.0010037202998233058,
      0.0,
      0.005945846775098475,
      0.00557371166461204,
      0.0006350338206683621,
      0.0001359563640842118,
      -0.005940109223376149,
      0.013211604106142279,
      -0.0019205477762200185,
      0.0,
      -0.0003834707367888981
    ],
    [
      -0.03560635926170457,
      -0.006512219920836651,
      -0.0007943349136306177,
      -0.0006550793471801897,
      0.0,
      -0.0033979923153842568,
      -0.0029221848428960693,
      -0.0008224209414023261,
      -3.635244849212986e-05,
      -0.015236854885846675,
      -0.018139337437411203,
      -0.03560635926170457,
      0.0,
      -0.008797470515559513
    ],
    [
      -0.014651091521848132,
      -0.0009716665961698154,
      -1.7977007384400926e-05,
      0.00010223259044345835,
      0.0,
      -7.535187344287779e-05,
      -0.00030478797693584325,
      -0.0014765487356273128,
      -1.3783711171985071e-05,
      -0.007189906340814748,
      -0.0008834464534971773,
      -0.014651091521848132,
      0.0,
      -0.004413344150810065
    ]
  ],
  "action_library": [
    {
      "type": "recruit",
      "magnitude": 1.0
    },
    {
      "type": "recruit",
      "magnitude": 2.0
    },
    {
      "type": "recruit",
      "magnitude": 3.0
    },
    {
      "type": "adjust_dose",
      "magnitude": -0.1
    },
    {
      "type": "adjust_dose",
      "magnitude": 0.1
    },
    {
      "type": "hold_enrollment",
      "magnitude": 0.0
    },
    {
      "type": "file_interim_report",
      "magnitude": 0.0
    },
    {
      "type": "implement_amendment",
      "magnitude": 0.0
    },
    {
      "type": "noop",
      "magnitude": 0.0
    }
  ],
  "metadata": {
    "step": 5000,
    "mean_reward": -1.5343813558664843,
    "resume_from_checkpoint": null
  }
}