{
  "format_version": 1,
  "policy_type": "linear_softmax",
  "weights": [
    [
      -0.0049406802939853025,
      -0.0022928731566609338,
      -0.00017356863250220716,
      0.00029865190502257173,
      -0.00018873014138424973,
      -0.003145775774187947,
      1.5067099281565916e-05,
      -0.0008422660687746905,
      -0.001281149281997956,
      -0.00025576902997266854,
      -0.005043023760429752
    ],
    [
      0.0100126521819011,
      0.005148577360671684,
      0.006749096559991758,
      0.006118408706008666,
      0.0002775744014084272,
      0.0009878662667100015,
      7.5137357514937714e-06,
      0.002796410776156935,
      0.002120756646125864,
      0.0020785259023840207,
      0.0004704799430858705
    ],
    [
      0.017508942315906165,
      0.006828875307157438,
      0.008527715364688087,
      0.008362877815428755,
      -0.00010905355262166943,
      0.0001795526603370247,
      -9.397099948695564e-06,
      0.004198131263638347,
      0.0026088265471448883,
      0.004553489786369608,
      0.0009059064990008046
    ],
    [
      -0.0022259973832560996,
      -0.001440403087690413,
      -0.0007877583179546282,
      -0.0008595203802057034,
      8.425333311925951e-05,
      0.000808308889641016,
      -2.8335499847561283e-05,
      -0.00043750150573732395,
      -0.0003417081847574991,
      -0.001074122384991225,
      0.0003650097568907168
    ],
    [
      -0.0013177451283084124,
      -0.0015493029622100935,
      -0.0017825916668310566,
      -0.0016494410416412351,
      -8.174135953248137e-05,
      -0.0008202623772787997,
      3.0078731194663577e-06,
      -0.0011795606256901298,
      -0.0007384715921844893,
      -9.941433436248409e-05,
      -0.0008396749408468135
    ],
    [
      -0.004920682478569798,
      -0.001537665231481234,
      -0.005638087386830488,
      -0.005804878235292417,
      0.00011573277413430508,
      0.0014591518307363353,
      -8.984587342185234e-06,
      -0.001811256495195311,
      -0.0006107673583837558,
      -0.0006824093602396914,
      0.004315984944124106
    ],
    [
      2.482973161999309e-05,
      0.00020993658364778825,
      -0.001590956717845402,
      -0.0013252187990752983,
      -9.068245778666959e-05,
      0.0006504497968552303,
      2.957047325320124e-06,
      -0.00037684179436028013,
      0.00012306796173079893,
      -0.00024395636833165398,
      0.0029197514068740804
    ],
    [
      -0.012050949521320088,
      -0.004690044856028039,
      -0.0035197083240871827,
      -0.0033278325493995846,
      -3.413456220499478e-05,
      0.0004619198672704232,
      3.1631340435815366e-06,
      -0.0018258139270904959,
      -0.001527854204994867,
      -0.00431689774082399,
      -0.00421473775971811
    ],
    [
      -0.0020903694239874844,
      -0.0006770999574061693,
      -0.0017841408786289062,
      -0.0018130474208457779,
      2.6781564868074133e-05,
      -0.0005812111600832867,
      1.5008297617014388e-05,
      -0.0005213016229470242,
      -0.0003527005326829846,
      4.055352996807813e-05,
      0.001120303911019093
    ]
  ],
  "action_library": [
    {
      "type": "recruit",
      "magnitude": 1.0
    },
    {
      "type": "recruit",
      "magnitude": 2.0
    },
    {
      "type": "recruit",
      "magnitude": 3.0
    },
    {
      "type": "adjust_dose",
      "magnitude": -0.1
    },
    {
      "type": "adjust_dose",
      "magnitude": 0.1
    },
    {
      "type": "hold_enrollment",
      "magnitude": 0.0
    },
    {
      "type": "file_interim_report",
      "magnitude": 0.0
    },
    {
      "type": "implement_amendment",
      "magnitude": 0.0
    },
    {
      "type": "noop",
      "magnitude": 0.0
    }
  ],
  "metadata": {
    "step": 300,
    "mean_reward": -4.949696527777777
  }
}