{
  "format_version": 1,
  "policy_type": "linear_softmax",
  "weights": [
    [
      0.008331983399479784,
      -0.0005525228106214837,
      -0.0011090666656567085,
      -0.00012000677823311488,
      0.0,
      -0.00541039604166854,
      -0.005002326745232208,
      0.0019151271410713074,
      -0.00021035197840212983,
      0.009989299392429903,
      -0.02121153204498465,
      0.008331983399479784,
      0.0,
      0.013906368624035558
    ],
    [
      0.2739256050391557,
      0.022849857486753822,
      -0.0011500563108465204,
      -0.0008473751916943453,
      0.0,
      -0.0028096017088795164,
      -0.0022434750319396666,
      0.004992769355832311,
      4.589027193707555e-06,
      0.1397557953660832,
      0.005245316626613863,
      0.2739256050391557,
      0.0,
      0.04570295650507723
    ],
    [
      0.452923391693499,
      0.0342627463454574,
      0.00036801069594323896,
      -0.00046885593520187114,
      0.0,
      0.0018174112804716434,
      0.0018957827286673482,
      0.007939154829263781,
      1.2170930323842115e-05,
      0.22470618230696765,
      0.01466169483256614,
      0.452923391693499,
      0.0,
      0.06545201511993777
    ],
    [
      -0.02431999129591393,
      0.0021594839136230165,
      0.0006057788694647439,
      -0.00035210644771094875,
      0.0,
      0.001854815210939104,
      0.0025543156942233556,
      -0.00020800554570132496,
      8.110710621924994e-06,
      -0.014096445320076456,
      0.010565703702647323,
      -0.02431999129591393,
      0.0,
      -0.004326867294488209
    ],
    [
      -0.0031342798479699996,
      -0.003937752646269866,
      0.0004697807714266324,
      0.0006676410705851582,
      0.0,
      0.00045240274631011437,
      -0.0001615505015184443,
      -0.0015418210691736688,
      -1.5754572512828698e-05,
      -0.003565569254163546,
      0.00014731754520718132,
      -0.0031342798479699996,
      0.0,
      -0.003863022589887105
    ],
    [
      -0.6031732862788923,
      -0.039862515639682246,
      -0.00036667540059608116,
      -4.032108693084356e-05,
      0.0,
      -0.0015004467031449484,
      -0.0016091221822566888,
      -0.009545268216385032,
      -2.7256750566459632e-05,
      -0.300337533985567,
      -0.0011917983576747527,
      -0.6031732862788923,
      0.0,
      -0.09196376125528033
    ],
    [
      -0.01575173558132277,
      -0.005799875387941006,
      0.002957584909771616,
      0.0024947348312747467,
      0.0,
      0.011407862808358983,
      0.010563058591596666,
      0.0005273881146997738,
      0.00024546773243358565,
      -0.01757057871451972,
      0.015584120802124556,
      -0.01575173558132277,
      0.0,
      -0.003920365124370772
    ],
    [
      -0.05463280653913385,
      -0.007273340326746895,
      -0.0010607995647679994,
      -0.0007795338529499475,
      0.0,
      -0.003968611192652416,
      -0.003673197044608496,
      -0.0012997157607630555,
      3.5024972312330083e-06,
      -0.02382598326704918,
      -0.017448728438315415,
      -0.05463280653913385,
      0.0,
      -0.011820079030733177
    ],
    [
      -0.03416888058889272,
      -0.0018460809345728576,
      -0.0007145573047389067,
      -0.0005541766091388523,
      0.0,
      -0.0018434363997344048,
      -0.002323485508931753,
      -0.002779628848844126,
      -2.0477596322877986e-05,
      -0.015055166524101438,
      -0.006352094668184987,
      -0.03416888058889272,
      0.0,
      -0.009167244954291194
    ]
  ],
  "action_library": [
    {
      "type": "recruit",
      "magnitude": 1.0
    },
    {
      "type": "recruit",
      "magnitude": 2.0
    },
    {
      "type": "recruit",
      "magnitude": 3.0
    },
    {
      "type": "adjust_dose",
      "magnitude": -0.1
    },
    {
      "type": "adjust_dose",
      "magnitude": 0.1
    },
    {
      "type": "hold_enrollment",
      "magnitude": 0.0
    },
    {
      "type": "file_interim_report",
      "magnitude": 0.0
    },
    {
      "type": "implement_amendment",
      "magnitude": 0.0
    },
    {
      "type": "noop",
      "magnitude": 0.0
    }
  ],
  "metadata": {
    "step": 12200,
    "mean_reward": -1.240215125864709,
    "resume_from_checkpoint": null
  }
}