{
  "format_version": 1,
  "policy_type": "linear_softmax",
  "weights": [
    [
      0.022839079713486483,
      0.0006064973061604876,
      -0.0003490535883255373,
      -3.803199235435522e-05,
      0.0,
      -0.001968158814830849,
      -0.0018947171452736724,
      0.0006150618139839453,
      -5.913728535972597e-05,
      0.01312107663744778,
      -0.00483524116604717,
      0.022839079713486483,
      0.0,
      0.005798881100945793
    ],
    [
      0.05731906969046922,
      0.008895842123096978,
      -0.00038448005320118606,
      -0.00022230401794885824,
      0.0,
      -0.002031056885094099,
      -0.0015980707559874656,
      0.002090082427529043,
      -8.334325257313446e-05,
      0.029937722179101556,
      0.0055942772464426275,
      0.05731906969046922,
      0.0,
      0.010375218911894283
    ],
    [
      0.06399676021348588,
      0.002386199433479098,
      0.00032221047316188784,
      1.3813225797875089e-05,
      0.0,
      0.0014611248478056161,
      0.0013707608339828886,
      0.0012516228765763623,
      4.040702410589661e-05,
      0.030810813040331324,
      -0.00039960729475718124,
      0.06399676021348588,
      0.0,
      0.009267737044232335
    ],
    [
      0.01018041501109249,
      0.007503271689610403,
      0.00017638582615666338,
      -7.152638725114456e-05,
      0.0,
      0.001543930466354362,
      0.0014308085636901187,
      0.0006567686014525283,
      5.694766941768454e-05,
      0.003947844755622835,
      0.013450307183664231,
      0.01018041501109249,
      0.0,
      0.003505586570427154
    ],
    [
      -0.002254546185631154,
      -0.004507495102522497,
      -3.501752941271609e-05,
      0.00024092746593463185,
      0.0,
      -0.00042819715290046953,
      -0.0003821980258780695,
      -0.0015046709588869872,
      -9.61157221575437e-06,
      -0.0006395652018568045,
      -0.0051473697388595046,
      -0.002254546185631154,
      0.0,
      -0.0016055374307512044
    ],
    [
      -0.13153192973627698,
      -0.008885912272735715,
      7.133804877883639e-06,
      -1.350856144827331e-05,
      0.0,
      0.0003441636251637453,
      0.00025473174713493894,
      -0.002396898134154569,
      1.988933184070931e-05,
      -0.0660129502936778,
      0.00023761109378479442,
      -0.13153192973627698,
      0.0,
      -0.0215604318302827
    ],
    [
      0.0031774366772396164,
      0.0006687435828412407,
      0.0006479355413978282,
      0.0003142381830393808,
      0.0,
      0.002936591008930157,
      0.0027912622940091687,
      0.0005688711599613351,
      6.965886265849708e-05,
      -0.0011128954181497687,
      0.006225931884307651,
      0.0031774366772396164,
      0.0,
      0.0001963406593278928
    ],
    [
      -0.012277026119058312,
      -0.0009917170589496085,
      -0.00034934088129096784,
      -0.0003091686873333664,
      0.0,
      -0.0017328140095114592,
      -0.0015047632946040307,
      0.00015183201138612077,
      -1.7058607320804647e-05,
      -0.004676734670294891,
      -0.005542274335023178,
      -0.012277026119058312,
      0.0,
      -0.0027293389662890713
    ],
    [
      -0.011449259264806867,
      -0.005675429700980374,
      -3.5773593363853025e-05,
      8.556077156410925e-05,
      0.0,
      -0.00012558308591699408,
      -0.0004678142170738691,
      -0.0014326697978477802,
      -1.7752170553367784e-05,
      -0.0053753110285240345,
      -0.009583634873512386,
      -0.011449259264806867,
      0.0,
      -0.00324845605950462
    ]
  ],
  "action_library": [
    {
      "type": "recruit",
      "magnitude": 1.0
    },
    {
      "type": "recruit",
      "magnitude": 2.0
    },
    {
      "type": "recruit",
      "magnitude": 3.0
    },
    {
      "type": "adjust_dose",
      "magnitude": -0.1
    },
    {
      "type": "adjust_dose",
      "magnitude": 0.1
    },
    {
      "type": "hold_enrollment",
      "magnitude": 0.0
    },
    {
      "type": "file_interim_report",
      "magnitude": 0.0
    },
    {
      "type": "implement_amendment",
      "magnitude": 0.0
    },
    {
      "type": "noop",
      "magnitude": 0.0
    }
  ],
  "metadata": {
    "step": 1400,
    "mean_reward": -4.253055756249257,
    "resume_from_checkpoint": null
  }
}