{
  "format_version": 1,
  "policy_type": "linear_softmax",
  "weights": [
    [
      0.04728227091183119,
      0.001977774542130401,
      -0.00094513650559483,
      -0.0002267859624444295,
      0.0,
      -0.004118155740853755,
      -0.0041565395127403535,
      0.0016252329173255548,
      -9.533740435628596e-05,
      0.028006297294217993,
      -0.01551425777467107,
      0.04728227091183119,
      0.0,
      0.01569768099464398
    ],
    [
      0.19461615871469107,
      0.019095490501238436,
      -0.0009515123839859808,
      -0.0006374297212031778,
      0.0,
      -0.0025486171394306133,
      -0.0020789790475671905,
      0.0038640612710269012,
      -3.502455373420777e-05,
      0.0995827627911541,
      0.005692687984453774,
      0.19461615871469107,
      0.0,
      0.03356065389375394
    ],
    [
      0.2751749116882916,
      0.021145037412942384,
      0.0007366839893544556,
      -9.239768177653368e-05,
      0.0,
      0.0027456936092073833,
      0.0028720304897498156,
      0.005008589293671617,
      4.2277683828188216e-05,
      0.13460493749972324,
      0.009469259559957869,
      0.2751749116882916,
      0.0,
      0.04174976028393731
    ],
    [
      -0.00905898623450645,
      0.0032800874831671553,
      0.0005447675673181267,
      -0.0001084509852649798,
      0.0,
      0.0021774238232617504,
      0.002433256995271258,
      -0.00035061403355142907,
      4.5922597811416e-05,
      -0.006465272014378782,
      0.013968558360302738,
      -0.00905898623450645,
      0.0,
      -0.000727953077145492
    ],
    [
      -0.0037161436800679784,
      -0.0053721243557265175,
      7.888543309069722e-05,
      0.00029752225224957414,
      0.0,
      -0.0004817440950583203,
      -0.0009273268317452787,
      -0.0009789705452812579,
      -3.5931824023275536e-05,
      -0.002235868138845498,
      -0.006200907910948964,
      -0.0037161436800679784,
      0.0,
      -0.004419903227046822
    ],
    [
      -0.4338752850175408,
      -0.029014936336061864,
      -0.00029344658895365944,
      -8.012206290904318e-05,
      0.0,
      -0.001221242202497544,
      -0.0011757390282860116,
      -0.007110287345765277,
      -3.713523757284174e-05,
      -0.21595131670546033,
      0.003704411594997771,
      -0.4338752850175408,
      0.0,
      -0.06794649128112937
    ],
    [
      -0.0058368314042036495,
      -0.0012403244728451583,
      0.001929091153865331,
      0.0014769722950033282,
      0.0,
      0.007880015619167378,
      0.007408007871330235,
      0.0007435708611602996,
      0.00017254121617755658,
      -0.009504024891421726,
      0.015493847840489787,
      -0.0058368314042036495,
      0.0,
      -0.0010489538693593213
    ],
    [
      -0.040144849624977184,
      -0.006691917664260301,
      -0.0010058112816145957,
      -0.0006530416350721533,
      0.0,
      -0.004112192785826223,
      -0.003770622889127487,
      -0.0006034346100598704,
      -4.6955829519159044e-05,
      -0.01635063845801499,
      -0.01924993825599158,
      -0.040144849624977184,
      0.0,
      -0.009855478409729997
    ],
    [
      -0.024441245353519513,
      -0.003179087110585058,
      -9.352138347953415e-05,
      2.373350141741662e-05,
      0.0,
      -0.00032118108797003753,
      -0.0006040880468849568,
      -0.002198147808526522,
      -1.0356648611391093e-05,
      -0.011686877376974781,
      -0.007363661398590475,
      -0.024441245353519513,
      0.0,
      -0.007009315307922625
    ]
  ],
  "action_library": [
    {
      "type": "recruit",
      "magnitude": 1.0
    },
    {
      "type": "recruit",
      "magnitude": 2.0
    },
    {
      "type": "recruit",
      "magnitude": 3.0
    },
    {
      "type": "adjust_dose",
      "magnitude": -0.1
    },
    {
      "type": "adjust_dose",
      "magnitude": 0.1
    },
    {
      "type": "hold_enrollment",
      "magnitude": 0.0
    },
    {
      "type": "file_interim_report",
      "magnitude": 0.0
    },
    {
      "type": "implement_amendment",
      "magnitude": 0.0
    },
    {
      "type": "noop",
      "magnitude": 0.0
    }
  ],
  "metadata": {
    "step": 6800,
    "mean_reward": -1.141472400817107,
    "resume_from_checkpoint": null
  }
}