{
  "format_version": 1,
  "policy_type": "linear_softmax",
  "weights": [
    [
      0.01638529711654273,
      0.0006164280181005664,
      -0.0010139049153199166,
      -0.00018341646440566566,
      0.0,
      -0.004286947487665384,
      -0.004243123180893705,
      0.0021280514648584913,
      -0.0001469411850320672,
      0.012926533960375994,
      -0.02045642963942588,
      0.01638529711654273,
      0.0,
      0.01441214004649569
    ],
    [
      0.26194699142828387,
      0.02129098659403794,
      -0.0011805304898232184,
      -0.0007361688079150722,
      0.0,
      -0.003096520898219458,
      -0.0025107711197808005,
      0.004701489112793792,
      -4.770070541067326e-05,
      0.13430944814199275,
      0.0037144685109607284,
      0.26194699142828387,
      0.0,
      0.04360179387302799
    ],
    [
      0.43124266805207906,
      0.033761151963871285,
      0.0007044145531782511,
      -0.0002754806209713297,
      0.0,
      0.0027327636793854,
      0.002640518367610797,
      0.007724871078203628,
      2.8446245330872606e-05,
      0.2132179842739307,
      0.019451407790354255,
      0.43124266805207906,
      0.0,
      0.06342900548696896
    ],
    [
      -0.02354062714978491,
      0.0024670980620900306,
      0.0006616166045687295,
      -0.0003773950542090372,
      0.0,
      0.002014060237850752,
      0.003031930335103174,
      -9.034816225582237e-05,
      3.417104787618005e-05,
      -0.014295121953310676,
      0.009942645175558784,
      -0.02354062714978491,
      0.0,
      -0.004496998924194339
    ],
    [
      -0.0020799112314716464,
      -0.004317301051413471,
      0.0004748908817856934,
      0.0005831847701856297,
      0.0,
      0.0007759594829966627,
      -8.946227541659215e-05,
      -0.0015565963644850658,
      1.3322203170545939e-06,
      -0.0030320154853297958,
      -0.0006436521936937575,
      -0.0020799112314716464,
      0.0,
      -0.0036586746102541647
    ],
    [
      -0.5821060065437222,
      -0.038311877269976605,
      -0.00032555291931551656,
      -6.742941905423547e-05,
      0.0,
      -0.0015595042418152251,
      -0.0016220794165527918,
      -0.00931558504293541,
      -3.844006399464593e-05,
      -0.29001087444440937,
      0.00018591273483958961,
      -0.5821060065437222,
      0.0,
      -0.08872323897703112
    ],
    [
      -0.015154416536029221,
      -0.006574645760607782,
      0.0024889636006294354,
      0.002234049678563153,
      0.0,
      0.009618153003358736,
      0.009063665437919687,
      0.00021054378800731285,
      0.00020283047386588716,
      -0.015518974979833816,
      0.013516448366995991,
      -0.015154416536029221,
      0.0,
      -0.003938008014501803
    ],
    [
      -0.0504998671311027,
      -0.005360421494007056,
      -0.0011017806669157478,
      -0.0007609173775181754,
      0.0,
      -0.00425451059976441,
      -0.004033363417350338,
      -0.0007772716231097185,
      -1.7390272497169336e-06,
      -0.021568574948986705,
      -0.016420436556670803,
      -0.0504998671311027,
      0.0,
      -0.010900138116060946
    ],
    [
      -0.03619412800479197,
      -0.003571419062094975,
      -0.0007081166487876955,
      -0.0004164267046752851,
      0.0,
      -0.0019434531761270417,
      -0.002237314730639311,
      -0.0030251542510771816,
      -3.195900570289343e-05,
      -0.01602840456442746,
      -0.009290364188919618,
      -0.03619412800479197,
      0.0,
      -0.009725880764450136
    ]
  ],
  "action_library": [
    {
      "type": "recruit",
      "magnitude": 1.0
    },
    {
      "type": "recruit",
      "magnitude": 2.0
    },
    {
      "type": "recruit",
      "magnitude": 3.0
    },
    {
      "type": "adjust_dose",
      "magnitude": -0.1
    },
    {
      "type": "adjust_dose",
      "magnitude": 0.1
    },
    {
      "type": "hold_enrollment",
      "magnitude": 0.0
    },
    {
      "type": "file_interim_report",
      "magnitude": 0.0
    },
    {
      "type": "implement_amendment",
      "magnitude": 0.0
    },
    {
      "type": "noop",
      "magnitude": 0.0
    }
  ],
  "metadata": {
    "step": 11300,
    "mean_reward": -1.8798478648805332,
    "resume_from_checkpoint": null
  }
}