{
  "format_version": 1,
  "policy_type": "linear_softmax",
  "weights": [
    [
      0.05138902414616844,
      0.004575817387980388,
      -0.0010016884637336898,
      -0.00013099331870844954,
      0.0,
      -0.004562643745528427,
      -0.0046295039534219205,
      0.0017285653075541606,
      -0.00012489858202863524,
      0.030632629522878284,
      -0.009145234282225165,
      0.05138902414616844,
      0.0,
      0.01652384363129508
    ],
    [
      0.17169948874910337,
      0.015618683393170128,
      -0.000989679176140287,
      -0.0006098168125568324,
      0.0,
      -0.002793125681543522,
      -0.0022350572762367886,
      0.003354612989893647,
      -5.1522255491123475e-05,
      0.08856696832692247,
      0.000266149407612734,
      0.17169948874910337,
      0.0,
      0.029040459527065063
    ],
    [
      0.2402412157424387,
      0.016306336207995886,
      0.0009423147818029046,
      -4.13940821213264e-05,
      0.0,
      0.003589125168969861,
      0.0034174448615812304,
      0.0044155012946568,
      6.73119097991603e-05,
      0.1161616010385203,
      0.006686075027495061,
      0.2402412157424387,
      0.0,
      0.03606461669587404
    ],
    [
      -0.0029665615444002605,
      0.005080527833510874,
      0.0006023076077459556,
      -7.818374755175914e-05,
      0.0,
      0.002694239919116636,
      0.002880595276829596,
      0.0001297734549221731,
      7.328870181678689e-05,
      -0.003849449531886018,
      0.01627219356521896,
      -0.0029665615444002605,
      0.0,
      0.0007027984190016268
    ],
    [
      -0.0014774234651272413,
      -0.004819743868091541,
      9.75845668983734e-05,
      0.00034012353101683576,
      0.0,
      -0.0002658757378586466,
      -0.0006382303454795329,
      -0.0008890234238457551,
      -2.9999912917273883e-05,
      -0.001202604512590024,
      -0.006247208015615279,
      -0.0014774234651272413,
      0.0,
      -0.0036544196020298833
    ],
    [
      -0.39671057054206443,
      -0.026727416399991735,
      -0.0002208405916184212,
      -2.94496785866887e-05,
      0.0,
      -0.0007418527149453183,
      -0.0006907896817398148,
      -0.006715263023278887,
      -2.5345255400268485e-05,
      -0.19763275909246056,
      0.0023737196648047857,
      -0.39671057054206443,
      0.0,
      -0.06300827185600084
    ],
    [
      -0.0038419181668546535,
      -0.0003687850288481072,
      0.0015682522369937244,
      0.0012727111779876656,
      0.0,
      0.006186506854368981,
      0.0058385235716251795,
      0.0007136806410888086,
      0.00012949875464080595,
      -0.00712459358521805,
      0.014197402504378566,
      -0.0038419181668546535,
      0.0,
      -0.00035289528324064523
    ],
    [
      -0.039785360494102695,
      -0.007392322417849554,
      -0.0009046812950172092,
      -0.0006815900826137387,
      0.0,
      -0.003907153401121234,
      -0.003478814857927,
      -0.0009099667826929458,
      -4.168842864577553e-05,
      -0.016683821649899233,
      -0.02059339318986159,
      -0.039785360494102695,
      0.0,
      -0.009973549488621095
    ],
    [
      -0.01854789442516264,
      -0.0022730971078767062,
      -9.35696669313358e-05,
      -4.1406986865704007e-05,
      0.0,
      -0.00019922066145832917,
      -0.00046416759523095695,
      -0.0018278804582980085,
      3.3550682263231134e-06,
      -0.00886797051626823,
      -0.003809704681808328,
      -0.01854789442516264,
      0.0,
      -0.005342582043342633
    ]
  ],
  "action_library": [
    {
      "type": "recruit",
      "magnitude": 1.0
    },
    {
      "type": "recruit",
      "magnitude": 2.0
    },
    {
      "type": "recruit",
      "magnitude": 3.0
    },
    {
      "type": "adjust_dose",
      "magnitude": -0.1
    },
    {
      "type": "adjust_dose",
      "magnitude": 0.1
    },
    {
      "type": "hold_enrollment",
      "magnitude": 0.0
    },
    {
      "type": "file_interim_report",
      "magnitude": 0.0
    },
    {
      "type": "implement_amendment",
      "magnitude": 0.0
    },
    {
      "type": "noop",
      "magnitude": 0.0
    }
  ],
  "metadata": {
    "step": 5800,
    "mean_reward": -6.977830255732535,
    "resume_from_checkpoint": null
  }
}