{
  "format_version": 1,
  "policy_type": "linear_softmax",
  "weights": [
    [
      0.050567450605922874,
      0.003960106742314726,
      -0.0009629989014476563,
      -0.0001972119464888206,
      0.0,
      -0.0042752968531725956,
      -0.004310380010138113,
      0.0017562322005493555,
      -0.0001097148458196356,
      0.02982176541480512,
      -0.012123529284683927,
      0.050567450605922874,
      0.0,
      0.01653109588173127
    ],
    [
      0.1841978176113987,
      0.016581520911167023,
      -0.0009195746169620809,
      -0.0005926290966669122,
      0.0,
      -0.0021854788532269425,
      -0.001799562077757154,
      0.0033918674372808866,
      -3.1495840368976897e-05,
      0.09426411724503558,
      0.0024599862976823804,
      0.1841978176113987,
      0.0,
      0.03135800274314682
    ],
    [
      0.2635182689367366,
      0.02087542716415577,
      0.000857247253699938,
      -9.662315354699707e-05,
      0.0,
      0.0030502077617874743,
      0.0031909876268108673,
      0.004911481174488746,
      5.071417647313234e-05,
      0.12822818123040985,
      0.009816759652399367,
      0.2635182689367366,
      0.0,
      0.04010133627636236
    ],
    [
      -0.010016816395821006,
      0.0014833098715106353,
      0.0005386390586615872,
      -9.044717050278806e-05,
      0.0,
      0.002506317644951618,
      0.0027557874553342434,
      -0.0004040773306870462,
      6.0844490363831255e-05,
      -0.006983008374322353,
      0.01283986163213601,
      -0.010016816395821006,
      0.0,
      -0.0010490501036817424
    ],
    [
      -0.0012326538286275403,
      -0.0043640449524462695,
      9.432055252821003e-05,
      0.0002907869293907042,
      0.0,
      -0.00030284469080913963,
      -0.0007635269056923082,
      -0.0008276101808237143,
      -3.179395289056465e-05,
      -0.0010919037282015084,
      -0.004721869581091354,
      -0.0012326538286275403,
      0.0,
      -0.003688640276018242
    ],
    [
      -0.4209273626949013,
      -0.02819189891913791,
      -0.0003843381289371007,
      -6.36602770490308e-05,
      0.0,
      -0.0016924945301116739,
      -0.001650562395028538,
      -0.006951610803456508,
      -5.0829839548070316e-05,
      -0.20900240225975225,
      0.002623140321784611,
      -0.4209273626949013,
      0.0,
      -0.06626373950686507
    ],
    [
      -0.004125849365930741,
      -0.00029882231737641163,
      0.0017381535082971202,
      0.0014033789064390586,
      0.0,
      0.0069750935088341535,
      0.006569625393312625,
      0.0009488803465227579,
      0.00015053572801957337,
      -0.007884537605667135,
      0.015284029607438687,
      -0.004125849365930741,
      0.0,
      -0.0005441088814765514
    ],
    [
      -0.03853612061764288,
      -0.006178164879644822,
      -0.0009021008159910113,
      -0.0006780728952991559,
      0.0,
      -0.0038991770801694646,
      -0.0035323965713436327,
      -0.0006268833944167421,
      -3.6600921065825e-05,
      -0.01607117018768098,
      -0.01875205058043244,
      -0.03853612061764288,
      0.0,
      -0.009578488781320123
    ],
    [
      -0.023444734251135458,
      -0.003867433620543035,
      -5.934790984899231e-05,
      2.447870372394874e-05,
      0.0,
      -0.0001763269080834236,
      -0.00045997251549797954,
      -0.002198279449457724,
      -1.6589951634642514e-06,
      -0.011281041734627538,
      -0.007426328065233649,
      -0.023444734251135458,
      0.0,
      -0.006866407351877327
    ]
  ],
  "action_library": [
    {
      "type": "recruit",
      "magnitude": 1.0
    },
    {
      "type": "recruit",
      "magnitude": 2.0
    },
    {
      "type": "recruit",
      "magnitude": 3.0
    },
    {
      "type": "adjust_dose",
      "magnitude": -0.1
    },
    {
      "type": "adjust_dose",
      "magnitude": 0.1
    },
    {
      "type": "hold_enrollment",
      "magnitude": 0.0
    },
    {
      "type": "file_interim_report",
      "magnitude": 0.0
    },
    {
      "type": "implement_amendment",
      "magnitude": 0.0
    },
    {
      "type": "noop",
      "magnitude": 0.0
    }
  ],
  "metadata": {
    "step": 6400,
    "mean_reward": -1.8808859573629093,
    "resume_from_checkpoint": null
  }
}