{
  "format_version": 1,
  "policy_type": "linear_softmax",
  "weights": [
    [
      0.041009340579378294,
      0.0004824643912596854,
      -0.0009874154282022325,
      -8.203707369873741e-05,
      0.0,
      -0.004643021844020706,
      -0.004659262650838342,
      0.0018379328263870242,
      -0.00013948614227787026,
      0.02559565128303,
      -0.018895621949307554,
      0.041009340579378294,
      0.0,
      0.015298217730284338
    ],
    [
      0.21214308668471185,
      0.01897555984042594,
      -0.0010551712212814547,
      -0.0005912802517951214,
      0.0,
      -0.00303786112251405,
      -0.002648551212237975,
      0.0036991936647781435,
      -5.834411071481971e-05,
      0.10875239314630306,
      0.003948549360317042,
      0.21214308668471185,
      0.0,
      0.036150027450407386
    ],
    [
      0.3171112406533883,
      0.025055988401153636,
      0.000577876378309339,
      -0.00021315985267432365,
      0.0,
      0.0021540583281472133,
      0.0023092725525671277,
      0.005529040679941958,
      4.753322276992412e-05,
      0.15600091440540473,
      0.014810235979214643,
      0.3171112406533883,
      0.0,
      0.04850743665056094
    ],
    [
      -0.012842349252007092,
      0.0027098645273630636,
      0.00046383278784352654,
      -8.541355028003929e-05,
      0.0,
      0.0014470291726181997,
      0.0021048479159186946,
      -0.0004351750639402428,
      2.0988017614290377e-05,
      -0.007736959116479743,
      0.01204747850960868,
      -0.012842349252007092,
      0.0,
      -0.0016645412425744619
    ],
    [
      -0.002524189134375726,
      -0.004970680250032234,
      0.000450644180060111,
      0.0002892931843438026,
      0.0,
      0.0015209889196214359,
      0.0007859193557343822,
      -0.0010496694650190992,
      3.9847434447156215e-05,
      -0.0035815970578084435,
      -0.0035381053935136133,
      -0.002524189134375726,
      0.0,
      -0.004113654959531657
    ],
    [
      -0.47748526475376835,
      -0.03215590253356208,
      -0.0003999573511548319,
      -8.364935160015413e-05,
      0.0,
      -0.0016361672573806905,
      -0.0015328093096431445,
      -0.007874861583367188,
      -4.5077381208852823e-05,
      -0.23713584371350396,
      0.0013005939375531185,
      -0.47748526475376835,
      0.0,
      -0.07417818435420721
    ],
    [
      -0.008053920848293709,
      -0.0020076192255906898,
      0.0019649718650387132,
      0.0015921733996845397,
      0.0,
      0.008019504621129325,
      0.007533684462214874,
      0.0007770030753703102,
      0.0001772239841958494,
      -0.010667993526171982,
      0.015740265179899668,
      -0.008053920848293709,
      0.0,
      -0.0021999154522514253
    ],
    [
      -0.045994923157207324,
      -0.00767160646424392,
      -0.001070069973625056,
      -0.0007282505833000313,
      0.0,
      -0.0041796090770464984,
      -0.003999699578717915,
      -0.0005797593552029384,
      -3.385524467056151e-05,
      -0.01919499043336578,
      -0.021883694609154698,
      -0.045994923157207324,
      0.0,
      -0.011301187406408607
    ],
    [
      -0.02336302077182994,
      -0.00041806868677420625,
      5.528876301189755e-05,
      -9.767592067993897e-05,
      0.0,
      0.0003550782594457273,
      0.00010659846500233294,
      -0.0019037047789479734,
      -8.829780155116617e-06,
      -0.01203157498741037,
      -0.0035297010146177086,
      -0.02336302077182994,
      0.0,
      -0.0064981984162773105
    ]
  ],
  "action_library": [
    {
      "type": "recruit",
      "magnitude": 1.0
    },
    {
      "type": "recruit",
      "magnitude": 2.0
    },
    {
      "type": "recruit",
      "magnitude": 3.0
    },
    {
      "type": "adjust_dose",
      "magnitude": -0.1
    },
    {
      "type": "adjust_dose",
      "magnitude": 0.1
    },
    {
      "type": "hold_enrollment",
      "magnitude": 0.0
    },
    {
      "type": "file_interim_report",
      "magnitude": 0.0
    },
    {
      "type": "implement_amendment",
      "magnitude": 0.0
    },
    {
      "type": "noop",
      "magnitude": 0.0
    }
  ],
  "metadata": {
    "step": 7900,
    "mean_reward": -2.0962531262820443,
    "resume_from_checkpoint": null
  }
}