{
  "format_version": 1,
  "policy_type": "linear_softmax",
  "weights": [
    [
      -0.006797956787785142,
      -0.003626229702921983,
      -0.0005493042079089425,
      -8.331547128824229e-05,
      0.0,
      -0.0023102033165944996,
      -0.0022951246080280666,
      -0.0003963539929416316,
      -0.0002282910378674153,
      -0.0007406185115646276,
      -0.005996286014393017,
      -0.006797956787785142,
      0.0,
      -0.0015319252031827336
    ],
    [
      0.019807854785644802,
      0.0026788380802933416,
      2.441440061372713e-05,
      -9.43157204315105e-06,
      0.0,
      0.00017611174546625032,
      6.100197137075247e-05,
      0.0005211993655190307,
      2.5451454550051005e-05,
      0.009765585829412123,
      0.0029251696814414823,
      0.019807854785644802,
      0.0,
      0.0045682461904550725
    ],
    [
      0.026875319452186703,
      0.002598927272428757,
      7.48867618340731e-06,
      3.8982622924888437e-05,
      0.0,
      1.8955237093435925e-05,
      8.634830194945545e-05,
      0.000799225789781649,
      1.3980087964048482e-06,
      0.013422794603246658,
      0.00019750830761022513,
      0.026875319452186703,
      0.0,
      0.005708667893374787
    ],
    [
      0.004482151810735932,
      0.0025906560562184945,
      6.222751681848589e-05,
      -5.82572195658851e-06,
      0.0,
      0.0001565433817062246,
      0.0002625884276866488,
      0.00020882314547211072,
      2.373943495426913e-05,
      0.001793370189772002,
      0.004039418543780161,
      0.004482151810735932,
      0.0,
      0.001530462310437796
    ],
    [
      0.0005942250527486961,
      -0.0008896794319815253,
      -9.044341664737243e-06,
      5.368748386215984e-06,
      0.0,
      9.424653257593408e-06,
      0.00025810396034260853,
      -0.00027932821263172524,
      6.551222248440879e-06,
      0.0003346510205910265,
      -0.0005330839621097591,
      0.0005942250527486961,
      0.0,
      -8.632025580184811e-05
    ],
    [
      -0.03930648925192062,
      -0.0020484493235483382,
      0.00022934805745178556,
      0.00010174122358153434,
      0.0,
      0.0011145765072871805,
      0.0008573718354876656,
      -0.0006956110670757548,
      9.636864282139365e-05,
      -0.0205073171059676,
      0.0017321801351655958,
      -0.03930648925192062,
      0.0,
      -0.007865379545451872
    ],
    [
      0.0029661948179365116,
      0.0013476386417477092,
      0.0002890428217281432,
      0.00012954602951760084,
      0.0,
      0.0012177647909816015,
      0.0012022734463199047,
      0.0003025851886394029,
      9.952351812827161e-05,
      0.00026183376250496547,
      0.002987839996733644,
      0.0029661948179365116,
      0.0,
      0.00065477848957018
    ],
    [
      -0.005345311076178103,
      -0.001107239292290019,
      -8.980794953217655e-05,
      -0.00014359774748491503,
      0.0,
      -0.0006006015271934721,
      -0.0005729219126500432,
      -6.961450934857603e-05,
      -5.5367936092047525e-05,
      -0.0023271729838496616,
      -0.0027775958051224677,
      -0.005345311076178103,
      0.0,
      -0.0015870126256947524
    ],
    [
      -0.003275988803369168,
      -0.0015444622999464229,
      3.5635026310306025e-05,
      -3.346811163734258e-05,
      0.0,
      0.00021742852799568258,
      0.00014035857752106278,
      -0.0003909257074145077,
      3.062669246063132e-05,
      -0.0020031268041450813,
      -0.002575150883105788,
      -0.003275988803369168,
      0.0,
      -0.001391517253706668
    ]
  ],
  "action_library": [
    {
      "type": "recruit",
      "magnitude": 1.0
    },
    {
      "type": "recruit",
      "magnitude": 2.0
    },
    {
      "type": "recruit",
      "magnitude": 3.0
    },
    {
      "type": "adjust_dose",
      "magnitude": -0.1
    },
    {
      "type": "adjust_dose",
      "magnitude": 0.1
    },
    {
      "type": "hold_enrollment",
      "magnitude": 0.0
    },
    {
      "type": "file_interim_report",
      "magnitude": 0.0
    },
    {
      "type": "implement_amendment",
      "magnitude": 0.0
    },
    {
      "type": "noop",
      "magnitude": 0.0
    }
  ],
  "metadata": {
    "step": 600,
    "mean_reward": -2.277964256512114,
    "resume_from_checkpoint": null,
    "iteration": 2,
    "benchmark_previous": {
      "episodes": 12,
      "policies": [
        "random",
        "heuristic",
        "trained"
      ]
    },
    "disease_metrics": {
      "random": {
        "type2_diabetes": {
          "total_reward": -1.4636011147052372,
          "composite_efficiency": 0.2764769716381783,
          "efficacy": 0.17901527205548326,
          "safety": -0.75,
          "compliance": -0.7,
          "cost": -0.255,
          "progress": 0.1213235294117647,
          "correction_triggers": 7.75,
          "stage_transitions": 0.0
        },
        "hypertension": {
          "total_reward": -2.8655515958825024,
          "composite_efficiency": 0.2500548365529594,
          "efficacy": 0.2609400772288191,
          "safety": -0.75,
          "compliance": -0.7,
          "cost": -0.735,
          "progress": 0.055723622782446317,
          "correction_triggers": 14.0,
          "stage_transitions": 0.0
        },
        "nsclc": {
          "total_reward": -2.3680542380844742,
          "composite_efficiency": 0.29269954011117383,
          "efficacy": 0.08408673175860883,
          "safety": -0.5,
          "compliance": -0.4,
          "cost": -0.263125,
          "progress": 0.07137254901960785,
          "correction_triggers": 11.75,
          "stage_transitions": 0.0
        }
      },
      "heuristic": {
        "type2_diabetes": {
          "total_reward": -0.50839254155073,
          "composite_efficiency": 0.24909998304051836,
          "efficacy": 0.23244988128362853,
          "safety": -1.0,
          "compliance": -1.0,
          "cost": -0.2175,
          "progress": 0.12,
          "correction_triggers": 2.0,
          "stage_transitions": 0.0
        },
        "hypertension": {
          "total_reward": -0.8666626561275919,
          "composite_efficiency": 0.2669103374334948,
          "efficacy": 0.26361095839989584,
          "safety": -1.0,
          "compliance": -1.0,
          "cost": -0.230625,
          "progress": 0.12,
          "correction_triggers": 3.5,
          "stage_transitions": 0.0
        },
        "nsclc": {
          "total_reward": -0.5330464580566001,
          "composite_efficiency": 0.23903715997689795,
          "efficacy": 0.1620101198382856,
          "safety": -1.0,
          "compliance": -1.0,
          "cost": -0.2175,
          "progress": 0.12,
          "correction_triggers": 2.0,
          "stage_transitions": 0.0
        }
      },
      "trained": {
        "type2_diabetes": {
          "total_reward": -0.50839254155073,
          "composite_efficiency": 0.24909998304051836,
          "efficacy": 0.23244988128362853,
          "safety": -1.0,
          "compliance": -1.0,
          "cost": -0.2175,
          "progress": 0.12,
          "correction_triggers": 2.0,
          "stage_transitions": 0.0
        },
        "hypertension": {
          "total_reward": -0.8766700464910487,
          "composite_efficiency": 0.2526140654856994,
          "efficacy": 0.26361095839989584,
          "safety": -1.0,
          "compliance": -1.0,
          "cost": -0.230625,
          "progress": 0.12,
          "correction_triggers": 3.5,
          "stage_transitions": 0.0
        },
        "nsclc": {
          "total_reward": -0.5330464580566001,
          "composite_efficiency": 0.23903715997689795,
          "efficacy": 0.1620101198382856,
          "safety": -1.0,
          "compliance": -1.0,
          "cost": -0.2175,
          "progress": 0.12,
          "correction_triggers": 2.0,
          "stage_transitions": 0.0
        }
      }
    },
    "phase_metrics": {
      "random": {
        "stage1": {
          "composite_efficiency": 0.3386217488210177,