{
  "format_version": 1,
  "policy_type": "linear_softmax",
  "weights": [
    [
      0.047146980455839226,
      0.0020297541332670067,
      -0.0009416079452748525,
      -0.00024075642014048708,
      0.0,
      -0.004132779606206637,
      -0.004158626123207805,
      0.0015876400630125583,
      -9.469790462124534e-05,
      0.02793812988693234,
      -0.015395378449370339,
      0.047146980455839226,
      0.0,
      0.015640231359888835
    ],
    [
      0.1910887718401991,
      0.017697807510911486,
      -0.0009400709422066928,
      -0.0006209074873321143,
      0.0,
      -0.0023916622317019447,
      -0.001947824646302128,
      0.00358299003253328,
      -3.498326352432313e-05,
      0.09780221242784513,
      0.0036081300976470825,
      0.1910887718401991,
      0.0,
      0.03271451505206013
    ],
    [
      0.27191282878398815,
      0.021000593776762798,
      0.0007741872384722973,
      -0.00011745353600274322,
      0.0,
      0.0029816369486564123,
      0.0030821454990611263,
      0.004880863224019038,
      5.2396364316657786e-05,
      0.13275516774876417,
      0.008984581594873732,
      0.27191282878398815,
      0.0,
      0.0411590240871878
    ],
    [
      -0.008432574185146355,
      0.003380608314037281,
      0.0006070810319411044,
      -7.286259459739524e-05,
      0.0,
      0.0024352005559244547,
      0.0026728374494114967,
      -0.0003057055679312711,
      5.324022814766346e-05,
      -0.006401271637208106,
      0.014767786086122536,
      -0.008432574185146355,
      0.0,
      -0.0005876623016092224
    ],
    [
      -0.003318903685898283,
      -0.005583550610642587,
      6.45723882065844e-05,
      0.0003099565402905336,
      0.0,
      -0.0006023202750028864,
      -0.0010644733803055716,
      -0.0009355428098822758,
      -4.150770445005286e-05,
      -0.001994851762436931,
      -0.006164585259241667,
      -0.003318903685898283,
      0.0,
      -0.004236663110424902
    ],
    [
      -0.43043351648682304,
      -0.028476611345240207,
      -0.00029251375875182406,
      -7.050402423416493e-05,
      0.0,
      -0.0012506916158222911,
      -0.001210630402747072,
      -0.00698378466236677,
      -3.8935201825422164e-05,
      -0.21422384848874856,
      0.004105535927853277,
      -0.43043351648682304,
      0.0,
      -0.06735565067459438
    ],
    [
      -0.00536439949938165,
      -0.0007988392422303276,
      0.0018760996048120537,
      0.0014523801357962253,
      0.0,
      0.007640783495278901,
      0.007199877501872216,
      0.0009256220251539718,
      0.00016566899553763196,
      -0.009056555662646912,
      0.01537535496068889,
      -0.00536439949938165,
      0.0,
      -0.0009172892957146017
    ],
    [
      -0.03806545635588587,
      -0.005925667894364811,
      -0.0010021133981601947,
      -0.0006774837461465937,
      0.0,
      -0.004099145617071731,
      -0.0037244910524511406,
      -0.0005687175045335642,
      -4.4128216997835535e-05,
      -0.015368585166634396,
      -0.018191656587376166,
      -0.03806545635588587,
      0.0,
      -0.009504923535604823
    ],
    [
      -0.024533730866892256,
      -0.003324094642501086,
      -0.00014563421903846362,
      3.763113236674227e-05,
      0.0,
      -0.0005810216540542551,
      -0.0008488148453310989,
      -0.00218336480000495,
      -1.7053296583074307e-05,
      -0.011450397345867344,
      -0.007089768371197457,
      -0.024533730866892256,
      0.0,
      -0.0069115815811871305
    ]
  ],
  "action_library": [
    {
      "type": "recruit",
      "magnitude": 1.0
    },
    {
      "type": "recruit",
      "magnitude": 2.0
    },
    {
      "type": "recruit",
      "magnitude": 3.0
    },
    {
      "type": "adjust_dose",
      "magnitude": -0.1
    },
    {
      "type": "adjust_dose",
      "magnitude": 0.1
    },
    {
      "type": "hold_enrollment",
      "magnitude": 0.0
    },
    {
      "type": "file_interim_report",
      "magnitude": 0.0
    },
    {
      "type": "implement_amendment",
      "magnitude": 0.0
    },
    {
      "type": "noop",
      "magnitude": 0.0
    }
  ],
  "metadata": {
    "step": 6700,
    "mean_reward": -1.2180979803112664,
    "resume_from_checkpoint": null
  }
}