{
  "format_version": 1,
  "policy_type": "linear_softmax",
  "weights": [
    [
      0.006235427535442145,
      0.003617359842629673,
      -0.0011069239970928578,
      -0.0001532815362302683,
      0.0,
      -0.004962519347616225,
      -0.004449916985297255,
      0.0024858164188810367,
      -0.00017737346228804285,
      0.00892174081867713,
      -0.01641507062773629,
      0.006235427535442145,
      0.0,
      0.01510038496822028
    ],
    [
      0.2851231289595168,
      0.022614580548178827,
      -0.0012896850207772613,
      -0.0008976432038060217,
      0.0,
      -0.003652794033231994,
      -0.0031198413151554616,
      0.004802520647643246,
      -2.002391582090148e-05,
      0.1459869459055188,
      0.006258702337472789,
      0.2851231289595168,
      0.0,
      0.04771338689534263
    ],
    [
      0.47588828304018177,
      0.032281520281613164,
      0.0006126986650238568,
      -0.00037213984104992665,
      0.0,
      0.002360480036509946,
      0.002290506500206003,
      0.008096693858596187,
      2.786060610073705e-06,
      0.23521354519634627,
      0.009310813425429904,
      0.47588828304018177,
      0.0,
      0.06674965517316261
    ],
    [
      -0.025285442173195397,
      0.00278259922775859,
      0.0006529992257003726,
      -0.00031605131405603007,
      0.0,
      0.0021045731104282536,
      0.0027621096899531072,
      -0.0002352581625837897,
      9.112668358978713e-06,
      -0.014909894905472938,
      0.011876380092387825,
      -0.025285442173195397,
      0.0,
      -0.004329813181914196
    ],
    [
      -0.005854079240915038,
      -0.0052701741399963226,
      0.00013620698252901148,
      0.0005501617378918887,
      0.0,
      -0.0010314096694638843,
      -0.0016139049473627312,
      -0.001728331168659633,
      -5.4989240085519294e-05,
      -0.0035932547773422263,
      -0.0015075082708955097,
      -0.005854079240915038,
      0.0,
      -0.00441703553338652
    ],
    [
      -0.6258168053339463,
      -0.040339992539941034,
      -0.0004014830916016321,
      -7.223938991516352e-05,
      0.0,
      -0.0013968056779766957,
      -0.0015147673680860857,
      -0.009719828675827115,
      -2.081554495341872e-05,
      -0.3113953871738327,
      -0.0014789520369945792,
      -0.6258168053339463,
      0.0,
      -0.09484435341973198
    ],
    [
      -0.016759599734999117,
      -0.006422506443361017,
      0.0031698311792619205,
      0.0026959826396480693,
      0.0,
      0.012457544563585762,
      0.011451027165138728,
      0.0003925613082357296,
      0.00027602002780101163,
      -0.01868485986548902,
      0.01588557674543191,
      -0.016759599734999117,
      0.0,
      -0.004219211259732653
    ],
    [
      -0.06054192613017387,
      -0.009352266855106145,
      -0.0013273678746449314,
      -0.000863768311205719,
      0.0,
      -0.00540116441019359,
      -0.004919358877442224,
      -0.0016016789412334883,
      -3.683015209976629e-05,
      -0.02557803553163073,
      -0.02039830972141776,
      -0.06054192613017387,
      0.0,
      -0.012989957934878539
    ],
    [
      -0.032988986921903656,
      8.88800782248005e-05,
      -0.0004462760683984636,
      -0.0005710207812768385,
      0.0,
      -0.0004779045720415653,
      -0.0008858538619539662,
      -0.0024924952850521745,
      2.2113558477581604e-05,
      -0.015960799666773433,
      -0.0035316319436789045,
      -0.032988986921903656,
      0.0,
      -0.008763055707081578
    ]
  ],
  "action_library": [
    {
      "type": "recruit",
      "magnitude": 1.0
    },
    {
      "type": "recruit",
      "magnitude": 2.0
    },
    {
      "type": "recruit",
      "magnitude": 3.0
    },
    {
      "type": "adjust_dose",
      "magnitude": -0.1
    },
    {
      "type": "adjust_dose",
      "magnitude": 0.1
    },
    {
      "type": "hold_enrollment",
      "magnitude": 0.0
    },
    {
      "type": "file_interim_report",
      "magnitude": 0.0
    },
    {
      "type": "implement_amendment",
      "magnitude": 0.0
    },
    {
      "type": "noop",
      "magnitude": 0.0
    }
  ],
  "metadata": {
    "step": 13200,
    "mean_reward": -1.3369554858958688,
    "resume_from_checkpoint": null
  }
}