{
  "format_version": 1,
  "policy_type": "linear_softmax",
  "weights": [
    [
      0.011623293185190828,
      -0.0002966189625351681,
      -0.0012343822415289123,
      -0.00014940643670387923,
      0.0,
      -0.005657535546671442,
      -0.005379151913239387,
      0.002005021592405014,
      -0.0002007814563345565,
      0.011802124113485944,
      -0.021476731655803542,
      0.011623293185190828,
      0.0,
      0.014204067857360085
    ],
    [
      0.26768763573923077,
      0.02303976806280894,
      -0.0011740731301869722,
      -0.0008277425358066581,
      0.0,
      -0.0028725936506571407,
      -0.002281736224759194,
      0.004924137310582652,
      -3.1444184717323054e-05,
      0.13700679578981984,
      0.005194876218108968,
      0.26768763573923077,
      0.0,
      0.0446571683569584
    ],
    [
      0.4395263305787027,
      0.033857258779473626,
      0.0005097687662161469,
      -0.000429151698141331,
      0.0,
      0.0024232602397067852,
      0.0024397783039537407,
      0.007866595181893818,
      4.253702014163533e-05,
      0.21773576381985515,
      0.015769646766310735,
      0.4395263305787027,
      0.0,
      0.06388646753432246
    ],
    [
      -0.02473120012937697,
      0.001508079307433016,
      0.0006771006538790482,
      -0.00037714487371299734,
      0.0,
      0.0018955398672070476,
      0.002724625561566582,
      -0.00031060832988406064,
      2.2241045077453383e-05,
      -0.014751759831617651,
      0.009520622187650872,
      -0.02473120012937697,
      0.0,
      -0.004702628299933995
    ],
    [
      -0.0018556105150078308,
      -0.0041752425977587635,
      0.00046963705299041736,
      0.0006367139151150593,
      0.0,
      0.00044839063044219433,
      -0.0003343471216745929,
      -0.0015332755230768637,
      -1.18655926744133e-05,
      -0.002980252808230053,
      0.0002772394938410963,
      -0.0018556105150078308,
      0.0,
      -0.003630326049517018
    ],
    [
      -0.5918972018649339,
      -0.03883753451080583,
      -0.0003309539207000437,
      -5.357741376033095e-05,
      0.0,
      -0.0015397913534313666,
      -0.0016214326733543305,
      -0.009425793998703424,
      -3.602086843266241e-05,
      -0.29494625177353234,
      -0.00012094011604422003,
      -0.5918972018649339,
      0.0,
      -0.09013311819515787
    ],
    [
      -0.015853131457914497,
      -0.006311080276577706,
      0.002854187500377894,
      0.0023879518779802854,
      0.0,
      0.010968669858612515,
      0.010153602917895,
      0.00032797382680424916,
      0.00022859477356768282,
      -0.01705233857549259,
      0.014036400680931007,
      -0.015853131457914497,
      0.0,
      -0.004144504742255555
    ],
    [
      -0.051892056201012504,
      -0.006671339306714452,
      -0.0011010630534890634,
      -0.0007362336083750773,
      0.0,
      -0.0040641763064320005,
      -0.0037045149378363523,
      -0.0010577322830678775,
      8.591189045020645e-07,
      -0.02224484597131344,
      -0.01663800029257215,
      -0.051892056201012504,
      0.0,
      -0.011113141718598405
    ],
    [
      -0.03260805933487402,
      -0.002113290495323928,
      -0.0006702216275585028,
      -0.0004514092265950891,
      0.0,
      -0.0016017637387765943,
      -0.001996823912551368,
      -0.0027963177769535193,
      -1.4119855532320382e-05,
      -0.014569234762973133,
      -0.006563113282423512,
      -0.03260805933487402,
      0.0,
      -0.009023984743177992
    ]
  ],
  "action_library": [
    {
      "type": "recruit",
      "magnitude": 1.0
    },
    {
      "type": "recruit",
      "magnitude": 2.0
    },
    {
      "type": "recruit",
      "magnitude": 3.0
    },
    {
      "type": "adjust_dose",
      "magnitude": -0.1
    },
    {
      "type": "adjust_dose",
      "magnitude": 0.1
    },
    {
      "type": "hold_enrollment",
      "magnitude": 0.0
    },
    {
      "type": "file_interim_report",
      "magnitude": 0.0
    },
    {
      "type": "implement_amendment",
      "magnitude": 0.0
    },
    {
      "type": "noop",
      "magnitude": 0.0
    }
  ],
  "metadata": {
    "step": 11700,
    "mean_reward": -6.258031310696873,
    "resume_from_checkpoint": null
  }
}