{
  "format_version": 1,
  "policy_type": "linear_softmax",
  "weights": [
    [
      0.05097214115590237,
      0.004982811543213766,
      -0.0009369643605782739,
      -0.00011524937616879732,
      0.0,
      -0.004502234063086526,
      -0.004584871689619484,
      0.0020693831367851394,
      -0.00014283937350800184,
      0.030121355562995982,
      -0.008403884289260649,
      0.05097214115590237,
      0.0,
      0.016356878742397888
    ],
    [
      0.16509076807494014,
      0.012929632594783209,
      -0.0010191925604709654,
      -0.0005581202176887701,
      0.0,
      -0.0026419440514457476,
      -0.0020947078182121104,
      0.0030585794175615375,
      -4.6390378923534776e-05,
      0.08541903785515918,
      -0.0012438081750120462,
      0.16509076807494014,
      0.0,
      0.027705687264376652
    ],
    [
      0.22689410177021194,
      0.014127771754847604,
      0.0007658473728172027,
      -3.331182063255027e-05,
      0.0,
      0.002971637485945957,
      0.0027806775038441305,
      0.0037871344088147595,
      6.697148448125159e-05,
      0.11031061295327041,
      0.004376174421126288,
      0.22689410177021194,
      0.0,
      0.0341287150428884
    ],
    [
      -0.0015482226934216729,
      0.006305986382503253,
      0.0006296787028099428,
      -0.0001071818129347,
      0.0,
      0.002889996589693176,
      0.0031168882712074124,
      0.00018495634335913695,
      8.9214373182555e-05,
      -0.0032944648996980656,
      0.016570341942494304,
      -0.0015482226934216729,
      0.0,
      0.0009904530182044257
    ],
    [
      -6.183416057074339e-05,
      -0.004104803459180423,
      6.263270262062023e-05,
      0.0003407872991885788,
      0.0,
      -0.0007332757961372669,
      -0.0010885859263905862,
      -0.000781722400418866,
      -4.541819393202224e-05,
      -0.0002014116207783115,
      -0.005223069808419547,
      -6.183416057074339e-05,
      0.0,
      -0.0033603876955331283
    ],
    [
      -0.3856699637079863,
      -0.02752291622080245,
      -0.0002861967027768377,
      -4.146398071547552e-05,
      0.0,
      -0.0010426683056252925,
      -0.000980962470771581,
      -0.0067359164323764,
      -3.1153778626959015e-05,
      -0.19178914688871518,
      0.0005439712752878734,
      -0.3856699637079863,
      0.0,
      -0.06160376086339173
    ],
    [
      -0.0024831490596573798,
      0.0007137839876347503,
      0.0016068175043719465,
      0.001204475613846003,
      0.0,
      0.00660842825409006,
      0.006231642800826777,
      0.000848927771574714,
      0.0001472148809292292,
      -0.006743210245656141,
      0.014121137661103126,
      -0.0024831490596573798,
      0.0,
      -0.00030806452640319397
    ],
    [
      -0.03807190523112851,
      -0.006344900850991193,
      -0.0008730378729728891,
      -0.0006879103628375215,
      0.0,
      -0.003871397780452161,
      -0.0033938732282744713,
      -0.0007988453187864026,
      -4.2719575075852764e-05,
      -0.01604804174075508,
      -0.019792265925737535,
      -0.03807190523112851,
      0.0,
      -0.009443705449438108
    ],
    [
      -0.015121936148290613,
      -0.001087365732008849,
      5.04152141792671e-05,
      -2.0253420567654217e-06,
      0.0,
      0.00032145766701781396,
      1.3792557389909633e-05,
      -0.0016324969265136425,
      5.120561473334362e-06,
      -0.007774730975823176,
      -0.0009485971015820474,
      -0.015121936148290613,
      0.0,
      -0.004465815533100517
    ]
  ],
  "action_library": [
    {
      "type": "recruit",
      "magnitude": 1.0
    },
    {
      "type": "recruit",
      "magnitude": 2.0
    },
    {
      "type": "recruit",
      "magnitude": 3.0
    },
    {
      "type": "adjust_dose",
      "magnitude": -0.1
    },
    {
      "type": "adjust_dose",
      "magnitude": 0.1
    },
    {
      "type": "hold_enrollment",
      "magnitude": 0.0
    },
    {
      "type": "file_interim_report",
      "magnitude": 0.0
    },
    {
      "type": "implement_amendment",
      "magnitude": 0.0
    },
    {
      "type": "noop",
      "magnitude": 0.0
    }
  ],
  "metadata": {
    "step": 5500,
    "mean_reward": -1.9630365395158875,
    "resume_from_checkpoint": null
  }
}