{
  "format_version": 1,
  "policy_type": "linear_softmax",
  "weights": [
    [
      0.04423391437703548,
      0.002917163051070071,
      -0.0006913325865631701,
      -1.226489072998162e-05,
      0.0,
      -0.003807933125155121,
      -0.0039459746204878595,
      0.0016496702490860589,
      -0.00012665830232169245,
      0.02566759826875213,
      -0.007604570698204896,
      0.04423391437703548,
      0.0,
      0.012365502198922152
    ],
    [
      0.12136905251606524,
      0.010637485675328287,
      -0.0006397700932795437,
      -0.0005173044735257789,
      0.0,
      -0.001533403305898079,
      -0.0010440612793778646,
      0.002049145791461783,
      -2.044317045136241e-05,
      0.06215182533599857,
      0.002484496472821772,
      0.12136905251606524,
      0.0,
      0.02122117704955981
    ],
    [
      0.15516681391027043,
      0.00804444021414023,
      0.000489391562467064,
      -6.97568400733025e-05,
      0.0,
      0.0024635547386278453,
      0.0023170687024230245,
      0.002420118744780537,
      4.417386430328318e-05,
      0.0760841459095469,
      0.0014175581900623816,
      0.15516681391027043,
      0.0,
      0.023021743403890342
    ],
    [
      -0.004358200470123117,
      0.0019126586470515567,
      0.00021159343580845494,
      -9.509867376652111e-05,
      0.0,
      0.0010018971304670186,
      0.0012667911992181751,
      -7.06236969260308e-06,
      2.063658941112444e-05,
      -0.0032420798580727514,
      0.006467195043558648,
      -0.004358200470123117,
      0.0,
      -0.0003680534495254856
    ],
    [
      0.00362685605049509,
      -0.002439402240654512,
      0.00025554689495283937,
      0.0002064551526483054,
      0.0,
      0.0008782338536112734,
      0.0007447689441852202,
      -0.0003751932165960601,
      2.897339279341315e-05,
      0.0005812000350185084,
      -0.002839651653823845,
      0.00362685605049509,
      0.0,
      -0.0015394576790811996
    ],
    [
      -0.2829182578532199,
      -0.01676240107053612,
      2.3306254075295783e-05,
      3.948607745087699e-05,
      0.0,
      -0.0001325664290416738,
      -0.00015781759963777009,
      -0.0044617141734546294,
      2.61113431942468e-06,
      -0.14162286289217624,
      0.005540254253445936,
      -0.2829182578532199,
      0.0,
      -0.04515780443059771
    ],
    [
      -0.0016859345922047428,
      -0.0007887881655901247,
      0.0011456405290221814,
      0.0007986736350365368,
      0.0,
      0.005091414346174007,
      0.004818797030061556,
      0.00017669504738756657,
      0.00013011896477639116,
      -0.004989261016408287,
      0.010115308238236611,
      -0.0016859345922047428,
      0.0,
      -0.0004523626419599833
    ],
    [
      -0.020992882266615106,
      -0.00023482382714134657,
      -0.0006845336556875412,
      -0.00044958489826647384,
      0.0,
      -0.0032342127308405163,
      -0.0028835167976134814,
      0.00034192026092698543,
      -4.459473278828383e-05,
      -0.008045176215790243,
      -0.008070583844780342,
      -0.020992882266615106,
      0.0,
      -0.004496139346507744
    ],
    [
      -0.014441361671702402,
      -0.003286332283668162,
      -0.00010984234079556685,
      9.939491122633792e-05,
      0.0,
      -0.0007269844779447671,
      -0.0011160555787710275,
      -0.0017935803338996162,
      -3.4817740042297634e-05,
      -0.0065853895668681285,
      -0.007510006001316489,
      -0.014441361671702402,
      0.0,
      -0.0045946051046999725
    ]
  ],
  "action_library": [
    {
      "type": "recruit",
      "magnitude": 1.0
    },
    {
      "type": "recruit",
      "magnitude": 2.0
    },
    {
      "type": "recruit",
      "magnitude": 3.0
    },
    {
      "type": "adjust_dose",
      "magnitude": -0.1
    },
    {
      "type": "adjust_dose",
      "magnitude": 0.1
    },
    {
      "type": "hold_enrollment",
      "magnitude": 0.0
    },
    {
      "type": "file_interim_report",
      "magnitude": 0.0
    },
    {
      "type": "implement_amendment",
      "magnitude": 0.0
    },
    {
      "type": "noop",
      "magnitude": 0.0
    }
  ],
  "metadata": {
    "step": 3600,
    "mean_reward": -1.6805827248064473,
    "resume_from_checkpoint": null
  }
}