{
  "format_version": 1,
  "policy_type": "linear_softmax",
  "weights": [
    [
      0.0157073233454734,
      0.0009591368916608913,
      -0.0003348270605469675,
      -0.00013710328336920193,
      0.0,
      -0.001547066913992243,
      -0.0015348840778543103,
      -8.307960629284578e-05,
      -2.7144044878683204e-05,
      0.009282210588602059,
      -0.0024758434805880435,
      0.0157073233454734,
      0.0,
      0.003615397583439424
    ],
    [
      0.032932805732096275,
      0.006042763591120896,
      -0.00024549858985193674,
      -0.0002587668714012678,
      0.0,
      -0.0008872511064782512,
      -0.0005685212391016196,
      0.0011970802203281241,
      -1.5880674642719782e-05,
      0.01720229435813231,
      0.0033365943548653147,
      0.032932805732096275,
      0.0,
      0.006190408239548475
    ],
    [
      0.03638961393300255,
      0.0015261176918761187,
      0.000152943794049711,
      -2.292250075652606e-06,
      0.0,
      0.0003419535067909483,
      0.00034824374166672877,
      0.0006634677289023615,
      7.87800438452972e-06,
      0.017713155273269884,
      -0.001102762093319451,
      0.03638961393300255,
      0.0,
      0.005187641235727709
    ],
    [
      0.007643821895581022,
      0.004457060579434505,
      7.659206276479256e-06,
      -5.7775855505563765e-05,
      0.0,
      0.0005034735052937294,
      0.00043020734277004395,
      0.00036152292716287666,
      2.512804473648402e-05,
      0.0035350018481764053,
      0.00784613103606495,
      0.007643821895581022,
      0.0,
      0.0023147805145330466
    ],
    [
      -0.0039701734063878336,
      -0.003019754051592722,
      4.351815961387632e-05,
      0.0001734756330923974,
      0.0,
      -8.649796891870979e-05,
      -9.247829443938549e-05,
      -0.0006945736336875195,
      -1.7498519753733746e-05,
      -0.0019297706717796138,
      -0.004146064097701817,
      -0.0039701734063878336,
      0.0,
      -0.0017386995955841053
    ],
    [
      -0.08161274952367328,
      -0.006762366377265849,
      6.438154034285495e-05,
      0.00014258721099499438,
      0.0,
      0.0003497183060544495,
      0.0003263340029105962,
      -0.001314270595308082,
      9.859458770224528e-06,
      -0.04099687588026726,
      -0.0014457685601436722,
      -0.08161274952367328,
      0.0,
      -0.013530360808537825
    ],
    [
      0.00426994951023725,
      0.0009270178005784514,
      0.0005039867681131776,
      0.0003056680998783923,
      0.0,
      0.00215180509437649,
      0.0021595619889612223,
      0.0004589060804625194,
      3.0766647328039374e-05,
      0.00016884667565059721,
      0.0035470861152680578,
      0.00426994951023725,
      0.0,
      0.00029446456085545467
    ],
    [
      -0.002930781407220598,
      -0.0008083382560835563,
      -0.00018656132717887624,
      -0.00019665617036501614,
      0.0,
      -0.0009693121932044694,
      -0.0010704288790565721,
      2.2978296846710904e-05,
      -1.3788545046071936e-05,
      -0.0007291437956265267,
      -0.0004147830552559381,
      -0.002930781407220598,
      0.0,
      -0.0004591628069408987
    ],
    [
      -0.008429810079108395,
      -0.003321637869728734,
      -5.602490818317973e-06,
      3.0863486750918366e-05,
      0.0,
      0.00014317777007805712,
      1.9654141432958263e-06,
      -0.000612031418414159,
      6.796291019309587e-07,
      -0.004245718396157662,
      -0.005144590219189413,
      -0.008429810079108395,
      0.0,
      -0.0018744689230412565
    ]
  ],
  "action_library": [
    {
      "type": "recruit",
      "magnitude": 1.0
    },
    {
      "type": "recruit",
      "magnitude": 2.0
    },
    {
      "type": "recruit",
      "magnitude": 3.0
    },
    {
      "type": "adjust_dose",
      "magnitude": -0.1
    },
    {
      "type": "adjust_dose",
      "magnitude": 0.1
    },
    {
      "type": "hold_enrollment",
      "magnitude": 0.0
    },
    {
      "type": "file_interim_report",
      "magnitude": 0.0
    },
    {
      "type": "implement_amendment",
      "magnitude": 0.0
    },
    {
      "type": "noop",
      "magnitude": 0.0
    }
  ],
  "metadata": {
    "step": 800,
    "mean_reward": -2.05286042826849,
    "resume_from_checkpoint": null
  }
}