{
  "format_version": 1,
  "policy_type": "linear_softmax",
  "weights": [
    [
      -0.006714305965930273,
      0.0034660742153346876,
      -0.0013151013457501077,
      -0.00020653608427235684,
      0.0,
      -0.005275316586112382,
      -0.004874924955601883,
      0.002637806382865858,
      -0.00014721480932147014,
      0.002828012701425987,
      -0.015535376566320888,
      -0.006714305965930273,
      0.0,
      0.014571765148670505
    ],
    [
      0.2953827364602399,
      0.021164337917692927,
      -0.001230136310075462,
      -0.0008580184834796341,
      0.0,
      -0.0034790274979450164,
      -0.0030132034827594803,
      0.004713046611185677,
      -4.096814536137437e-05,
      0.15144707695968665,
      0.003983386517641123,
      0.2953827364602399,
      0.0,
      0.04900604438042077
    ],
    [
      0.5242215815337803,
      0.036598522784240584,
      0.00028652759164559104,
      -0.0006007403184798372,
      0.0,
      0.00018984130188720274,
      0.00022140712996447567,
      0.00810994858014838,
      -7.60377189911448e-05,
      0.2611183582654285,
      0.007910597439167047,
      0.5242215815337803,
      0.0,
      0.07267851256387248
    ],
    [
      -0.02898464667730755,
      0.0017059503418177999,
      0.0005994945106102612,
      -0.00035338009394096436,
      0.0,
      0.0021063330855138696,
      0.0029141100298856744,
      -0.0006829534367261695,
      3.2610306636878156e-05,
      -0.016903404540714265,
      0.011505344003351011,
      -0.02898464667730755,
      0.0,
      -0.004841583871257657
    ],
    [
      -0.006962657023922123,
      -0.005702910275902426,
      0.00022706646835017993,
      0.0005518199210854925,
      0.0,
      -0.0006524777739574642,
      -0.0012149565332667945,
      -0.001392058549862021,
      -6.109789148827102e-05,
      -0.004477111181628463,
      -0.002105100788261895,
      -0.006962657023922123,
      0.0,
      -0.005300780320020971
    ],
    [
      -0.6592459822831092,
      -0.04101711804877431,
      -0.0004011133638325289,
      -5.635660957587819e-05,
      0.0,
      -0.0015351845695356005,
      -0.001726353622310324,
      -0.009978083601644334,
      -2.6815836726563527e-05,
      -0.32790140181919797,
      0.0004365653108535867,
      -0.6592459822831092,
      0.0,
      -0.09834517865747185
    ],
    [
      -0.013378507064569957,
      -0.003989449590804201,
      0.003803202846171322,
      0.0031115579447502516,
      0.0,
      0.014414485801735691,
      0.013306199589739422,
      0.0007251877017570799,
      0.00029735245860885165,
      -0.01913622395316021,
      0.022690715270114906,
      -0.013378507064569957,
      0.0,
      -0.002945197210626702
    ],
    [
      -0.06181455852205587,
      -0.008695282372654956,
      -0.0015384335039276508,
      -0.000944651850825667,
      0.0,
      -0.005931430232267955,
      -0.005182379467323203,
      -0.001335383675341325,
      -3.507133873965556e-05,
      -0.025710109970040005,
      -0.019917970801499787,
      -0.06181455852205587,
      0.0,
      -0.013480895737572647
    ],
    [
      -0.042503660457120715,
      -0.003530124970949513,
      -0.00043150689319160104,
      -0.0006436944252614175,
      0.0,
      0.00016277647068164047,
      -0.00042989868832783316,
      -0.002797510012383153,
      5.72429753827475e-05,
      -0.02126519646179854,
      -0.008968160385045174,
      -0.042503660457120715,
      0.0,
      -0.011342686296013387
    ]
  ],
  "action_library": [
    {
      "type": "recruit",
      "magnitude": 1.0
    },
    {
      "type": "recruit",
      "magnitude": 2.0
    },
    {
      "type": "recruit",
      "magnitude": 3.0
    },
    {
      "type": "adjust_dose",
      "magnitude": -0.1
    },
    {
      "type": "adjust_dose",
      "magnitude": 0.1
    },
    {
      "type": "hold_enrollment",
      "magnitude": 0.0
    },
    {
      "type": "file_interim_report",
      "magnitude": 0.0
    },
    {
      "type": "implement_amendment",
      "magnitude": 0.0
    },
    {
      "type": "noop",
      "magnitude": 0.0
    }
  ],
  "metadata": {
    "step": 14900,
    "mean_reward": -1.2512314497140755,
    "resume_from_checkpoint": null
  }
}