{
  "format_version": 1,
  "policy_type": "linear_softmax",
  "weights": [
    [
      0.011519267132961551,
      -0.0002875809739120907,
      -0.0002623968977889136,
      -0.00011521649711588961,
      0.0,
      -0.0013940692749969653,
      -0.0014034173620292734,
      -0.00013537213582610308,
      -2.7083172396835283e-05,
      0.006927769865956131,
      -0.004021292884951214,
      0.011519267132961551,
      0.0,
      0.002550791905397477
    ],
    [
      0.028609225164819733,
      0.005224302233415108,
      -0.00019368519321078136,
      -0.00022064355325987806,
      0.0,
      -0.0005797844469604726,
      -0.0002983414085036636,
      0.001092452582017346,
      -1.0192020939032985e-05,
      0.014903806398339159,
      0.0024216889437857674,
      0.028609225164819733,
      0.0,
      0.005451110062748382
    ],
    [
      0.03439030917348893,
      0.0025004123791263553,
      0.00019865607706701522,
      2.456664158192107e-05,
      0.0,
      0.0005405886525127838,
      0.0005843175818440828,
      0.0007052538100290566,
      1.1639994430304093e-05,
      0.016557232835710596,
      0.0007972660213980016,
      0.03439030917348893,
      0.0,
      0.005087356790758382
    ],
    [
      0.005614244094056024,
      0.0035763940403056547,
      -1.9168317378764803e-05,
      -5.5265493925581344e-05,
      0.0,
      0.00043840284340297984,
      0.0003960622841741206,
      0.0002175771664907381,
      2.613187339336941e-05,
      0.002585802280321204,
      0.00533664207226289,
      0.005614244094056024,
      0.0,
      0.0016994348619136612
    ],
    [
      -0.002941528590010665,
      -0.002551001097944463,
      3.986625829513216e-05,
      0.00015017579433892038,
      0.0,
      8.099000719227629e-06,
      3.0462775280349348e-06,
      -0.0006129158149606268,
      -1.1517073850364663e-05,
      -0.001441873152637748,
      -0.003360999190809543,
      -0.002941528590010665,
      0.0,
      -0.0012007643621812173
    ],
    [
      -0.07113322734759253,
      -0.005181620136094479,
      6.0885615493396834e-05,
      0.00015915117268498432,
      0.0,
      0.0003154384872468809,
      0.00027874119824066005,
      -0.0010834690634559075,
      7.290491491447935e-06,
      -0.03571705913744108,
      0.00020274130085936172,
      -0.07113322734759253,
      0.0,
      -0.011632764907479758
    ],
    [
      0.004286486091192764,
      0.000773392393089784,
      0.00039038981826092564,
      0.00023496713754014688,
      0.0,
      0.0016541258429154722,
      0.0016962633282092104,
      0.0003741515380867882,
      1.837958868886065e-05,
      0.0006818492364344383,
      0.004061289551929271,
      0.004286486091192764,
      0.0,
      0.0004921872813584286
    ],
    [
      -0.0023702281163766365,
      -0.0006487722518089549,
      -0.00014402687828769903,
      -0.00019410555340762222,
      0.0,
      -0.0008449206351732859,
      -0.0009446820397030826,
      9.025977548672992e-05,
      -1.132820277685275e-05,
      -0.0007313217594289868,
      -0.0007638211060363167,
      -0.0023702281163766365,
      0.0,
      -0.0006796254947040584
    ],
    [
      -0.00797454760253859,
      -0.0034055265861769064,
      -7.052048245031025e-05,
      1.6370351562998427e-05,
      0.0,
      -0.00013788046966662019,
      -0.00031198985976008863,
      -0.0006479378578680288,
      -3.3214780408964936e-06,
      -0.003766206567253411,
      -0.004673514708438246,
      -0.00797454760253859,
      0.0,
      -0.0017677261378112657
    ]
  ],
  "action_library": [
    {
      "type": "recruit",
      "magnitude": 1.0
    },
    {
      "type": "recruit",
      "magnitude": 2.0
    },
    {
      "type": "recruit",
      "magnitude": 3.0
    },
    {
      "type": "adjust_dose",
      "magnitude": -0.1
    },
    {
      "type": "adjust_dose",
      "magnitude": 0.1
    },
    {
      "type": "hold_enrollment",
      "magnitude": 0.0
    },
    {
      "type": "file_interim_report",
      "magnitude": 0.0
    },
    {
      "type": "implement_amendment",
      "magnitude": 0.0
    },
    {
      "type": "noop",
      "magnitude": 0.0
    }
  ],
  "metadata": {
    "step": 700,
    "mean_reward": -6.486415920057857,
    "resume_from_checkpoint": null
  }
}