{
  "format_version": 1,
  "policy_type": "linear_softmax",
  "weights": [
    [
      0.02175172470929198,
      0.001000511301076609,
      -0.00035923883638861495,
      -0.00012620556083422105,
      0.0,
      -0.0019356434265400371,
      -0.0018572973075110942,
      0.0003330693065551256,
      -5.373807602165265e-05,
      0.012450491929554192,
      -0.0037884930615762575,
      0.02175172470929198,
      0.0,
      0.005345076086375535
    ],
    [
      0.051775721918438905,
      0.009106706554572748,
      -0.00027677081311594764,
      -0.00018573929899545893,
      0.0,
      -0.0013603902148979726,
      -0.0011076516849519177,
      0.0020786568965046855,
      -6.371831523980944e-05,
      0.026753830627105422,
      0.006654788135358895,
      0.051775721918438905,
      0.0,
      0.00950720117135732
    ],
    [
      0.05425795595564571,
      0.0022727848038480254,
      0.0002785903097901794,
      1.3138641606417615e-06,
      0.0,
      0.0013124984594388089,
      0.0012043356079306001,
      0.0013199049028543703,
      3.0867993674749276e-05,
      0.026153676510561472,
      -0.001795613172752877,
      0.05425795595564571,
      0.0,
      0.007672442202662067
    ],
    [
      0.010796695249304135,
      0.007090723646898646,
      8.956322446831539e-05,
      -9.500241421489423e-05,
      0.0,
      0.0011114257266901415,
      0.0010114657860116221,
      0.0006723696824098705,
      4.3400888635960225e-05,
      0.004679937028170162,
      0.013209820529827061,
      0.010796695249304135,
      0.0,
      0.003722478543097927
    ],
    [
      -0.0041667833406340985,
      -0.004994679587025133,
      9.237320267903942e-05,
      0.00023160800184325884,
      0.0,
      0.00021275547032709324,
      0.000165515749909077,
      -0.0015798999825481792,
      8.108676369585642e-06,
      -0.0022865586903040793,
      -0.005297489054898472,
      -0.0041667833406340985,
      0.0,
      -0.0020229127926091927
    ],
    [
      -0.11581671713567009,
      -0.008470584660084001,
      2.586263266040577e-05,
      8.517800945247097e-05,
      0.0,
      0.0002820596896445532,
      0.0002731004505583707,
      -0.002049136563085906,
      1.942051829717175e-05,
      -0.05808154720837677,
      -5.7808401526168366e-05,
      -0.11581671713567009,
      0.0,
      -0.019177695704749115
    ],
    [
      0.0018687775165909077,
      -0.00043661718488424424,
      0.0006165683683817379,
      0.00034507464839827524,
      0.0,
      0.0025053902222589497,
      0.0024562421325472566,
      0.0004703064698887357,
      5.139959875142671e-05,
      -0.0015927085680287304,
      0.004092150178033212,
      0.0018687775165909077,
      0.0,
      -0.00011950977458891356
    ],
    [
      -0.008367672918944106,
      -2.5543796391907745e-05,
      -0.00037858146523816403,
      -0.0002918654048198967,
      0.0,
      -0.0018411545631049286,
      -0.0016831651953888524,
      5.2671481610446135e-05,
      -2.1590400638434593e-05,
      -0.0025248091868923486,
      -0.002712279297625275,
      -0.008367672918944106,
      0.0,
      -0.001583762936480536
    ],
    [
      -0.01209970195402308,
      -0.005543301078010772,
      -8.836662323694948e-05,
      3.563815500982419e-05,
      0.0,
      -0.0002869413638166002,
      -0.00046254553910505554,
      -0.0012979421941891507,
      -1.4150883828996967e-05,
      -0.005552312441789164,
      -0.010305075854840204,
      -0.01209970195402308,
      0.0,
      -0.00334331679506528
    ]
  ],
  "action_library": [
    {
      "type": "recruit",
      "magnitude": 1.0
    },
    {
      "type": "recruit",
      "magnitude": 2.0
    },
    {
      "type": "recruit",
      "magnitude": 3.0
    },
    {
      "type": "adjust_dose",
      "magnitude": -0.1
    },
    {
      "type": "adjust_dose",
      "magnitude": 0.1
    },
    {
      "type": "hold_enrollment",
      "magnitude": 0.0
    },
    {
      "type": "file_interim_report",
      "magnitude": 0.0
    },
    {
      "type": "implement_amendment",
      "magnitude": 0.0
    },
    {
      "type": "noop",
      "magnitude": 0.0
    }
  ],
  "metadata": {
    "step": 1200,
    "mean_reward": -6.583767434306135,
    "resume_from_checkpoint": null
  }
}