{
  "format_version": 1,
  "policy_type": "linear_softmax",
  "weights": [
    [
      0.005065881903911809,
      0.0020156004936146585,
      -0.0012401549023756606,
      -0.0001729203509846735,
      0.0,
      -0.005707147331780503,
      -0.00519474275057011,
      0.0022471510739735497,
      -0.00020422594428536888,
      0.008995843052906613,
      -0.01871600124315894,
      0.005065881903911809,
      0.0,
      0.014578706568404452
    ],
    [
      0.2815370118706808,
      0.022958246466239157,
      -0.0013535943813509307,
      -0.0009544349721371165,
      0.0,
      -0.003789486648759288,
      -0.003221287495349629,
      0.004941541296631111,
      -2.8348657133917577e-05,
      0.14441084442657443,
      0.00484796340801803,
      0.2815370118706808,
      0.0,
      0.04695766784222894
    ],
    [
      0.47115960495676534,
      0.032327902411068775,
      0.0006372293125402697,
      -0.00037783846673473693,
      0.0,
      0.002642452841282042,
      0.0025465895407008154,
      0.007969191251650524,
      1.7954287936298514e-05,
      0.2327041303975762,
      0.011068322958389096,
      0.47115960495676534,
      0.0,
      0.066610978767677
    ],
    [
      -0.024089017456225183,
      0.0031094390810450143,
      0.0006572957027056809,
      -0.00031159909773832364,
      0.0,
      0.002147785166730454,
      0.002790451312593373,
      -0.0002196463263364186,
      1.327056892651736e-05,
      -0.01428661867088784,
      0.012262018445268034,
      -0.024089017456225183,
      0.0,
      -0.0041632026758552
    ],
    [
      -0.0028055489006437668,
      -0.0042087056854441425,
      0.0002631564223016201,
      0.0005887928020819119,
      0.0,
      -0.0002836757432016675,
      -0.0008716063485726189,
      -0.0015787327473079844,
      -2.8378995459463817e-05,
      -0.002627278052407949,
      0.0007270736229968395,
      -0.0028055489006437668,
      0.0,
      -0.003687114121796704
    ],
    [
      -0.619538452245912,
      -0.03994090892724937,
      -0.00036377982589673674,
      -2.610609075200429e-05,
      0.0,
      -0.0013811330424804355,
      -0.001501724892891745,
      -0.009651053908900498,
      -2.1804634820992624e-05,
      -0.30841251595047336,
      -0.0007726985889462347,
      -0.619538452245912,
      0.0,
      -0.09389401819720444
    ],
    [
      -0.016675508797577013,
      -0.0062810419959137805,
      0.003183302708111418,
      0.0026698702043779733,
      0.0,
      0.012414303920087227,
      0.011439698703628199,
      0.000457454049729996,
      0.00027312085616429556,
      -0.01877945941685552,
      0.016219605348787643,
      -0.016675508797577013,
      0.0,
      -0.004162134567064548
    ],
    [
      -0.059606626947925415,
      -0.009263959788984446,
      -0.0012311129514937607,
      -0.0008622619317096126,
      0.0,
      -0.005001746197139493,
      -0.004516221080143104,
      -0.0015384960873424062,
      -2.7463254784891282e-05,
      -0.02557198199565505,
      -0.020075873494034762,
      -0.059606626947925415,
      0.0,
      -0.012965436403095745
    ],
    [
      -0.03504734438306938,
      -0.0007165720543756656,
      -0.0005523420845418785,
      -0.0005535020964034286,
      0.0,
      -0.001041352964738319,
      -0.0014711569893950728,
      -0.002627408602097889,
      5.875773457519614e-06,
      -0.016432963790777168,
      -0.005560410457320349,
      -0.03504734438306938,
      0.0,
      -0.009275447213293871
    ]
  ],
  "action_library": [
    {
      "type": "recruit",
      "magnitude": 1.0
    },
    {
      "type": "recruit",
      "magnitude": 2.0
    },
    {
      "type": "recruit",
      "magnitude": 3.0
    },
    {
      "type": "adjust_dose",
      "magnitude": -0.1
    },
    {
      "type": "adjust_dose",
      "magnitude": 0.1
    },
    {
      "type": "hold_enrollment",
      "magnitude": 0.0
    },
    {
      "type": "file_interim_report",
      "magnitude": 0.0
    },
    {
      "type": "implement_amendment",
      "magnitude": 0.0
    },
    {
      "type": "noop",
      "magnitude": 0.0
    }
  ],
  "metadata": {
    "step": 13000,
    "mean_reward": -1.5434565900786468,
    "resume_from_checkpoint": null
  }
}