{
  "format_version": 1,
  "policy_type": "linear_softmax",
  "weights": [
    [
      0.043544419365733264,
      0.0015545645053419903,
      -0.0010586063704364733,
      -0.00020019384280134858,
      0.0,
      -0.0047133105764658465,
      -0.004781269058167973,
      0.0019822130303261474,
      -0.00012197145354141155,
      0.026743669881914747,
      -0.01835562378734737,
      0.043544419365733264,
      0.0,
      0.015463325561151669
    ],
    [
      0.20398595105531026,
      0.017755174658582767,
      -0.0008198616388606638,
      -0.0006049370008046612,
      0.0,
      -0.001987613964717874,
      -0.0015750308297767129,
      0.0035067118826995155,
      -1.1019861629040795e-06,
      0.10359595280077628,
      0.004796515248364993,
      0.20398595105531026,
      0.0,
      0.03482297049019465
    ],
    [
      0.2994819526300802,
      0.023995627062405697,
      0.0007391100984952198,
      -0.00015673225573129633,
      0.0,
      0.0027419001243165243,
      0.0027897355882701815,
      0.0052474472721583815,
      5.1508953220725384e-05,
      0.1466774810642366,
      0.013356419204610155,
      0.2994819526300802,
      0.0,
      0.04600909468785878
    ],
    [
      -0.010616297007314687,
      0.003611432102703298,
      0.0005548475355614033,
      -3.940768108190834e-05,
      0.0,
      0.0019366351503514335,
      0.002337643260498803,
      -0.0004421446621766991,
      2.8047202254118158e-05,
      -0.00702183242803554,
      0.013393128226646484,
      -0.010616297007314687,
      0.0,
      -0.001233312377520841
    ],
    [
      -0.001970432692312997,
      -0.004088223219355374,
      0.00031307564789799926,
      0.00031167075327104174,
      0.0,
      0.0007622945386222068,
      0.0002242160585376896,
      -0.0009364702297341652,
      8.911978424682195e-07,
      -0.0025390023866576415,
      -0.0029021988878399235,
      -0.001970432692312997,
      0.0,
      -0.0038854757646044165
    ],
    [
      -0.45766716368414645,
      -0.03114189513777247,
      -0.0003094239216385776,
      -7.56288239691274e-05,
      0.0,
      -0.0012354834556495766,
      -0.0011685025665560914,
      -0.007483105014953241,
      -4.235142506013478e-05,
      -0.22766912670638054,
      0.0021116502153811375,
      -0.45766716368414645,
      0.0,
      -0.07144753966466684
    ],
    [
      -0.008973940178862144,
      -0.002265688660175219,
      0.001833766578069743,
      0.0015370532224417866,
      0.0,
      0.007535499317804787,
      0.00705593712722354,
      0.0006420698658254812,
      0.00016321090508214931,
      -0.010515914635215723,
      0.014956754174728908,
      -0.008973940178862144,
      0.0,
      -0.0021148091357871927
    ],
    [
      -0.04396083587235879,
      -0.007340184463021389,
      -0.0011699914576474408,
      -0.0007044093950861951,
      0.0,
      -0.004702860016856835,
      -0.004286093639456744,
      -0.0005641912476112311,
      -5.033516551301947e-05,
      -0.01759115007301416,
      -0.021647281238663482,
      -0.04396083587235879,
      0.0,
      -0.010888953266290231
    ],
    [
      -0.023823653616130078,
      -0.0020808068487098833,
      -8.291647144120167e-05,
      -6.741497623829767e-05,
      0.0,
      -0.0003370611174048573,
      -0.0005966359405726737,
      -0.0019525308965341738,
      -2.7898228121991803e-05,
      -0.011680077517625044,
      -0.005709363155881231,
      -0.023823653616130078,
      0.0,
      -0.006725300530333858
    ]
  ],
  "action_library": [
    {
      "type": "recruit",
      "magnitude": 1.0
    },
    {
      "type": "recruit",
      "magnitude": 2.0
    },
    {
      "type": "recruit",
      "magnitude": 3.0
    },
    {
      "type": "adjust_dose",
      "magnitude": -0.1
    },
    {
      "type": "adjust_dose",
      "magnitude": 0.1
    },
    {
      "type": "hold_enrollment",
      "magnitude": 0.0
    },
    {
      "type": "file_interim_report",
      "magnitude": 0.0
    },
    {
      "type": "implement_amendment",
      "magnitude": 0.0
    },
    {
      "type": "noop",
      "magnitude": 0.0
    }
  ],
  "metadata": {
    "step": 7400,
    "mean_reward": -4.089469011044407,
    "resume_from_checkpoint": null
  }
}