{
  "format_version": 1,
  "policy_type": "linear_softmax",
  "weights": [
    [
      0.032522462879407237,
      0.0021229236497708687,
      -0.0008171523286504301,
      -5.794132285418211e-05,
      0.0,
      -0.0038140496983473464,
      -0.0038214409212529287,
      0.0018726866760139583,
      -0.00015202438915267434,
      0.02066811240462046,
      -0.0175038323126821,
      0.032522462879407237,
      0.0,
      0.015533005692912038
    ],
    [
      0.2355579988709665,
      0.020456477352123293,
      -0.0010703226491429367,
      -0.0005265863433711149,
      0.0,
      -0.003060533030999015,
      -0.0027458118161935653,
      0.004312153421817853,
      -3.648684348562725e-05,
      0.12067002157549979,
      0.004845744019307167,
      0.2355579988709665,
      0.0,
      0.03955707394296656
    ],
    [
      0.3560427120082795,
      0.025253336422314837,
      0.0005975983878817896,
      -0.0003932783826748591,
      0.0,
      0.0027709716608289446,
      0.002897529344597778,
      0.006261880220167147,
      5.725814987572993e-05,
      0.17529497016875048,
      0.014523365249642844,
      0.3560427120082795,
      0.0,
      0.05300065967473053
    ],
    [
      -0.013441325788489434,
      0.004729785377129854,
      0.0006099120772387444,
      -0.0002636448522917991,
      0.0,
      0.002055397286482338,
      0.002900609987647054,
      -4.4822030620373186e-05,
      5.235940599802399e-05,
      -0.00917522290629715,
      0.01365022517568546,
      -0.013441325788489434,
      0.0,
      -0.0017993866273800507
    ],
    [
      -0.0051278617437376306,
      -0.005403599140550065,
      0.00016272356421758602,
      0.0004288956716677874,
      0.0,
      -0.00023122155225005625,
      -0.0009652422084418551,
      -0.0013022597318094063,
      -1.4320280416493001e-05,
      -0.003446115925431786,
      -0.004136290525003923,
      -0.0051278617437376306,
      0.0,
      -0.004371693532005747
    ],
    [
      -0.5169226407971368,
      -0.03457221348503298,
      -0.0003851543100008626,
      -5.7135889005105826e-05,
      0.0,
      -0.0018345923612773708,
      -0.0017830837432704803,
      -0.008363787760789889,
      -6.431601843456838e-05,
      -0.256907914258488,
      0.0008601656330441115,
      -0.5169226407971368,
      0.0,
      -0.0797307502812477
    ],
    [
      -0.01589171903947967,
      -0.006553087116166697,
      0.0020779600012996893,
      0.0018474583420829008,
      0.0,
      0.008421860364246093,
      0.007649210974509041,
      5.95735877858476e-05,
      0.000189727567633129,
      -0.014435362909249905,
      0.00995667597659475,
      -0.01589171903947967,
      0.0,
      -0.004257923375134739
    ],
    [
      -0.04623289464357078,
      -0.00519153144051783,
      -0.000966605141162665,
      -0.0006874697972418342,
      0.0,
      -0.003882068572990323,
      -0.0034767370004198696,
      -0.00039538910293804015,
      -2.4509981037550924e-05,
      -0.019699091120361046,
      -0.018131472696713904,
      -0.04623289464357078,
      0.0,
      -0.01069183645130833
    ],
    [
      -0.02650673174623451,
      -0.0008420916190717522,
      -0.00020895960168089943,
      -0.00029029742631179746,
      0.0,
      -0.0004257640956933206,
      -0.0006550346171751105,
      -0.0024000352796270997,
      -7.687610979969603e-06,
      -0.01296939702904142,
      -0.004064580519875042,
      -0.02650673174623451,
      0.0,
      -0.007239149043531337
    ]
  ],
  "action_library": [
    {
      "type": "recruit",
      "magnitude": 1.0
    },
    {
      "type": "recruit",
      "magnitude": 2.0
    },
    {
      "type": "recruit",
      "magnitude": 3.0
    },
    {
      "type": "adjust_dose",
      "magnitude": -0.1
    },
    {
      "type": "adjust_dose",
      "magnitude": 0.1
    },
    {
      "type": "hold_enrollment",
      "magnitude": 0.0
    },
    {
      "type": "file_interim_report",
      "magnitude": 0.0
    },
    {
      "type": "implement_amendment",
      "magnitude": 0.0
    },
    {
      "type": "noop",
      "magnitude": 0.0
    }
  ],
  "metadata": {
    "step": 9100,
    "mean_reward": -2.194700394744552,
    "resume_from_checkpoint": null
  }
}