{
  "format_version": 1,
  "policy_type": "linear_softmax",
  "weights": [
    [
      0.02870194436693064,
      0.0015474879158817467,
      -0.0007392675311701793,
      -0.00011810621527678287,
      0.0,
      -0.0032136713420826287,
      -0.0031557921200391762,
      0.0017463039713676285,
      -0.0001242166037709578,
      0.018283117578628622,
      -0.018700948210330758,
      0.02870194436693064,
      0.0,
      0.014983355821443882
    ],
    [
      0.2384047735769328,
      0.020132345167466537,
      -0.001354276577526216,
      -0.0005779960758365574,
      0.0,
      -0.0042881493571685254,
      -0.0038871046532752665,
      0.004280530921214763,
      -8.281618914003942e-05,
      0.12350845819190223,
      0.00277016525107009,
      0.2384047735769328,
      0.0,
      0.039877593965682266
    ],
    [
      0.3669758253950451,
      0.02703118521023935,
      0.0006419213904540082,
      -0.00031975720279819235,
      0.0,
      0.002852842024199347,
      0.0028205195573233954,
      0.006737308866445535,
      5.381668771976856e-05,
      0.18075096500078375,
      0.016138582017603785,
      0.3669758253950451,
      0.0,
      0.05478661598047316
    ],
    [
      -0.014775065771116702,
      0.005094005693669798,
      0.0006421823301146414,
      -0.00030176399948254515,
      0.0,
      0.0021324536466484864,
      0.0031366998742363545,
      -0.0001315948525715893,
      5.8805782978108276e-05,
      -0.010090186933912938,
      0.013172572464888172,
      -0.014775065771116702,
      0.0,
      -0.002228837630966508
    ],
    [
      -0.003063529258002746,
      -0.005046726024681711,
      0.0001927476872842688,
      0.00047247577002115456,
      0.0,
      -0.00034893802660812724,
      -0.0011218513115220652,
      -0.001324734558717929,
      -2.322603728370669e-05,
      -0.002552879008164551,
      -0.0022892963296665754,
      -0.003063529258002746,
      0.0,
      -0.003965201045479213
    ],
    [
      -0.5251436399550177,
      -0.03505153192834713,
      -0.00026716302074436326,
      -4.1504055968889816e-05,
      0.0,
      -0.0013360778442403024,
      -0.0012993659084560396,
      -0.00843102253053572,
      -5.002182219785757e-05,
      -0.2615757506185683,
      0.001240254463206172,
      -0.5251436399550177,
      0.0,
      -0.08070452114819696
    ],
    [
      -0.017348008698855888,
      -0.007520179743552085,
      0.002085901389054877,
      0.001900209286498436,
      0.0,
      0.008499144429486285,
      0.007643762777280188,
      -2.4479928788670865e-05,
      0.00018946490551037355,
      -0.015188812328660428,
      0.00885119547797706,
      -0.017348008698855888,
      0.0,
      -0.004681111779554047
    ],
    [
      -0.04559277200950823,
      -0.005071367835986012,
      -0.0009313141576313766,
      -0.0006942331288850611,
      0.0,
      -0.003957725648138389,
      -0.003577041567265518,
      -0.0004077608427946397,
      -2.4759809142937167e-05,
      -0.01955551731996038,
      -0.016735324781017365,
      -0.04559277200950823,
      0.0,
      -0.010356255099380835
    ],
    [
      -0.028159527646401988,
      -0.0011152184546908627,
      -0.00027073150983564166,
      -0.0003193243782715696,
      0.0,
      -0.0003398778820961881,
      -0.0005598266482817869,
      -0.0024445510456193873,
      2.953085327247267e-06,
      -0.013579394562046172,
      -0.004447200353731303,
      -0.028159527646401988,
      0.0,
      -0.007711639064020307
    ]
  ],
  "action_library": [
    {
      "type": "recruit",
      "magnitude": 1.0
    },
    {
      "type": "recruit",
      "magnitude": 2.0
    },
    {
      "type": "recruit",
      "magnitude": 3.0
    },
    {
      "type": "adjust_dose",
      "magnitude": -0.1
    },
    {
      "type": "adjust_dose",
      "magnitude": 0.1
    },
    {
      "type": "hold_enrollment",
      "magnitude": 0.0
    },
    {
      "type": "file_interim_report",
      "magnitude": 0.0
    },
    {
      "type": "implement_amendment",
      "magnitude": 0.0
    },
    {
      "type": "noop",
      "magnitude": 0.0
    }
  ],
  "metadata": {
    "step": 9400,
    "mean_reward": -4.601452615180219,
    "resume_from_checkpoint": null
  }
}