{
  "format_version": 1,
  "policy_type": "linear_softmax",
  "weights": [
    [
      0.0394529216387615,
      0.0007152347620122876,
      -0.0010349514116458583,
      -9.314023780810983e-05,
      0.0,
      -0.0047206502247138585,
      -0.004704338460611092,
      0.001703496663821847,
      -0.0001471889093284198,
      0.025007980345615594,
      -0.018663817395485675,
      0.0394529216387615,
      0.0,
      0.015221259489127139
    ],
    [
      0.21795818840420056,
      0.01974415924402968,
      -0.000948283370715632,
      -0.0005242033315762461,
      0.0,
      -0.002625547086809352,
      -0.0022654726379935327,
      0.004108590640506512,
      -3.62567258313681e-05,
      0.11122428878227576,
      0.0054570689423316205,
      0.21795818840420056,
      0.0,
      0.0371422468614729
    ],
    [
      0.3251686527004078,
      0.025806368005508742,
      0.0005432130708920806,
      -0.00022928806218176797,
      0.0,
      0.0021387778028699213,
      0.002320143265085737,
      0.005666107876530933,
      5.026684082733403e-05,
      0.16016187404176,
      0.01602648361690516,
      0.3251686527004078,
      0.0,
      0.04977889209889725
    ],
    [
      -0.012845712053543767,
      0.003227167308283931,
      0.00046213095774369744,
      -0.00010960379178803333,
      0.0,
      0.0013798623787533264,
      0.00205416878318018,
      -0.0003352772716419286,
      1.6209826878782903e-05,
      -0.007771139258634815,
      0.012587992895453095,
      -0.012845712053543767,
      0.0,
      -0.0016144632585146338
    ],
    [
      -0.005289881927180968,
      -0.006045758190527483,
      0.0004689520438073679,
      0.0003149917909843986,
      0.0,
      0.0014315547666037126,
      0.0006621995027793719,
      -0.0011838729685033674,
      4.008228431203859e-05,
      -0.005003777393963818,
      -0.005587676685058833,
      -0.005289881927180968,
      0.0,
      -0.004762490886885868
    ],
    [
      -0.4833447049152641,
      -0.03235945510683294,
      -0.0003088051929521258,
      -6.963880404558814e-05,
      0.0,
      -0.001308718778419698,
      -0.0012288234043307499,
      -0.007886973547088645,
      -3.9211999012584796e-05,
      -0.24044357092074478,
      0.002113460939197341,
      -0.4833447049152641,
      0.0,
      -0.07489484187166084
    ],
    [
      -0.010135540239808135,
      -0.0032409415778082338,
      0.0018414487721728804,
      0.0015574347120848717,
      0.0,
      0.0075427052580299605,
      0.00706443105759619,
      0.0005897360280016896,
      0.00016437437516131722,
      -0.01115671509150638,
      0.013315178652861718,
      -0.010135540239808135,
      0.0,
      -0.0028030250542125093
    ],
    [
      -0.04668424446146951,
      -0.007177168054926811,
      -0.0010496836888713576,
      -0.0007157369389665614,
      0.0,
      -0.004166408449521477,
      -0.003984865150348951,
      -0.0006112242259029265,
      -3.9668546523543286e-05,
      -0.01961601370980717,
      -0.020783278318948172,
      -0.04668424446146951,
      0.0,
      -0.011171612156079697
    ],
    [
      -0.024279679146105744,
      -0.0006696063897398399,
      2.5978819568956457e-05,
      -0.00013081533670296954,
      0.0,
      0.00032842433320741344,
      8.255704464288084e-05,
      -0.0020505831957241096,
      -8.607146483557884e-06,
      -0.012402926794996159,
      -0.004465412647256799,
      -0.024279679146105744,
      0.0,
      -0.00689596522214191
    ]
  ],
  "action_library": [
    {
      "type": "recruit",
      "magnitude": 1.0
    },
    {
      "type": "recruit",
      "magnitude": 2.0
    },
    {
      "type": "recruit",
      "magnitude": 3.0
    },
    {
      "type": "adjust_dose",
      "magnitude": -0.1
    },
    {
      "type": "adjust_dose",
      "magnitude": 0.1
    },
    {
      "type": "hold_enrollment",
      "magnitude": 0.0
    },
    {
      "type": "file_interim_report",
      "magnitude": 0.0
    },
    {
      "type": "implement_amendment",
      "magnitude": 0.0
    },
    {
      "type": "noop",
      "magnitude": 0.0
    }
  ],
  "metadata": {
    "step": 8100,
    "mean_reward": -1.3621943672948722,
    "resume_from_checkpoint": null
  }
}