{
  "format_version": 1,
  "policy_type": "linear_softmax",
  "weights": [
    [
      0.04523605560804948,
      0.0018471795345461166,
      -0.001036313667609563,
      -0.00019983019237075484,
      0.0,
      -0.004670969802953874,
      -0.004712899112298471,
      0.001742774036798897,
      -0.00011842374333707882,
      0.027449987641402853,
      -0.016726002636935158,
      0.04523605560804948,
      0.0,
      0.015496422535126285
    ],
    [
      0.1994600043741483,
      0.018579017273832828,
      -0.0008590805707988053,
      -0.0006382422296235018,
      0.0,
      -0.0018853808120409205,
      -0.0014334099155988063,
      0.003627678958107227,
      4.82322974463634e-06,
      0.10152911995811874,
      0.005097024940422813,
      0.1994600043741483,
      0.0,
      0.034143900629428195
    ],
    [
      0.28887184088033824,
      0.02348101471500318,
      0.0008558962394318771,
      -0.00012058456896760562,
      0.0,
      0.0031868538903801888,
      0.0032129389379843506,
      0.005181830966508919,
      5.548078322994247e-05,
      0.14082560480465764,
      0.013252365373880127,
      0.28887184088033824,
      0.0,
      0.04431262731703533
    ],
    [
      -0.00878096582115963,
      0.003580310932928582,
      0.0005075465963676613,
      -4.315879261226781e-05,
      0.0,
      0.0019133039259678747,
      0.0023110386636529716,
      -0.0002763743565309591,
      3.255369805745303e-05,
      -0.005962390908734741,
      0.014105805803395453,
      -0.00878096582115963,
      0.0,
      -0.0005375388347777423
    ],
    [
      -0.0029498963238684126,
      -0.00464564964954662,
      0.00019151481904880355,
      0.0003037767075053498,
      0.0,
      8.387752672409163e-05,
      -0.0004813858834765193,
      -0.0008932726870627191,
      -1.4698172915440197e-05,
      -0.002442941178080459,
      -0.0048938046279375265,
      -0.0029498963238684126,
      0.0,
      -0.004244098665214534
    ],
    [
      -0.446072087058699,
      -0.03035728719425374,
      -0.00026228021999147007,
      -5.77632362758893e-05,
      0.0,
      -0.001050095038353436,
      -0.0010049808743490128,
      -0.0072434372590448794,
      -3.554521692756731e-05,
      -0.22213821515460286,
      0.0032278130237724688,
      -0.446072087058699,
      0.0,
      -0.06985619544402898
    ],
    [
      -0.007505256159830969,
      -0.0018369523939485261,
      0.0019277582904991897,
      0.0015167033576303913,
      0.0,
      0.007788096554877131,
      0.007310072247183717,
      0.0006383568081730005,
      0.0001671736774042365,
      -0.010235073384088807,
      0.015023409925659642,
      -0.007505256159830969,
      0.0,
      -0.001563123154603112
    ],
    [
      -0.043470658325811894,
      -0.0077194819054609435,
      -0.001144693467827032,
      -0.0007033789518314512,
      0.0,
      -0.004516042267686449,
      -0.004134758711089302,
      -0.0007187287287010149,
      -5.106185113525629e-05,
      -0.017421581889453117,
      -0.021864611310376585,
      -0.043470658325811894,
      0.0,
      -0.01068119058048237
    ],
    [
      -0.02478903717316555,
      -0.002928151313101356,
      -0.0001803480191206508,
      -5.7522093454273667e-05,
      0.0,
      -0.0008496439769146021,
      -0.0010666153520088992,
      -0.0020588277382484524,
      -4.030240412092603e-05,
      -0.011604509889219345,
      -0.007222000491881423,
      -0.02478903717316555,
      0.0,
      -0.0070708038024813085
    ]
  ],
  "action_library": [
    {
      "type": "recruit",
      "magnitude": 1.0
    },
    {
      "type": "recruit",
      "magnitude": 2.0
    },
    {
      "type": "recruit",
      "magnitude": 3.0
    },
    {
      "type": "adjust_dose",
      "magnitude": -0.1
    },
    {
      "type": "adjust_dose",
      "magnitude": 0.1
    },
    {
      "type": "hold_enrollment",
      "magnitude": 0.0
    },
    {
      "type": "file_interim_report",
      "magnitude": 0.0
    },
    {
      "type": "implement_amendment",
      "magnitude": 0.0
    },
    {
      "type": "noop",
      "magnitude": 0.0
    }
  ],
  "metadata": {
    "step": 7100,
    "mean_reward": -1.8922761011587326,
    "resume_from_checkpoint": null
  }
}