{
  "format_version": 1,
  "policy_type": "linear_softmax",
  "weights": [
    [
      0.04662653221990023,
      0.004133431828329013,
      -0.0006457286666444317,
      1.0667544057624276e-05,
      0.0,
      -0.003476673233111887,
      -0.0036761495383974313,
      0.0017896336213982956,
      -0.00011380796325078949,
      0.026694351127071293,
      -0.0058463781822958435,
      0.04662653221990023,
      0.0,
      0.013373639713344205
    ],
    [
      0.12647604489337108,
      0.011329618976658285,
      -0.0007383414754427254,
      -0.0005382683828402488,
      0.0,
      -0.0021398716070217196,
      -0.0016731939246537213,
      0.002093579824205018,
      -3.6452018509592956e-05,
      0.06513005086603786,
      0.0027227505744230255,
      0.12647604489337108,
      0.0,
      0.022159536791524537
    ],
    [
      0.1644325165182018,
      0.010372568185422005,
      0.0005426700568370225,
      3.7718173697783774e-06,
      0.0,
      0.002526362871878577,
      0.0023432014247942974,
      0.0030083021828845903,
      3.6982142283646277e-05,
      0.0805699990856738,
      0.004326268129631948,
      0.1644325165182018,
      0.0,
      0.024874053581567548
    ],
    [
      -0.006696880338808716,
      0.0009440608924009038,
      0.00017824790299303284,
      -0.00010533862244881246,
      0.0,
      0.0009358571582948034,
      0.0011721859325629885,
      -0.00028826878605265005,
      1.9505687711748246e-05,
      -0.00417577657695174,
      0.004747754748735278,
      -0.006696880338808716,
      0.0,
      -0.0010280681752933005
    ],
    [
      0.0042152464504400635,
      -0.001416674005794153,
      0.00022189918650853934,
      0.0001752630951245006,
      0.0,
      0.0006375474907799634,
      0.0005338900292215694,
      -0.00028936852592616495,
      1.930571736535029e-05,
      0.0009609096795369036,
      -0.0017234584136792909,
      0.0042152464504400635,
      0.0,
      -0.0014482026127479173
    ],
    [
      -0.29201924350954783,
      -0.017540795353593985,
      2.5933678064799957e-05,
      1.6562247628247946e-05,
      0.0,
      -7.580876750559772e-05,
      -8.908251143148408e-05,
      -0.004523728104377492,
      5.9626566155044974e-06,
      -0.14627901441988414,
      0.00563478807245238,
      -0.29201924350954783,
      0.0,
      -0.04662214366841884
    ],
    [
      -0.0016904679024580451,
      -0.0015827732626742413,
      0.0010951221564951918,
      0.0008043155866245262,
      0.0,
      0.004870713017396053,
      0.004626053269037049,
      0.00015170223035682208,
      0.0001231358927030162,
      -0.004735760385718054,
      0.009533289369362076,
      -0.0016904679024580451,
      0.0,
      -0.000637985600601669
    ],
    [
      -0.023723626816006257,
      -0.001777403312973781,
      -0.0006359682957158563,
      -0.000506917742157982,
      0.0,
      -0.0029243293874535504,
      -0.0025113563280880773,
      0.00016929381615412114,
      -3.060774540505235e-05,
      -0.009806552774784767,
      -0.010085806284232793,
      -0.023723626816006257,
      0.0,
      -0.00534768579729746
    ],
    [
      -0.017620121515091406,
      -0.0044620339477742885,
      -4.3834543095558096e-05,
      0.00013994445664236512,
      0.0,
      -0.0003537975432566506,
      -0.0007255483530452142,
      -0.0021111462586425396,
      -2.4024369513830428e-05,
      -0.008358206600980717,
      -0.009309208014397002,
      -0.017620121515091406,
      0.0,
      -0.005323144232076641
    ]
  ],
  "action_library": [
    {
      "type": "recruit",
      "magnitude": 1.0
    },
    {
      "type": "recruit",
      "magnitude": 2.0
    },
    {
      "type": "recruit",
      "magnitude": 3.0
    },
    {
      "type": "adjust_dose",
      "magnitude": -0.1
    },
    {
      "type": "adjust_dose",
      "magnitude": 0.1
    },
    {
      "type": "hold_enrollment",
      "magnitude": 0.0
    },
    {
      "type": "file_interim_report",
      "magnitude": 0.0
    },
    {
      "type": "implement_amendment",
      "magnitude": 0.0
    },
    {
      "type": "noop",
      "magnitude": 0.0
    }
  ],
  "metadata": {
    "step": 3800,
    "mean_reward": -4.041463237770532,
    "resume_from_checkpoint": null
  }
}