{
  "format_version": 1,
  "policy_type": "linear_softmax",
  "weights": [
    [
      0.04041231408429319,
      0.004709027420243161,
      -0.000540307812811224,
      -2.618135225364204e-05,
      0.0,
      -0.0025631817628803755,
      -0.0025664878990044443,
      0.0013291951160348022,
      -8.664743950126139e-05,
      0.02279929287199267,
      -0.0017724984418199601,
      0.04041231408429319,
      0.0,
      0.010766443930952354
    ],
    [
      0.0882330656007746,
      0.009734532046274034,
      -0.00035032560147536145,
      -0.00021300629652992457,
      0.0,
      -0.0016355755764622085,
      -0.0012496656822733661,
      0.0024189342367960543,
      -7.217509282565125e-05,
      0.044990878177680306,
      0.004428155491260214,
      0.0882330656007746,
      0.0,
      0.015385688511070627
    ],
    [
      0.10530872400197736,
      0.004890806896683614,
      0.00038890211170356556,
      -7.169159643971359e-05,
      0.0,
      0.0018476629083840348,
      0.0018724113196096261,
      0.0017666547869610665,
      5.586865978786028e-05,
      0.05110617559606125,
      0.0002117288202329639,
      0.10530872400197736,
      0.0,
      0.015556625847750452
    ],
    [
      -0.00048334078722465695,
      0.0037707669817160084,
      -3.1903149028849336e-05,
      -0.00018470055741020587,
      0.0,
      0.0002631518676432906,
      0.00029036469303350866,
      -0.0003123218095962864,
      1.8457424227449003e-05,
      -0.0003856229302422079,
      0.006990603678866985,
      -0.00048334078722465695,
      0.0,
      0.00025463764371309514
    ],
    [
      0.0002151482584263302,
      -0.003426082201954287,
      -8.266598090571269e-05,
      0.00015945417193179859,
      0.0,
      -0.000566698425825416,
      -0.0007469081932149733,
      -0.0008445940875156092,
      6.50293227309991e-07,
      0.0006477913498943355,
      -0.0036557906976095273,
      0.0002151482584263302,
      0.0,
      -0.0013662528257786216
    ],
    [
      -0.20121039613636368,
      -0.013699214402346893,
      9.40546079698843e-05,
      1.4202299223806086e-05,
      0.0,
      0.0006812509265602837,
      0.0005908772113358507,
      -0.0032323423275506216,
      2.7438553591609366e-05,
      -0.10106470151221893,
      0.0034995918495103404,
      -0.20121039613636368,
      0.0,
      -0.032153137899455266
    ],
    [
      -0.0032761893274604634,
      -0.0011285488071247434,
      0.0008322424735207792,
      0.0004542849724522015,
      0.0,
      0.0037421375633564374,
      0.0035925141373614185,
      0.0003052647711231461,
      8.501804477726162e-05,
      -0.004900618931985506,
      0.005278643878509549,
      -0.0032761893274604634,
      0.0,
      -0.0010076999746232876
    ],
    [
      -0.0189859147495074,
      -0.001964397773882725,
      -0.00018581023459337845,
      -0.00018137410590010996,
      0.0,
      -0.0010025978864520817,
      -0.0007366587413287157,
      0.00012509974446195193,
      9.447982667017735e-06,
      -0.008853196597890857,
      -0.007640018472695261,
      -0.0189859147495074,
      0.0,
      -0.004168945773283183
    ],
    [
      -0.010213410944914922,
      -0.0028868901596080885,
      -0.0001241864143796948,
      4.9012464925789e-05,
      0.0,
      -0.0007661496143239568,
      -0.0010464468455189098,
      -0.0015558904307144707,
      -3.805842595159506e-05,
      -0.004339998023290825,
      -0.007340416106255474,
      -0.010213410944914922,
      0.0,
      -0.003267359460346347
    ]
  ],
  "action_library": [
    {
      "type": "recruit",
      "magnitude": 1.0
    },
    {
      "type": "recruit",
      "magnitude": 2.0
    },
    {
      "type": "recruit",
      "magnitude": 3.0
    },
    {
      "type": "adjust_dose",
      "magnitude": -0.1
    },
    {
      "type": "adjust_dose",
      "magnitude": 0.1
    },
    {
      "type": "hold_enrollment",
      "magnitude": 0.0
    },
    {
      "type": "file_interim_report",
      "magnitude": 0.0
    },
    {
      "type": "implement_amendment",
      "magnitude": 0.0
    },
    {
      "type": "noop",
      "magnitude": 0.0
    }
  ],
  "metadata": {
    "step": 2400,
    "mean_reward": -4.505149565799054,
    "resume_from_checkpoint": null
  }
}