{
  "format_version": 1,
  "policy_type": "linear_softmax",
  "weights": [
    [
      -0.003341671280484619,
      -0.0004990329081048998,
      -0.00015033595775130088,
      -4.616102923318321e-05,
      0.0,
      -0.00043886485810362577,
      -0.00036032695577880826,
      -6.170454836867275e-05,
      1.5278343691013466e-05,
      -0.0009736770394415176,
      -0.0010539374425710332
    ],
    [
      0.007384122345538933,
      0.0010457434216054804,
      0.00011800489266436509,
      5.2473479203879476e-05,
      0.0,
      0.000899642978970589,
      0.0004109673009232425,
      0.0001633046473030782,
      0.00010086844617768628,
      0.0031919074916003987,
      0.0016133706985745322
    ],
    [
      0.007505692530414254,
      -0.0005443003632346736,
      -0.00013173419634427116,
      1.4563355838210962e-05,
      0.0,
      -0.0006895840834844815,
      -0.0008090009459147682,
      7.742960312814655e-05,
      -5.940444189112525e-05,
      0.0043819632501416765,
      -0.002079730567836485
    ],
    [
      0.0039676802945355786,
      0.0018363538281184757,
      0.00011800704456416461,
      4.334370725821258e-05,
      0.0,
      0.0004525425203208998,
      0.0003196333251277865,
      0.00014513227045233681,
      9.007227350192539e-05,
      0.0013407996453387715,
      0.002969625206933989
    ],
    [
      -0.00113076301452098,
      -0.001108508263479617,
      -5.617460217431933e-05,
      3.1297918377421042e-06,
      0.0,
      -0.000571286301570638,
      -0.00019367413618660105,
      -0.0003319309738398677,
      -7.700506073404742e-05,
      -0.00018522048865178488,
      -0.0013928218747273073
    ],
    [
      -0.012882865033045426,
      -0.00034731490847303415,
      3.9339426448073315e-06,
      -2.897452960289786e-06,
      0.0,
      -6.334238910772256e-05,
      0.00011353185423861768,
      -0.0001249162523753587,
      -2.9793107796890674e-05,
      -0.00645701078734634,
      0.0004457165544130342
    ],
    [
      0.0008673824039556068,
      0.000396367279427415,
      6.78787513947826e-05,
      8.002623128669717e-06,
      0.0,
      0.00011213118894968173,
      0.00027800187873869736,
      0.00011503055797944652,
      -5.8415295272095676e-05,
      0.00025345589886921363,
      0.0008352257210134315
    ],
    [
      -0.0014508233951254755,
      -0.0004259660484385369,
      -2.4931359139677828e-05,
      -0.0001090930660142094,
      0.0,
      8.836315698136874e-06,
      0.0001368924980693663,
      4.858887512804058e-05,
      -5.86385686970318e-06,
      -0.0007909899940815591,
      -0.0009017430579737136
    ],
    [
      -0.0009187548512678516,
      -0.00035334203742061634,
      5.535148414144949e-05,
      3.663859094096784e-05,
      0.0,
      0.0002899246283271612,
      0.00010397518078246668,
      -3.093417940714967e-05,
      2.4262699193236602e-05,
      -0.0007612279764288388,
      -0.0004357052378264463
    ]
  ],
  "action_library": [
    {
      "type": "recruit",
      "magnitude": 1.0
    },
    {
      "type": "recruit",
      "magnitude": 2.0
    },
    {
      "type": "recruit",
      "magnitude": 3.0
    },
    {
      "type": "adjust_dose",
      "magnitude": -0.1
    },
    {
      "type": "adjust_dose",
      "magnitude": 0.1
    },
    {
      "type": "hold_enrollment",
      "magnitude": 0.0
    },
    {
      "type": "file_interim_report",
      "magnitude": 0.0
    },
    {
      "type": "implement_amendment",
      "magnitude": 0.0
    },
    {
      "type": "noop",
      "magnitude": 0.0
    }
  ],
  "metadata": {
    "step": 200,
    "mean_reward": -2.4016540047812964
  }
}