{
  "format_version": 1,
  "policy_type": "linear_softmax",
  "weights": [
    [
      0.007724375011733114,
      0.0009946300272730157,
      -0.0010894404932733073,
      -0.00013909019498489444,
      0.0,
      -0.005348137546905653,
      -0.0048310101716139186,
      0.0020939375476584396,
      -0.00020140260535932435,
      0.009682294354031493,
      -0.019340563193004947,
      0.007724375011733114,
      0.0,
      0.014363268440843421
    ],
    [
      0.27864393576424135,
      0.02368185837742156,
      -0.0012053745354235102,
      -0.0008848505196730588,
      0.0,
      -0.0031380812980348347,
      -0.002543231413978313,
      0.005140656864368334,
      -1.0809336874340654e-05,
      0.1424158784878103,
      0.005998681562521679,
      0.27864393576424135,
      0.0,
      0.046624067407505625
    ],
    [
      0.46017621597981295,
      0.03262164664438615,
      0.0004012956017161444,
      -0.0004003799178887644,
      0.0,
      0.0019263405125672037,
      0.001838798535486389,
      0.007829327087095612,
      7.027446368128945e-06,
      0.2281182957308892,
      0.011320916636257899,
      0.46017621597981295,
      0.0,
      0.06553490356765657
    ],
    [
      -0.024580340953547896,
      0.002724602214369625,
      0.0006121439715997205,
      -0.0003652680534429431,
      0.0,
      0.0019449448938731646,
      0.0025681505152603387,
      -0.0002442708385841504,
      9.116415170326492e-06,
      -0.014313597632919376,
      0.011285479686991519,
      -0.024580340953547896,
      0.0,
      -0.004295350051229371
    ],
    [
      -0.002790213457485004,
      -0.004331424954851577,
      0.0003109252246280384,
      0.0006460226841585255,
      0.0,
      -4.0389284903939595e-05,
      -0.000577746577176553,
      -0.0017205565495499004,
      -2.2578328673465515e-05,
      -0.0027436020420485868,
      0.00038372534858513885,
      -0.002790213457485004,
      0.0,
      -0.003645533967500026
    ],
    [
      -0.6095498250247158,
      -0.03950260086795652,
      -0.0002473860583425323,
      -1.4669456507252283e-05,
      0.0,
      -0.001063325086613378,
      -0.0012224121637939725,
      -0.009500044152121596,
      -1.658882146062969e-05,
      -0.304036103788676,
      0.000510896428059282,
      -0.6095498250247158,
      0.0,
      -0.09246231198816336
    ],
    [
      -0.016968397900577525,
      -0.006502147982583715,
      0.0030553911958948986,
      0.0025656826356395923,
      0.0,
      0.011901210946454055,
      0.011005819237153774,
      0.000540496507383559,
      0.00026319316137273435,
      -0.018471288455952844,
      0.014996618774103063,
      -0.016968397900577525,
      0.0,
      -0.00432472200740151
    ],
    [
      -0.05732178774644275,
      -0.008343092474407088,
      -0.0011840240958549777,
      -0.0007997236410955338,
      0.0,
      -0.004686847162164459,
      -0.004364993415582716,
      -0.0014087594350785078,
      -2.1910412737047693e-05,
      -0.024605628838764815,
      -0.018704442350887477,
      -0.05732178774644275,
      0.0,
      -0.012410152858614826
    ],
    [
      -0.03533396167301065,
      -0.001343470983651355,
      -0.0006535308109444639,
      -0.0006077235362056896,
      0.0,
      -0.0014957159742721526,
      -0.0018733745457549203,
      -0.002730787031171866,
      -6.047517806385097e-06,
      -0.01604624781436756,
      -0.0064513128926268586,
      -0.03533396167301065,
      0.0,
      -0.009384168543096729
    ]
  ],
  "action_library": [
    {
      "type": "recruit",
      "magnitude": 1.0
    },
    {
      "type": "recruit",
      "magnitude": 2.0
    },
    {
      "type": "recruit",
      "magnitude": 3.0
    },
    {
      "type": "adjust_dose",
      "magnitude": -0.1
    },
    {
      "type": "adjust_dose",
      "magnitude": 0.1
    },
    {
      "type": "hold_enrollment",
      "magnitude": 0.0
    },
    {
      "type": "file_interim_report",
      "magnitude": 0.0
    },
    {
      "type": "implement_amendment",
      "magnitude": 0.0
    },
    {
      "type": "noop",
      "magnitude": 0.0
    }
  ],
  "metadata": {
    "step": 12600,
    "mean_reward": -1.6484104322394046,
    "resume_from_checkpoint": null
  }
}