{
  "format_version": 1,
  "policy_type": "linear_softmax",
  "weights": [
    [
      0.02841706160585995,
      0.0008231758355237756,
      -0.0004601364329999718,
      2.9366662891648433e-05,
      0.0,
      -0.0022724758827667776,
      -0.0022197630371997654,
      0.0006201066140859137,
      -7.034180228294186e-05,
      0.01656274391120143,
      -0.007273436032962865,
      0.02841706160585995,
      0.0,
      0.007161010860454018
    ],
    [
      0.07045132277388513,
      0.007900516263697149,
      -0.0005270519262296755,
      -0.0002691241710274257,
      0.0,
      -0.002389232385606241,
      -0.0019146245586007314,
      0.0018841984300021078,
      -8.05568907446204e-05,
      0.03687091078385889,
      0.0018127927971145232,
      0.07045132277388513,
      0.0,
      0.012150696595408418
    ],
    [
      0.08870129736692606,
      0.005695394199165454,
      0.0005805744312715023,
      -3.677578808018962e-05,
      0.0,
      0.002688647668126494,
      0.00262413030909579,
      0.0017384241342033799,
      6.974397395559861e-05,
      0.04187756651709163,
      0.004150782432825805,
      0.08870129736692606,
      0.0,
      0.013690447159044244
    ],
    [
      0.0039998591806230865,
      0.005650880620038577,
      -7.586370227793629e-06,
      -0.00016399070783275295,
      0.0,
      0.000561733634513086,
      0.0005350831619536426,
      0.0002712593074181735,
      3.152738328969803e-05,
      0.0017556751933464753,
      0.009435143410296781,
      0.0039998591806230865,
      0.0,
      0.00149670197531273
    ],
    [
      0.0028263855973506757,
      -0.004043729184432413,
      -0.00012009527192021698,
      0.0001933697430200504,
      0.0,
      -0.0009237979739458178,
      -0.0009962706120098866,
      -0.0009608662664081599,
      -2.3599827679352565e-05,
      0.002232203680337931,
      -0.002277182504618424,
      0.0028263855973506757,
      0.0,
      -0.0005499343549648284
    ],
    [
      -0.168384632342241,
      -0.011066775867234447,
      5.145016632778297e-05,
      -3.50425910882253e-05,
      0.0,
      0.0005425021396699925,
      0.0004059848576152758,
      -0.0027753810965775593,
      2.9074964621691877e-05,
      -0.08463959786361706,
      0.001963380080117948,
      -0.168384632342241,
      0.0,
      -0.02701805837800754
    ],
    [
      -3.1902648074944506e-05,
      0.0010572684169458176,
      0.0007451400726893625,
      0.000378936353937452,
      0.0,
      0.003317122977757191,
      0.0031805660421813254,
      0.0006554267442278903,
      7.969231616138805e-05,
      -0.0030074670264456757,
      0.006118563365643843,
      -3.1902648074944506e-05,
      0.0,
      -0.0004052063979802912
    ],
    [
      -0.015862285316970474,
      -0.000767429765371818,
      -0.00031432944144343266,
      -0.000206497157257104,
      0.0,
      -0.0015881497100192702,
      -0.0013530162645832963,
      0.00022654083117445693,
      -1.2115757815871224e-05,
      -0.006683623547629416,
      -0.004753773423706658,
      -0.015862285316970474,
      0.0,
      -0.0031572513597576644
    ],
    [
      -0.010117106217357905,
      -0.005249300518332041,
      5.203477253244821e-05,
      0.00010975765543654658,
      0.0,
      6.364953227134167e-05,
      -0.00026208989845235436,
      -0.0016597086981261905,
      -2.3424359505590067e-05,
      -0.004968411648144085,
      -0.00917627012471111,
      -0.010117106217357905,
      0.0,
      -0.0033684060995090915
    ]
  ],
  "action_library": [
    {
      "type": "recruit",
      "magnitude": 1.0
    },
    {
      "type": "recruit",
      "magnitude": 2.0
    },
    {
      "type": "recruit",
      "magnitude": 3.0
    },
    {
      "type": "adjust_dose",
      "magnitude": -0.1
    },
    {
      "type": "adjust_dose",
      "magnitude": 0.1
    },
    {
      "type": "hold_enrollment",
      "magnitude": 0.0
    },
    {
      "type": "file_interim_report",
      "magnitude": 0.0
    },
    {
      "type": "implement_amendment",
      "magnitude": 0.0
    },
    {
      "type": "noop",
      "magnitude": 0.0
    }
  ],
  "metadata": {
    "step": 1900,
    "mean_reward": -4.414460304818607,
    "resume_from_checkpoint": null
  }
}