{
  "format_version": 1,
  "policy_type": "linear_softmax",
  "weights": [
    [
      0.0426571063944626,
      0.00276970254130195,
      -0.0006290507442820995,
      1.2062086786502829e-05,
      0.0,
      -0.0032522871755726727,
      -0.003385359838423683,
      0.0015261018243393207,
      -0.00010056672133621197,
      0.024560507973141767,
      -0.007745855839867574,
      0.0426571063944626,
      0.0,
      0.011767939300393172
    ],
    [
      0.11661830281087608,
      0.011425198965231115,
      -0.0004825653193073079,
      -0.0004356035428091371,
      0.0,
      -0.0010601072871782393,
      -0.0006157413167233156,
      0.002396112214771305,
      -1.1409521199026e-05,
      0.05917343680143856,
      0.004586765601527951,
      0.11661830281087608,
      0.0,
      0.020573965500749802
    ],
    [
      0.15175432192902444,
      0.009667067156242222,
      0.0006659131199181466,
      -1.2610271557221801e-05,
      0.0,
      0.00306000657174856,
      0.0028311665004153103,
      0.0026587145084916797,
      6.590753172913586e-05,
      0.07357435258595983,
      0.0051149357110059955,
      0.15175432192902444,
      0.0,
      0.022929890920708153
    ],
    [
      -0.005537865428720715,
      0.0010500906455359644,
      6.428110943989934e-05,
      -0.000128379842653248,
      0.0,
      0.0003856852797127243,
      0.0005800352932113993,
      -0.00042664363219401956,
      -3.676716740258577e-07,
      -0.0031303943460652176,
      0.004878700800584155,
      -0.005537865428720715,
      0.0,
      -0.0007251874958974364
    ],
    [
      0.0021024068754703813,
      -0.0025593977452997864,
      2.110307504720615e-05,
      0.00012615886907894427,
      0.0,
      -0.00024320165098719781,
      -0.00034634022935944587,
      -0.00043684270982633703,
      -9.801894061595464e-06,
      0.0008943510021746293,
      -0.0037344709460708377,
      0.0021024068754703813,
      0.0,
      -0.0015937370071951325
    ],
    [
      -0.2734921900446853,
      -0.01828720802238025,
      -6.072897303619885e-07,
      1.6627737852099388e-05,
      0.0,
      -3.065203414706497e-05,
      -6.137329480467288e-05,
      -0.004550535855693264,
      3.393531587054264e-06,
      -0.13682389311448787,
      0.0012507883593707995,
      -0.2734921900446853,
      0.0,
      -0.04427294717036015
    ],
    [
      -0.0029703583260877017,
      -0.0009719397422864617,
      0.0010539163949691904,
      0.0007268205978567043,
      0.0,
      0.004677693758375807,
      0.004410766236279998,
      1.4938826822980933e-05,
      0.00011904373185374624,
      -0.005316195732669763,
      0.008238372291756049,
      -0.0029703583260877017,
      0.0,
      -0.0007148554451005036
    ],
    [
      -0.02044093405196165,
      -0.0010351612748907603,
      -0.0006859971375688967,
      -0.0004299045553591252,
      0.0,
      -0.003223773127603748,
      -0.002809317011924152,
      0.0004539234089989525,
      -4.8715885936386125e-05,
      -0.00773446054227213,
      -0.007994104091883532,
      -0.02044093405196165,
      0.0,
      -0.004487021592588259
    ],
    [
      -0.01069079015837639,
      -0.0020583525234540117,
      -6.993208485763691e-06,
      0.00012482892080448152,
      0.0,
      -0.00031336433434819166,
      -0.0006038363386714706,
      -0.0016357685857105756,
      -1.748310096269053e-05,
      -0.0051977046272189235,
      -0.004595131886423239,
      -0.01069079015837639,
      0.0,
      -0.0034780470107094023
    ]
  ],
  "action_library": [
    {
      "type": "recruit",
      "magnitude": 1.0
    },
    {
      "type": "recruit",
      "magnitude": 2.0
    },
    {
      "type": "recruit",
      "magnitude": 3.0
    },
    {
      "type": "adjust_dose",
      "magnitude": -0.1
    },
    {
      "type": "adjust_dose",
      "magnitude": 0.1
    },
    {
      "type": "hold_enrollment",
      "magnitude": 0.0
    },
    {
      "type": "file_interim_report",
      "magnitude": 0.0
    },
    {
      "type": "implement_amendment",
      "magnitude": 0.0
    },
    {
      "type": "noop",
      "magnitude": 0.0
    }
  ],
  "metadata": {
    "step": 3400,
    "mean_reward": -1.8136930298563319,
    "resume_from_checkpoint": null
  }
}