{
  "format_version": 1,
  "policy_type": "linear_softmax",
  "weights": [
    [
      0.015337109762844728,
      0.00047411870078066043,
      -0.0011306517042737993,
      -0.0001759315844476671,
      0.0,
      -0.005353261349543658,
      -0.005025109381405192,
      0.0020730083151045704,
      -0.00019393415699651753,
      0.013002853628707631,
      -0.02049351878321707,
      0.015337109762844728,
      0.0,
      0.014398436551500625
    ],
    [
      0.2631793899728068,
      0.02155191243419724,
      -0.0011618847979977963,
      -0.0007574095275201067,
      0.0,
      -0.0029627573051778256,
      -0.0023211482166233754,
      0.00471628966372714,
      -3.957765160417995e-05,
      0.1348017955283071,
      0.004163499319061557,
      0.2631793899728068,
      0.0,
      0.04383219649636985
    ],
    [
      0.4343687924526952,
      0.03458802316399821,
      0.0007298732283963293,
      -0.0003129868832187882,
      0.0,
      0.003200202038764996,
      0.002978489542070044,
      0.00785125319018369,
      5.2657655544737255e-05,
      0.21455579396560173,
      0.01946596889218112,
      0.4343687924526952,
      0.0,
      0.06384897331844938
    ],
    [
      -0.025244044170517458,
      0.0016290727648766924,
      0.0005708571804458492,
      -0.00039923736373251144,
      0.0,
      0.0015434246410465588,
      0.0025463012814263093,
      -0.00019238955833188228,
      2.1136674094386836e-05,
      -0.01472645619300982,
      0.008760883844601707,
      -0.025244044170517458,
      0.0,
      -0.0048343976069462275
    ],
    [
      -0.0030104471606179515,
      -0.004878781128219789,
      0.000503997390563524,
      0.0006270358292444595,
      0.0,
      0.0006227397124651464,
      -0.00020283983027124706,
      -0.0015612408534160258,
      -1.0491409993149684e-05,
      -0.0035152707243857047,
      -0.0016327384339671065,
      -0.0030104471606179515,
      0.0,
      -0.003967222346714957
    ],
    [
      -0.5844329448547149,
      -0.03848467112188384,
      -0.0003001869296142392,
      -5.2879695339265116e-05,
      0.0,
      -0.0013774169575968898,
      -0.0014838071115578684,
      -0.009326263481913536,
      -3.354700516234281e-05,
      -0.2912544867013035,
      0.0003244189734832794,
      -0.5844329448547149,
      0.0,
      -0.08909658925611902
    ],
    [
      -0.014856508173517599,
      -0.006113271632053887,
      0.0025338646335948123,
      0.0022520884635879256,
      0.0,
      0.009925024142102237,
      0.009266042740764415,
      0.00023055151381535136,
      0.00021454102475292012,
      -0.015571516540564814,
      0.014079523292751223,
      -0.014856508173517599,
      0.0,
      -0.0038769832179915372
    ],
    [
      -0.0511599118680879,
      -0.0061483415390276245,
      -0.0010998304658904597,
      -0.000753450988769373,
      0.0,
      -0.004128737397636923,
      -0.003909533976894698,
      -0.0008952907889924564,
      1.2598523372477398e-06,
      -0.021932678905392255,
      -0.016815851216996466,
      -0.0511599118680879,
      0.0,
      -0.01100542433278126
    ],
    [
      -0.0341814359608883,
      -0.002618061642667835,
      -0.0006460385352242109,
      -0.00042722824980469194,
      0.0,
      -0.0014692175244236177,
      -0.0018483950475082802,
      -0.0028959180001768446,
      -1.2044982973104294e-05,
      -0.015360034057959073,
      -0.007852185887898993,
      -0.0341814359608883,
      0.0,
      -0.009298989605766644
    ]
  ],
  "action_library": [
    {
      "type": "recruit",
      "magnitude": 1.0
    },
    {
      "type": "recruit",
      "magnitude": 2.0
    },
    {
      "type": "recruit",
      "magnitude": 3.0
    },
    {
      "type": "adjust_dose",
      "magnitude": -0.1
    },
    {
      "type": "adjust_dose",
      "magnitude": 0.1
    },
    {
      "type": "hold_enrollment",
      "magnitude": 0.0
    },
    {
      "type": "file_interim_report",
      "magnitude": 0.0
    },
    {
      "type": "implement_amendment",
      "magnitude": 0.0
    },
    {
      "type": "noop",
      "magnitude": 0.0
    }
  ],
  "metadata": {
    "step": 11400,
    "mean_reward": -1.4078631074035106,
    "resume_from_checkpoint": null
  }
}