{
  "format_version": 1,
  "policy_type": "linear_softmax",
  "weights": [
    [
      0.0452004340256284,
      0.0033496017780739757,
      -0.0006321934080186186,
      -2.8795750167543435e-05,
      0.0,
      -0.0034511070244074176,
      -0.0036435288680830846,
      0.0016875977607122184,
      -0.0001120700140731465,
      0.02581858323032558,
      -0.006929944896890923,
      0.0452004340256284,
      0.0,
      0.012772522459233231
    ],
    [
      0.12235572876338656,
      0.010484033845664754,
      -0.0007379570096916294,
      -0.0005295669151113897,
      0.0,
      -0.0021149161287855114,
      -0.0016657262379910255,
      0.0019152167542546786,
      -3.7903148879837806e-05,
      0.06311494208658083,
      0.0011900507945837812,
      0.12235572876338656,
      0.0,
      0.021307209583074107
    ],
    [
      0.1608371279981782,
      0.009545508053102142,
      0.0005316148589094403,
      -3.8290902667858125e-05,
      0.0,
      0.0025536770791795746,
      0.0023840471207937173,
      0.0027516666809598335,
      4.1354455737588724e-05,
      0.07870867760471245,
      0.003676880181624573,
      0.1608371279981782,
      0.0,
      0.024173787856922424
    ],
    [
      -0.004554108483881131,
      0.0017656685408082282,
      0.00017984106743686412,
      -0.00011376378536169163,
      0.0,
      0.0009796325984895461,
      0.0012142909154497822,
      -0.00012498661264823802,
      2.2953291707264218e-05,
      -0.0032014895128393045,
      0.006742622362054597,
      -0.004554108483881131,
      0.0,
      -0.00039746067098224696
    ],
    [
      0.004442107946438613,
      -0.0015283655280068198,
      0.0001952348330865734,
      0.00020068557942005757,
      0.0,
      0.0005344627953606281,
      0.00043017254430757724,
      -0.00022612312378106998,
      1.7200225914353883e-05,
      0.0012830298094153216,
      -0.0019394334813752523,
      0.004442107946438613,
      0.0,
      -0.0014189593457065548
    ],
    [
      -0.2879946821530558,
      -0.017186612464653576,
      2.5221557452901525e-05,
      1.6976224962239844e-05,
      0.0,
      -3.996052381413869e-05,
      -5.652891173365061e-05,
      -0.004468758081083869,
      6.751002872169135e-06,
      -0.14423134529739196,
      0.005628569052848191,
      -0.2879946821530558,
      0.0,
      -0.045989029382736295
    ],
    [
      -0.0009598899713913373,
      -0.0012035243646183601,
      0.0011336879041074467,
      0.0008196289834061849,
      0.0,
      0.004965208472722087,
      0.00473953425291482,
      0.00015464133256611125,
      0.00012260003821146226,
      -0.004501906983635251,
      0.010163616084980063,
      -0.0009598899713913373,
      0.0,
      -0.0003055654765299526
    ],
    [
      -0.02287604788328259,
      -0.001159374549173088,
      -0.0006766389840921717,
      -0.00046814317019927874,
      0.0,
      -0.00310009258679526,
      -0.0026926943781433108,
      0.0002940441875706339,
      -3.571530059102388e-05,
      -0.009089347008537585,
      -0.009916082224536623,
      -0.02287604788328259,
      0.0,
      -0.005079923731132536
    ],
    [
      -0.016450670242019596,
      -0.004066935311197455,
      -1.8810819190791852e-05,
      0.00014126973571927917,
      0.0,
      -0.0003269046819495179,
      -0.000709566437514848,
      -0.001983298898550278,
      -2.5170550898829868e-05,
      -0.007901143928629397,
      -0.008616277873288636,
      -0.016450670242019596,
      0.0,
      -0.005062581292141725
    ]
  ],
  "action_library": [
    {
      "type": "recruit",
      "magnitude": 1.0
    },
    {
      "type": "recruit",
      "magnitude": 2.0
    },
    {
      "type": "recruit",
      "magnitude": 3.0
    },
    {
      "type": "adjust_dose",
      "magnitude": -0.1
    },
    {
      "type": "adjust_dose",
      "magnitude": 0.1
    },
    {
      "type": "hold_enrollment",
      "magnitude": 0.0
    },
    {
      "type": "file_interim_report",
      "magnitude": 0.0
    },
    {
      "type": "implement_amendment",
      "magnitude": 0.0
    },
    {
      "type": "noop",
      "magnitude": 0.0
    }
  ],
  "metadata": {
    "step": 3700,
    "mean_reward": -4.401728699252472,
    "resume_from_checkpoint": null
  }
}