{
  "format_version": 1,
  "policy_type": "linear_softmax",
  "weights": [
    [
      0.008207754814921624,
      -0.00041304259430111366,
      -0.0011501091467435351,
      -0.00012450702937650426,
      0.0,
      -0.005540941457133603,
      -0.005032498527217775,
      0.0019280183597689445,
      -0.00021148075063939193,
      0.010123736465095194,
      -0.020952634659251762,
      0.008207754814921624,
      0.0,
      0.014048257578067493
    ],
    [
      0.2768008532566753,
      0.023723518194283907,
      -0.0010380943928333041,
      -0.000852806843942722,
      0.0,
      -0.002303768845488242,
      -0.001721511801722294,
      0.005174689051747069,
      1.8802512474530155e-05,
      0.14064786644765767,
      0.006986516849709891,
      0.2768008532566753,
      0.0,
      0.04628452336148179
    ],
    [
      0.45442330367707695,
      0.03365177309460703,
      0.0003398404377586355,
      -0.00045101124860150274,
      0.0,
      0.0016181958030133533,
      0.0015907632774915174,
      0.007901974791684332,
      -1.974565409730803e-06,
      0.225591790969517,
      0.013028817057093524,
      0.45442330367707695,
      0.0,
      0.06533171860321788
    ],
    [
      -0.024751954390077366,
      0.0020669880655154694,
      0.0005809568973622095,
      -0.00035793511681215276,
      0.0,
      0.001730411112648696,
      0.00235722121195722,
      -0.0002972377887978481,
      3.940049992550806e-06,
      -0.014187205537842121,
      0.010274763949737871,
      -0.024751954390077366,
      0.0,
      -0.004473463789294442
    ],
    [
      -0.002466333618899582,
      -0.003486028411586258,
      0.00048540860814761126,
      0.0006508409577855314,
      0.0,
      0.0005229210025443418,
      -1.6781170979058793e-05,
      -0.0014913451097682319,
      -1.1361185411385037e-05,
      -0.003346648671455308,
      0.001121365628122466,
      -0.002466333618899582,
      0.0,
      -0.0035957733249154253
    ],
    [
      -0.6055408951016185,
      -0.04001822456187682,
      -0.0003649726166113596,
      -3.244581961015642e-05,
      0.0,
      -0.0015211211055150343,
      -0.0016690878358173113,
      -0.00956467035004693,
      -2.9272438564836733e-05,
      -0.30152229672150516,
      -0.001133769639934528,
      -0.6055408951016185,
      0.0,
      -0.09225997796636823
    ],
    [
      -0.01641749700374939,
      -0.006200045870262419,
      0.0029394785224906073,
      0.00250644654002412,
      0.0,
      0.011425114396789114,
      0.010531770781254083,
      0.0005127234371012961,
      0.00024894321705230886,
      -0.017778867799779628,
      0.015337256801972052,
      -0.01641749700374939,
      0.0,
      -0.004054826306862384
    ],
    [
      -0.05554013965038179,
      -0.007516638589676352,
      -0.001078531897965629,
      -0.0007775590193035796,
      0.0,
      -0.00416269340833042,
      -0.003880442717358143,
      -0.001323415451865526,
      -1.8445170982240147e-06,
      -0.02416120933504602,
      -0.018185783338770703,
      -0.05554013965038179,
      0.0,
      -0.012068243531762692
    ],
    [
      -0.034715091983941515,
      -0.001808299326703629,
      -0.0007139764116052206,
      -0.0005610224201630531,
      0.0,
      -0.0017681174985281936,
      -0.00215943321760813,
      -0.002840736939823151,
      -1.575232239582432e-05,
      -0.015367165816639787,
      -0.006476532648679529,
      -0.034715091983941515,
      0.0,
      -0.009212214623564136
    ]
  ],
  "action_library": [
    {
      "type": "recruit",
      "magnitude": 1.0
    },
    {
      "type": "recruit",
      "magnitude": 2.0
    },
    {
      "type": "recruit",
      "magnitude": 3.0
    },
    {
      "type": "adjust_dose",
      "magnitude": -0.1
    },
    {
      "type": "adjust_dose",
      "magnitude": 0.1
    },
    {
      "type": "hold_enrollment",
      "magnitude": 0.0
    },
    {
      "type": "file_interim_report",
      "magnitude": 0.0
    },
    {
      "type": "implement_amendment",
      "magnitude": 0.0
    },
    {
      "type": "noop",
      "magnitude": 0.0
    }
  ],
  "metadata": {
    "step": 12300,
    "mean_reward": -4.4335625473975,
    "resume_from_checkpoint": null
  }
}