{
  "format_version": 1,
  "policy_type": "linear_softmax",
  "weights": [
    [
      0.014737580232528339,
      -0.00018093944891272906,
      -0.001096279208904149,
      -0.0001736457157727568,
      0.0,
      -0.004686972869723166,
      -0.004644388447975853,
      0.00199140407000638,
      -0.00015896942412065644,
      0.012528832599396607,
      -0.022703410353990365,
      0.014737580232528339,
      0.0,
      0.01376380341679918
    ],
    [
      0.26049508684132994,
      0.02161702929772796,
      -0.0011835580574924688,
      -0.0007245127045733528,
      0.0,
      -0.0031551298448065333,
      -0.0025747990318121,
      0.00477106420777643,
      -5.2741604272038286e-05,
      0.13366642300461215,
      0.003215195457175366,
      0.26049508684132994,
      0.0,
      0.043283228299707315
    ],
    [
      0.4276509936863505,
      0.0329236846575223,
      0.0006144930045467437,
      -0.00033060974995226857,
      0.0,
      0.002545431233236089,
      0.002517501504427919,
      0.007614804313285369,
      3.1267468610730844e-05,
      0.21167363897544622,
      0.01892272296206898,
      0.4276509936863505,
      0.0,
      0.06307919677549075
    ],
    [
      -0.022184593635119022,
      0.0030272804213140507,
      0.0007045661485134128,
      -0.00036648317309710145,
      0.0,
      0.0022793670304588113,
      0.0032777681344382963,
      2.8989486737057607e-05,
      3.972956838690731e-05,
      -0.013811507654777993,
      0.011311628370039774,
      -0.022184593635119022,
      0.0,
      -0.004140266883133597
    ],
    [
      -0.003608931877634259,
      -0.004884655566700751,
      0.00047229043474448883,
      0.0005790371758460226,
      0.0,
      0.0006758292742603743,
      -0.0002062369417789925,
      -0.001698442680734928,
      2.41746639174241e-06,
      -0.0037845056268393717,
      -0.0016477606047005432,
      -0.003608931877634259,
      0.0,
      -0.0039532928067473015
    ],
    [
      -0.5775209285921759,
      -0.037186378084319426,
      -0.0002529667537838533,
      -6.480399217729572e-05,
      0.0,
      -0.0011780610065730873,
      -0.0012292656684123825,
      -0.0092104436937378,
      -2.744873198320374e-05,
      -0.28806325318859927,
      0.0017788126005167594,
      -0.5775209285921759,
      0.0,
      -0.08795454607776197
    ],
    [
      -0.014614051371544461,
      -0.006775445684244384,
      0.0024857328028277214,
      0.0022314366860106904,
      0.0,
      0.009548335131486818,
      0.008986779392413085,
      0.00022844858699992693,
      0.0001996694379062767,
      -0.015230670544853688,
      0.013322418599059834,
      -0.014614051371544461,
      0.0,
      -0.0038894902890094793
    ],
    [
      -0.04928079220240804,
      -0.004881889593599579,
      -0.0010558150123701798,
      -0.0007500160846970072,
      0.0,
      -0.004118326458411177,
      -0.003907318457040218,
      -0.0007176420860919553,
      -2.264727176409956e-06,
      -0.021162096404468242,
      -0.015312295311070336,
      -0.04928079220240804,
      0.0,
      -0.0105336957161944
    ],
    [
      -0.035674363081325725,
      -0.003658685998787507,
      -0.000688463358081703,
      -0.0004004024415869496,
      0.0,
      -0.001910472489928132,
      -0.0022200404842596735,
      -0.003008182204240463,
      -3.16594537433514e-05,
      -0.01581686115991576,
      -0.008887311719100191,
      -0.035674363081325725,
      0.0,
      -0.009654936719150015
    ]
  ],
  "action_library": [
    {
      "type": "recruit",
      "magnitude": 1.0
    },
    {
      "type": "recruit",
      "magnitude": 2.0
    },
    {
      "type": "recruit",
      "magnitude": 3.0
    },
    {
      "type": "adjust_dose",
      "magnitude": -0.1
    },
    {
      "type": "adjust_dose",
      "magnitude": 0.1
    },
    {
      "type": "hold_enrollment",
      "magnitude": 0.0
    },
    {
      "type": "file_interim_report",
      "magnitude": 0.0
    },
    {
      "type": "implement_amendment",
      "magnitude": 0.0
    },
    {
      "type": "noop",
      "magnitude": 0.0
    }
  ],
  "metadata": {
    "step": 11200,
    "mean_reward": -1.9299146290459808,
    "resume_from_checkpoint": null
  }
}