{
  "format_version": 1,
  "policy_type": "linear_softmax",
  "weights": [
    [
      0.022639398735194986,
      0.0008908028127954855,
      -0.0007858238637568733,
      -8.029650760215006e-05,
      0.0,
      -0.003451408422689641,
      -0.0034442300828878966,
      0.0019618647383277464,
      -0.00013571094041300063,
      0.015485506897867,
      -0.02065483612795852,
      0.022639398735194986,
      0.0,
      0.014429961830297298
    ],
    [
      0.24819354674092067,
      0.02053840443889001,
      -0.0012948139506325847,
      -0.0006533919732535649,
      0.0,
      -0.0038525426851741093,
      -0.003365012605235931,
      0.004576751211513843,
      -8.188884925365849e-05,
      0.1281087158630797,
      0.0028185344710715842,
      0.24819354674092067,
      0.0,
      0.041290339413619113
    ],
    [
      0.39086688777268247,
      0.029093931695746138,
      0.0004854269328731117,
      -0.00036751512245999387,
      0.0,
      0.002461960422585159,
      0.00245735311038572,
      0.006730175303747525,
      4.485602535491667e-05,
      0.19338251881427554,
      0.015345016430570964,
      0.39086688777268247,
      0.0,
      0.05791103900703335
    ],
    [
      -0.01796751933695646,
      0.004229595194047088,
      0.000764729309694323,
      -0.00038536222961650646,
      0.0,
      0.0022391418166773187,
      0.0032474145074046787,
      -0.00017572418788068628,
      5.2914545643531634e-05,
      -0.012075472353195508,
      0.012225445577552079,
      -0.01796751933695646,
      0.0,
      -0.0031298836859126413
    ],
    [
      0.0007522659667396332,
      -0.002591575567851515,
      0.0004407450436767186,
      0.0005271801292163232,
      0.0,
      0.0006523507772796238,
      -0.00013475868314932673,
      -0.0010639394021629133,
      9.586808509226265e-06,
      -0.0017132375786912681,
      0.0018762898742836018,
      0.0007522659667396332,
      0.0,
      -0.002787842014602829
    ],
    [
      -0.5464099510295772,
      -0.03515200896799123,
      -0.0003134429995048711,
      -9.385985529193039e-05,
      0.0,
      -0.0015560131828630426,
      -0.0015291460271551723,
      -0.00875590078212078,
      -4.1938384592940445e-05,
      -0.27217695082692256,
      0.00257189618953027,
      -0.5464099510295772,
      0.0,
      -0.08375445718610537
    ],
    [
      -0.016153187267014202,
      -0.00847254772903501,
      0.0022808255696842267,
      0.002035091779767887,
      0.0,
      0.008872962295791155,
      0.007996077279690025,
      -6.439313788331866e-05,
      0.0001813189569422547,
      -0.015247173363694598,
      0.00973520013264378,
      -0.016153187267014202,
      0.0,
      -0.004543173957010953
    ],
    [
      -0.04828844105271194,
      -0.0058998105695365925,
      -0.0009416755081817764,
      -0.0006731937972399357,
      0.0,
      -0.0038428821120870533,
      -0.003520128442747778,
      -0.000641333092713182,
      -9.189771098769244e-06,
      -0.020831323191330017,
      -0.016654345662416935,
      -0.04828844105271194,
      0.0,
      -0.010581467726505242
    ],
    [
      -0.03363300052927171,
      -0.002636791307064432,
      -0.0006359705338522687,
      -0.000308652423520136,
      0.0,
      -0.0015235689095194386,
      -0.0017075690563042225,
      -0.0025675006508282232,
      -1.9948391091562174e-05,
      -0.014932584261386212,
      -0.007263200885277568,
      -0.03363300052927171,
      0.0,
      -0.008834515680811532
    ]
  ],
  "action_library": [
    {
      "type": "recruit",
      "magnitude": 1.0
    },
    {
      "type": "recruit",
      "magnitude": 2.0
    },
    {
      "type": "recruit",
      "magnitude": 3.0
    },
    {
      "type": "adjust_dose",
      "magnitude": -0.1
    },
    {
      "type": "adjust_dose",
      "magnitude": 0.1
    },
    {
      "type": "hold_enrollment",
      "magnitude": 0.0
    },
    {
      "type": "file_interim_report",
      "magnitude": 0.0
    },
    {
      "type": "implement_amendment",
      "magnitude": 0.0
    },
    {
      "type": "noop",
      "magnitude": 0.0
    }
  ],
  "metadata": {
    "step": 10200,
    "mean_reward": -3.7323981901116827,
    "resume_from_checkpoint": null
  }
}