{
  "format_version": 1,
  "policy_type": "linear_softmax",
  "weights": [
    [
      -0.03769985935438027,
      -0.016211399590424138,
      -0.007147426592903257,
      -0.00498439737493034,
      -0.0010706660500872489,
      -0.01553059019956727,
      1.8849990190617945e-05,
      -0.0066294654418008764,
      -0.007164232844737243,
      -0.0035384168704262163,
      -0.029091113413542365
    ],
    [
      0.03941725022097483,
      0.016865379915101106,
      0.023783751491756253,
      0.02283475027020763,
      0.00033248904768935317,
      0.0025783046272122843,
      1.5223347976715491e-05,
      0.01102187185724558,
      0.0067436335581125715,
      0.009325306606825215,
      0.0012395261706982883
    ],
    [
      0.08407135573622167,
      0.026408846064147794,
      0.037986272303768324,
      0.03683004452716941,
      0.00014198950632603538,
      0.001992802944294753,
      0.00014373633150515256,
      0.016899055290874345,
      0.010515202196589966,
      0.024619726912525466,
      0.0023697346298327897
    ],
    [
      -0.013815871997701639,
      -0.0032709238203113005,
      -0.006054611353997902,
      -0.006614607300034061,
      0.00034028496972055645,
      0.0038350705967784148,
      -7.441712995546786e-05,
      -0.0022500891929328904,
      -0.0008899162856891693,
      -0.006544146341372397,
      0.0025137182102004992
    ],
    [
      0.00263404604290911,
      -0.002373263885157508,
      -0.005610779679240776,
      -0.00526188974874908,
      -0.0002618237137343785,
      -2.1437417018508292e-05,
      -0.00011320574056449369,
      -0.0029166536912725942,
      -0.0013408663334089498,
      0.00033662404316532683,
      0.004825468177803262
    ],
    [
      -0.03126507192565485,
      -0.011218961664343526,
      -0.02491354162125005,
      -0.02509496713649092,
      0.0005167351044283979,
      0.00303642985520854,
      4.4993840248695784e-05,
      -0.009366035346546639,
      -0.004748181303821724,
      -0.006394810542855663,
      0.011477367396476215
    ],
    [
      0.005560017912731585,
      0.004915708318906114,
      -0.0003283539544322522,
      -0.0008988093046947769,
      0.0004496886267815255,
      0.00342100585365167,
      -2.379630099938987e-05,
      0.0010986682101611794,
      0.0018032238342600053,
      0.00019837015853495457,
      0.011783914963507357
    ],
    [
      -0.04397351331210176,
      -0.013617771521791694,
      -0.013660854511821478,
      -0.012517034808947582,
      -0.0005764475852343836,
      -0.0013109454716915402,
      8.963239763576567e-06,
      -0.006637100862389633,
      -0.004395568570744353,
      -0.015563362173854081,
      -0.013014133745539223
    ],
    [
      -0.00492835332299997,
      -0.0014976138161266201,
      -0.0040544560818792695,
      -0.004293089123530426,
      0.00012775009411014629,
      0.0019993592111317198,
      -2.0347578165406857e-05,
      -0.0012202508233385653,
      -0.0005232942505611004,
      -0.0024392917925429632,
      0.007895517610563415
    ]
  ],
  "action_library": [
    {
      "type": "recruit",
      "magnitude": 1.0
    },
    {
      "type": "recruit",
      "magnitude": 2.0
    },
    {
      "type": "recruit",
      "magnitude": 3.0
    },
    {
      "type": "adjust_dose",
      "magnitude": -0.1
    },
    {
      "type": "adjust_dose",
      "magnitude": 0.1
    },
    {
      "type": "hold_enrollment",
      "magnitude": 0.0
    },
    {
      "type": "file_interim_report",
      "magnitude": 0.0
    },
    {
      "type": "implement_amendment",
      "magnitude": 0.0
    },
    {
      "type": "noop",
      "magnitude": 0.0
    }
  ],
  "metadata": {
    "step": 1100,
    "mean_reward": -5.508872395833333
  }
}