{
  "format_version": 1,
  "policy_type": "linear_softmax",
  "weights": [
    [
      -0.0023284925749113197,
      0.0033873482843005663,
      -0.0013480112871228026,
      -0.00023259732154771992,
      0.0,
      -0.005665480802993695,
      -0.0051802666290352625,
      0.002574848298063727,
      -0.00017009456057768903,
      0.005377679852445017,
      -0.016043651230892565,
      -0.0023284925749113197,
      0.0,
      0.014934577790587284
    ],
    [
      0.29491758030763743,
      0.02319809083655004,
      -0.001125818336751149,
      -0.0008817113669588228,
      0.0,
      -0.0029860529700044495,
      -0.0025456134818492805,
      0.004698684763386103,
      -7.057338717535276e-06,
      0.15048669270644377,
      0.006887046426083603,
      0.29491758030763743,
      0.0,
      0.049394086367715175
    ],
    [
      0.5095786637716468,
      0.03458996395313524,
      0.00024687953954377314,
      -0.0005420010445181231,
      0.0,
      0.0005285743179213209,
      0.0005758074095261329,
      0.008001740274167956,
      -5.8625570701458905e-05,
      0.25390836207974166,
      0.007604625909850236,
      0.5095786637716468,
      0.0,
      0.07087842540912914
    ],
    [
      -0.027316181013196897,
      0.002062092750417464,
      0.000651355601877921,
      -0.00033187376242326824,
      0.0,
      0.0019258844923211993,
      0.0027110294063283414,
      -0.0004045460098693205,
      1.4832499917830366e-05,
      -0.016257675650948395,
      0.01191859662794681,
      -0.027316181013196897,
      0.0,
      -0.004651372964166101
    ],
    [
      -0.0066674025069004056,
      -0.005636951359298932,
      0.0001697477782653633,
      0.0005734552789057549,
      0.0,
      -0.0008308332233972318,
      -0.001443478510405387,
      -0.001426091231169032,
      -5.812282843406596e-05,
      -0.004199918526991449,
      -0.001990443160968065,
      -0.0066674025069004056,
      0.0,
      -0.005114526882929183
    ],
    [
      -0.650706032388027,
      -0.04056335396135963,
      -0.00038393699198011066,
      -6.701299081891113e-05,
      0.0,
      -0.0013374682961871062,
      -0.0015015049598844294,
      -0.009921586595707554,
      -2.0450608397081367e-05,
      -0.32379296785095246,
      0.0002530369727034969,
      -0.650706032388027,
      0.0,
      -0.097643713062714
    ],
    [
      -0.015966061364235725,
      -0.005807837130873828,
      0.0035751003099945486,
      0.002963815564217788,
      0.0,
      0.013748745475802022,
      0.012640513144948951,
      0.0005553512804800822,
      0.00028935843775918006,
      -0.019745676894426512,
      0.018919771020791305,
      -0.015966061364235725,
      0.0,
      -0.00381001265701126
    ],
    [
      -0.061647598246575265,
      -0.008452077341761562,
      -0.0015033813098855,
      -0.0009164410051403457,
      0.0,
      -0.006237034497940544,
      -0.005486133433706031,
      -0.001355772188911592,
      -5.883423250320942e-05,
      -0.02552442058697948,
      -0.0199898566353511,
      -0.061647598246575265,
      0.0,
      -0.013345756474452955
    ],
    [
      -0.03986447598543051,
      -0.0027772760311087106,
      -0.0002819353039420326,
      -0.0005656333517163671,
      0.0,
      0.0008536655044784927,
      0.00022964705407705385,
      -0.0027226285904403146,
      6.899420165402732e-05,
      -0.020252075128330032,
      -0.007559125930163846,
      -0.03986447598543051,
      0.0,
      -0.010641707526157443
    ]
  ],
  "action_library": [
    {
      "type": "recruit",
      "magnitude": 1.0
    },
    {
      "type": "recruit",
      "magnitude": 2.0
    },
    {
      "type": "recruit",
      "magnitude": 3.0
    },
    {
      "type": "adjust_dose",
      "magnitude": -0.1
    },
    {
      "type": "adjust_dose",
      "magnitude": 0.1
    },
    {
      "type": "hold_enrollment",
      "magnitude": 0.0
    },
    {
      "type": "file_interim_report",
      "magnitude": 0.0
    },
    {
      "type": "implement_amendment",
      "magnitude": 0.0
    },
    {
      "type": "noop",
      "magnitude": 0.0
    }
  ],
  "metadata": {
    "step": 14400,
    "mean_reward": -4.269904648351029,
    "resume_from_checkpoint": null
  }
}