{
  "format_version": 1,
  "policy_type": "linear_softmax",
  "weights": [
    [
      0.017483352538904227,
      -5.2630944537932056e-05,
      -0.0009278149142357011,
      -9.855957253462117e-05,
      0.0,
      -0.0039343181027044465,
      -0.003862080768159256,
      0.0020983656480941665,
      -0.00014633412149619505,
      0.013301561340161378,
      -0.021864333659566634,
      0.017483352538904227,
      0.0,
      0.013784700596570535
    ],
    [
      0.25471922893052057,
      0.021025227495275946,
      -0.001210900352803932,
      -0.0006727054441678789,
      0.0,
      -0.0035543331532307387,
      -0.003139786235453854,
      0.00453229115200504,
      -6.75950706268162e-05,
      0.13086743943385423,
      0.0025163305774070924,
      0.25471922893052057,
      0.0,
      0.042206726833806295
    ],
    [
      0.41452062241978693,
      0.032765757360555474,
      0.0005070371367508894,
      -0.0003916754188467927,
      0.0,
      0.0025188853787957086,
      0.002563949714516791,
      0.007457465555481274,
      4.237464629952688e-05,
      0.20539779918812545,
      0.019842577843703933,
      0.41452062241978693,
      0.0,
      0.06172211089751158
    ],
    [
      -0.02119189337212888,
      0.0024433348438727878,
      0.0006700567470417528,
      -0.0003786464491937301,
      0.0,
      0.0019779185363282318,
      0.0030275205469275828,
      1.730934914800318e-05,
      3.0441310103658554e-05,
      -0.013071057747284872,
      0.010306010732328721,
      -0.02119189337212888,
      0.0,
      -0.0040125695912015605
    ],
    [
      0.0009862310428662398,
      -0.002774469284992913,
      0.0006725784061038648,
      0.0005992022551322925,
      0.0,
      0.0016401170064706979,
      0.000725473246200618,
      -0.0014114142040228786,
      2.4874187076914506e-05,
      -0.002225898389760483,
      0.002738652472687034,
      0.0009862310428662398,
      0.0,
      -0.00282953998788427
    ],
    [
      -0.5643193440160991,
      -0.036050633029268773,
      -0.0003659375930231212,
      -0.00011923162075354298,
      0.0,
      -0.0017527841293747764,
      -0.0017466974691551953,
      -0.009000656538033797,
      -4.156783747519445e-05,
      -0.2810285885602402,
      0.002111426958087229,
      -0.5643193440160991,
      0.0,
      -0.08558656962158746
    ],
    [
      -0.01677728848773157,
      -0.00800332513186661,
      0.002382261936760297,
      0.0021717869273354244,
      0.0,
      0.00910567688739357,
      0.00839898496895976,
      -4.6904381453363176e-05,
      0.00020097487777838243,
      -0.016017874833697966,
      0.010481977005999305,
      -0.01677728848773157,
      0.0,
      -0.004635491556235948
    ],
    [
      -0.04880959119866068,
      -0.005466119785514934,
      -0.0010556598221522172,
      -0.0007223384927434155,
      0.0,
      -0.004354188664162366,
      -0.004145970489624345,
      -0.0007121521642032891,
      -2.0533730806388337e-05,
      -0.020822914843176974,
      -0.016436296025887188,
      -0.04880959119866068,
      0.0,
      -0.010760233023424524
    ],
    [
      -0.036611317857454896,
      -0.003887141523523118,
      -0.0006716215444418221,
      -0.000387832184227749,
      0.0,
      -0.001646973759515909,
      -0.0018213935142120015,
      -0.002934304417015143,
      -2.2634260853890202e-05,
      -0.016400465587979536,
      -0.009696345904760217,
      -0.036611317857454896,
      0.0,
      -0.009889134547553571
    ]
  ],
  "action_library": [
    {
      "type": "recruit",
      "magnitude": 1.0
    },
    {
      "type": "recruit",
      "magnitude": 2.0
    },
    {
      "type": "recruit",
      "magnitude": 3.0
    },
    {
      "type": "adjust_dose",
      "magnitude": -0.1
    },
    {
      "type": "adjust_dose",
      "magnitude": 0.1
    },
    {
      "type": "hold_enrollment",
      "magnitude": 0.0
    },
    {
      "type": "file_interim_report",
      "magnitude": 0.0
    },
    {
      "type": "implement_amendment",
      "magnitude": 0.0
    },
    {
      "type": "noop",
      "magnitude": 0.0
    }
  ],
  "metadata": {
    "step": 10800,
    "mean_reward": -1.7742543575846546,
    "resume_from_checkpoint": null
  }
}