{
  "format_version": 1,
  "policy_type": "linear_softmax",
  "weights": [
    [
      -0.008981296926934532,
      -0.0033726061073032195,
      -0.000549568978365206,
      -0.00010550585221029104,
      0.0,
      -0.002469766525818402,
      -0.0020089565761928388,
      -0.0005233809176133383,
      -0.00021724300705246576,
      -0.0018085702059789063,
      -0.005618132432079863
    ],
    [
      0.023306709653328078,
      0.003355600988460672,
      0.0001516657853755891,
      1.0068881266048304e-05,
      0.0,
      0.0012989114887137828,
      0.0005536773827672293,
      0.0007541836115758171,
      0.00014667016158255658,
      0.011056631448657482,
      0.0037188130962885115
    ],
    [
      0.027085949714986603,
      0.002018616455133866,
      -4.0826779862081554e-05,
      5.1892835056958576e-05,
      0.0,
      -0.0003517712493268749,
      -0.0002933035012356484,
      0.0006507881902702359,
      3.8983999234844156e-05,
      0.013657730309819453,
      -0.00017432495237145406
    ],
    [
      0.00418377934782803,
      0.002131058237621014,
      6.360279111963567e-05,
      1.3031001527472224e-06,
      0.0,
      0.00017558687824208703,
      1.0451912462593241e-05,
      0.00015821772824314476,
      3.9805819100948244e-05,
      0.0015978905464736019,
      0.003789390350117497
    ],
    [
      2.1647486837429214e-05,
      -0.0011749508501418325,
      -2.6964546359594375e-05,
      3.092931662989715e-05,
      0.0,
      -0.00015051475305266466,
      0.00011766161785035298,
      -0.0003505674629263737,
      -2.2727457787667885e-05,
      0.0002023045227808491,
      -0.0007940594861661382
    ],
    [
      -0.036470888328714146,
      -0.001402224816348235,
      0.0003051975949186057,
      0.00018107638825782288,
      0.0,
      0.0011977782393660444,
      0.0009568884350218433,
      -0.000537197112185216,
      9.824083857458657e-05,
      -0.019351415632008873,
      0.0026603691019506507
    ],
    [
      0.00041445107104598114,
      0.0003805704932597366,
      0.00012610460208942355,
      -2.901992014385456e-05,
      0.0,
      0.00017615186728290713,
      0.0004235758232156464,
      0.0001196690853471468,
      -0.000128024260712893,
      -0.0004533071229035541,
      0.0014448854261396157
    ],
    [
      -0.006823281350061097,
      -0.0007497377425364378,
      -0.00011718109562565625,
      -0.0001669600267641587,
      0.0,
      -0.0007769261301827147,
      -0.0004116212630342082,
      -8.232442184490285e-06,
      -9.45328759722373e-06,
      -0.0028331309334753913,
      -0.003142572794670813
    ],
    [
      -0.0027370706683164255,
      -0.0011863266581455818,
      8.797062670928415e-05,
      2.6215277754830426e-05,
      0.0,
      0.0009005501847758257,
      0.0006516261691450164,
      -0.00026348068052692444,
      5.3747194657314965e-05,
      -0.002068132933364564,
      -0.001884368309208094
    ]
  ],
  "action_library": [
    {
      "type": "recruit",
      "magnitude": 1.0
    },
    {
      "type": "recruit",
      "magnitude": 2.0
    },
    {
      "type": "recruit",
      "magnitude": 3.0
    },
    {
      "type": "adjust_dose",
      "magnitude": -0.1
    },
    {
      "type": "adjust_dose",
      "magnitude": 0.1
    },
    {
      "type": "hold_enrollment",
      "magnitude": 0.0
    },
    {
      "type": "file_interim_report",
      "magnitude": 0.0
    },
    {
      "type": "implement_amendment",
      "magnitude": 0.0
    },
    {
      "type": "noop",
      "magnitude": 0.0
    }
  ],
  "metadata": {
    "step": 600,
    "mean_reward": -2.202542929353695
  }
}