{
  "format_version": 1,
  "policy_type": "linear_softmax",
  "weights": [
    [
      0.0027597155236546013,
      0.004098532851334102,
      -0.0012699862237411231,
      -0.00022650491830523322,
      0.0,
      -0.0054040718282881445,
      -0.004942771518711625,
      0.002657584836316949,
      -0.00016659111899147732,
      0.0075793937446466675,
      -0.015248314280560364,
      0.0027597155236546013,
      0.0,
      0.015318788910075449
    ],
    [
      0.2923056087459056,
      0.024579351446849335,
      -0.0008984202465759258,
      -0.0008682057174980366,
      0.0,
      -0.0016618242885655578,
      -0.0014250296955758781,
      0.004924104937817352,
      3.618806839458873e-05,
      0.14800487504067236,
      0.00864614177802427,
      0.2923056087459056,
      0.0,
      0.04898091525456059
    ],
    [
      0.49051502791877977,
      0.031137015151250735,
      0.0002623283635089598,
      -0.00045530933355486774,
      0.0,
      0.0003406014160043824,
      0.0003763260746554738,
      0.007780276900825273,
      -6.548502759583609e-05,
      0.24439854148258083,
      0.0056846739340442945,
      0.49051502791877977,
      0.0,
      0.06853637753690485
    ],
    [
      -0.0261161142020787,
      0.0023794478000355806,
      0.0007062354290896016,
      -0.00028543530750246767,
      0.0,
      0.0024567440723967464,
      0.003000099898950645,
      -0.0003699476239873823,
      2.3620929328721705e-05,
      -0.015781831966962485,
      0.011997960005392822,
      -0.0261161142020787,
      0.0,
      -0.004576301044838647
    ],
    [
      -0.006514726697709378,
      -0.005239034773160168,
      3.1943109052894674e-05,
      0.0005457129219779359,
      0.0,
      -0.0016252755031173193,
      -0.0020855641858896555,
      -0.001476306220424372,
      -7.441905133466206e-05,
      -0.003566360157265956,
      -0.0017420427618045102,
      -0.006514726697709378,
      0.0,
      -0.004812688620012326
    ],
    [
      -0.6388974788478338,
      -0.04057525635533051,
      -0.00041389172293062996,
      -8.450280123037663e-05,
      0.0,
      -0.0013669493647421368,
      -0.001474640032271212,
      -0.009834335136309644,
      -1.4641811629150165e-05,
      -0.31780399225246597,
      -0.001226754603008101,
      -0.6388974788478338,
      0.0,
      -0.09651635748913466
    ],
    [
      -0.016119509099875022,
      -0.006660842165307986,
      0.0033960799654155684,
      0.002845220858733229,
      0.0,
      0.012883898368392146,
      0.01194835467764713,
      0.00047994929204813396,
      0.00026506005212675713,
      -0.018964937487556142,
      0.016977995771726175,
      -0.016119509099875022,
      0.0,
      -0.004154731032151867
    ],
    [
      -0.062402591988218896,
      -0.009005636741298065,
      -0.0014483660348705973,
      -0.0008918162608682349,
      0.0,
      -0.0060745979799166905,
      -0.0053821113623548356,
      -0.0016147218600306085,
      -6.480023402677459e-05,
      -0.026040442592555828,
      -0.020904210913062198,
      -0.062402591988218896,
      0.0,
      -0.013427008706379107
    ],
    [
      -0.03552993135262053,
      -0.0007135772143722663,
      -0.000365922638948729,
      -0.0005791594417519572,
      0.0,
      0.00045147510783654726,
      -1.466385644996185e-05,
      -0.0025466051262556856,
      6.10681937278299e-05,
      -0.017825245811093186,
      -0.004185448930752914,
      -0.03552993135262053,
      0.0,
      -0.009348994809023872
    ]
  ],
  "action_library": [
    {
      "type": "recruit",
      "magnitude": 1.0
    },
    {
      "type": "recruit",
      "magnitude": 2.0
    },
    {
      "type": "recruit",
      "magnitude": 3.0
    },
    {
      "type": "adjust_dose",
      "magnitude": -0.1
    },
    {
      "type": "adjust_dose",
      "magnitude": 0.1
    },
    {
      "type": "hold_enrollment",
      "magnitude": 0.0
    },
    {
      "type": "file_interim_report",
      "magnitude": 0.0
    },
    {
      "type": "implement_amendment",
      "magnitude": 0.0
    },
    {
      "type": "noop",
      "magnitude": 0.0
    }
  ],
  "metadata": {
    "step": 13800,
    "mean_reward": -1.6476538912372143,
    "resume_from_checkpoint": null
  }
}