{
  "format_version": 1,
  "policy_type": "linear_softmax",
  "weights": [
    [
      0.021516759960575917,
      0.0007007215888955109,
      -0.000807827812296358,
      -4.9245055903939356e-05,
      0.0,
      -0.003502277651012599,
      -0.0035382249938157202,
      0.0019444694593809865,
      -0.0001391479121489458,
      0.015099278997462266,
      -0.021274261008068677,
      0.021516759960575917,
      0.0,
      0.014300209299215187
    ],
    [
      0.25199290883390824,
      0.021810269021007737,
      -0.001211280472088861,
      -0.0006529634433986131,
      0.0,
      -0.0035703220757521996,
      -0.003080618234482723,
      0.004624467586750934,
      -7.202779564577415e-05,
      0.12956761095338476,
      0.0054003224413007485,
      0.25199290883390824,
      0.0,
      0.04219429554572552
    ],
    [
      0.3938028547336509,
      0.029885720107137904,
      0.0003433901109778135,
      -0.00039950427396520796,
      0.0,
      0.0019194415060016631,
      0.0019290793741719306,
      0.0068680583123525984,
      3.1242006741667476e-05,
      0.19556962212581516,
      0.014945526323471818,
      0.3938028547336509,
      0.0,
      0.05825907786677901
    ],
    [
      -0.018780135533634165,
      0.003484854972772821,
      0.0007852361324086754,
      -0.0003882674327692716,
      0.0,
      0.002316407856197987,
      0.003351091547202972,
      -0.000141986499516271,
      5.3514279314779886e-05,
      -0.0126124759428943,
      0.01175061152482366,
      -0.018780135533634165,
      0.0,
      -0.003311120377656717
    ],
    [
      0.00048197076704399106,
      -0.0030102379746696764,
      0.0004450736870186759,
      0.0005559115371693956,
      0.0,
      0.0006629476973559772,
      -0.0001225751068133953,
      -0.001181243811941203,
      5.158655760629171e-06,
      -0.0018183633677100618,
      0.0014119411858827002,
      0.00048197076704399106,
      0.0,
      -0.0028792787334164962
    ],
    [
      -0.5501425225151549,
      -0.03532039137961872,
      -0.00036389612185049513,
      -0.00010525104193103799,
      0.0,
      -0.0017152409184937822,
      -0.0016926033591395863,
      -0.008806813964851206,
      -4.606611283837742e-05,
      -0.27382683360332544,
      0.002462050696391884,
      -0.5501425225151549,
      0.0,
      -0.08410110584486108
    ],
    [
      -0.017825216703016,
      -0.009531164931085386,
      0.0022770587797275093,
      0.00207183936499301,
      0.0,
      0.008898064335395707,
      0.008006123032494802,
      -0.00016431555993640798,
      0.00018430171739960453,
      -0.01598931906032987,
      0.007938305311642671,
      -0.017825216703016,
      0.0,
      -0.005103557245607993
    ],
    [
      -0.0473008710984554,
      -0.00540505937348888,
      -0.0008862897477701091,
      -0.000705135522695859,
      0.0,
      -0.0036761824494641318,
      -0.0033435727061567047,
      -0.0006905719923075377,
      -4.625106814127512e-06,
      -0.0206460192438276,
      -0.015419871481453292,
      -0.0473008710984554,
      0.0,
      -0.010350115917445332
    ],
    [
      -0.03374574844491132,
      -0.002614712030951321,
      -0.0005814645561268451,
      -0.0003273841314984816,
      0.0,
      -0.0013328383002286376,
      -0.0015086995534614768,
      -0.0024520635299319147,
      -1.2349731769457654e-05,
      -0.015343500858572456,
      -0.007214624993992222,
      -0.03374574844491132,
      0.0,
      -0.00900840459273089
    ]
  ],
  "action_library": [
    {
      "type": "recruit",
      "magnitude": 1.0
    },
    {
      "type": "recruit",
      "magnitude": 2.0
    },
    {
      "type": "recruit",
      "magnitude": 3.0
    },
    {
      "type": "adjust_dose",
      "magnitude": -0.1
    },
    {
      "type": "adjust_dose",
      "magnitude": 0.1
    },
    {
      "type": "hold_enrollment",
      "magnitude": 0.0
    },
    {
      "type": "file_interim_report",
      "magnitude": 0.0
    },
    {
      "type": "implement_amendment",
      "magnitude": 0.0
    },
    {
      "type": "noop",
      "magnitude": 0.0
    }
  ],
  "metadata": {
    "step": 10300,
    "mean_reward": -1.7700101329559377,
    "resume_from_checkpoint": null
  }
}