{
  "format_version": 1,
  "policy_type": "linear_softmax",
  "weights": [
    [
      -0.009883759489736112,
      -0.004164128910792747,
      -0.0005358340488602416,
      -6.301272703941649e-06,
      0.0,
      -0.001862840397845804,
      -0.0018033829724054579,
      -0.00032620435392538316,
      -0.00019068484002422774,
      -0.002149192853736434,
      -0.006132419057645396,
      -0.009883759489736112,
      0.0,
      -0.0024685029331285493
    ],
    [
      0.033539137989523043,
      0.00436022315507486,
      0.00026498311158209675,
      1.7706028991242024e-05,
      0.0,
      0.0017820413898515998,
      0.001162806886855353,
      0.0009197780042058775,
      0.00019560504393830293,
      0.015442497066239215,
      0.004714318629431541,
      0.033539137989523043,
      0.0,
      0.007552386833254801
    ],
    [
      0.045208141472360984,
      0.003634980821287684,
      7.159146168644602e-06,
      6.24069701855293e-05,
      0.0,
      0.0002673896009474007,
      0.0003160416051596672,
      0.0009942572717356508,
      3.2975803758286316e-05,
      0.022570377422043424,
      0.00046673648936142864,
      0.045208141472360984,
      0.0,
      0.00980787999028529
    ],
    [
      0.004528130991639155,
      0.0025725287748967853,
      7.47026156915102e-05,
      5.2854280555286824e-06,
      0.0,
      -0.00017744697439671695,
      1.5850839812833522e-05,
      8.881331573784607e-05,
      -2.096304446336072e-05,
      0.0019272463580766127,
      0.0037315745399616918,
      0.004528130991639155,
      0.0,
      0.0011944655451649286
    ],
    [
      -0.0005580862499728184,
      -0.0021221492418566903,
      -9.56953527107168e-05,
      -5.2236737072777446e-05,
      0.0,
      -0.0006920057104636253,
      -0.00037482318687491,
      -0.0004787340772988585,
      -5.3121254855816296e-05,
      5.944333785901373e-05,
      -0.0016736848985021236,
      -0.0005580862499728184,
      0.0,
      -0.00031267856756514055
    ],
    [
      -0.06323604355804481,
      -0.003544012723656186,
      9.563303227850032e-05,
      8.467527688805411e-05,
      0.0,
      0.0005424069742098361,
      0.0003033187425285724,
      -0.0011136045921841173,
      3.471921120609806e-05,
      -0.03182271240086817,
      0.002274544597484971,
      -0.06323604355804481,
      0.0,
      -0.01223779709787626
    ],
    [
      0.0029537752287508746,
      0.00147675375784744,
      0.00031482078825099583,
      8.216120366209224e-05,
      0.0,
      0.0013267122014106333,
      0.0015505581133506536,
      0.00023030211743128043,
      0.00012376737970267568,
      -0.00011758564452152241,
      0.0037583857259494958,
      0.0029537752287508746,
      0.0,
      0.00023059407384011288
    ],
    [
      -0.010746569368958568,
      -0.0016475774948578846,
      -0.00018284691824777918,
      -0.00020871863609737794,
      0.0,
      -0.0010876122027737099,
      -0.0011583035923297944,
      -2.3165003408788252e-05,
      -0.00010722147884242534,
      -0.004600291770841118,
      -0.005616131888405691,
      -0.010746569368958568,
      0.0,
      -0.0028797957201747134
    ],
    [
      -0.001804727015561561,
      -0.0005666181379431865,
      5.707762584698811e-05,
      1.502173809165064e-05,
      0.0,
      -9.864488093961089e-05,
      -1.2066436096920124e-05,
      -0.0002914426822935007,
      -1.50768204195326e-05,
      -0.0013097815142511196,
      -0.0015233241376358358,
      -0.001804727015561561,
      0.0,
      -0.0008865521238003727
    ]
  ],
  "action_library": [
    {
      "type": "recruit",
      "magnitude": 1.0
    },
    {
      "type": "recruit",
      "magnitude": 2.0
    },
    {
      "type": "recruit",
      "magnitude": 3.0
    },
    {
      "type": "adjust_dose",
      "magnitude": -0.1
    },
    {
      "type": "adjust_dose",
      "magnitude": 0.1
    },
    {
      "type": "hold_enrollment",
      "magnitude": 0.0
    },
    {
      "type": "file_interim_report",
      "magnitude": 0.0
    },
    {
      "type": "implement_amendment",
      "magnitude": 0.0
    },
    {
      "type": "noop",
      "magnitude": 0.0
    }
  ],
  "metadata": {
    "step": 1000,
    "mean_reward": -1.9589093613279631,
    "resume_from_checkpoint": null,
    "iteration": 2,
    "benchmark_previous": {
      "episodes": 12,
      "policies": [
        "random",
        "heuristic",
        "trained"
      ]
    },
    "disease_metrics": {
      "random": {
        "type2_diabetes": {
          "total_reward": -1.4636011147052372,
          "composite_efficiency": 0.2764769716381783,
          "efficacy": 0.17901527205548326,
          "safety": -0.75,
          "compliance": -0.7,
          "cost": -0.255,
          "progress": 0.1213235294117647,
          "correction_triggers": 7.75,
          "stage_transitions": 0.0
        },
        "hypertension": {
          "total_reward": -2.8655515958825024,
          "composite_efficiency": 0.2500548365529594,
          "efficacy": 0.2609400772288191,
          "safety": -0.75,
          "compliance": -0.7,
          "cost": -0.735,
          "progress": 0.055723622782446317,
          "correction_triggers": 14.0,
          "stage_transitions": 0.0
        },
        "nsclc": {
          "total_reward": -2.3680542380844742,
          "composite_efficiency": 0.29269954011117383,
          "efficacy": 0.08408673175860883,
          "safety": -0.5,
          "compliance": -0.4,
          "cost": -0.263125,
          "progress": 0.07137254901960785,
          "correction_triggers": 11.75,
          "stage_transitions": 0.0
        }
      },
      "heuristic": {
        "type2_diabetes": {
          "total_reward": -0.50839254155073,
          "composite_efficiency": 0.24909998304051836,
          "efficacy": 0.23244988128362853,
          "safety": -1.0,
          "compliance": -1.0,
          "cost": -0.2175,
          "progress": 0.12,
          "correction_triggers": 2.0,
          "stage_transitions": 0.0
        },
        "hypertension": {
          "total_reward": -0.8666626561275919,
          "composite_efficiency": 0.2669103374334948,
          "efficacy": 0.26361095839989584,
          "safety": -1.0,
          "compliance": -1.0,
          "cost": -0.230625,
          "progress": 0.12,
          "correction_triggers": 3.5,
          "stage_transitions": 0.0
        },
        "nsclc": {
          "total_reward": -0.5330464580566001,
          "composite_efficiency": 0.23903715997689795,
          "efficacy": 0.1620101198382856,
          "safety": -1.0,
          "compliance": -1.0,
          "cost": -0.2175,
          "progress": 0.12,
          "correction_triggers": 2.0,
          "stage_transitions": 0.0
        }
      },
      "trained": {
        "type2_diabetes": {
          "total_reward": -0.50839254155073,
          "composite_efficiency": 0.24909998304051836,
          "efficacy": 0.23244988128362853,
          "safety": -1.0,
          "compliance": -1.0,
          "cost": -0.2175,
          "progress": 0.12,
          "correction_triggers": 2.0,
          "stage_transitions": 0.0
        },
        "hypertension": {
          "total_reward": -0.8766700464910487,
          "composite_efficiency": 0.2526140654856994,
          "efficacy": 0.26361095839989584,
          "safety": -1.0,
          "compliance": -1.0,
          "cost": -0.230625,
          "progress": 0.12,
          "correction_triggers": 3.5,
          "stage_transitions": 0.0
        },
        "nsclc": {
          "total_reward": -0.5330464580566001,
          "composite_efficiency": 0.23903715997689795,
          "efficacy": 0.1620101198382856,
          "safety": -1.0,
          "compliance": -1.0,
          "cost": -0.2175,
          "progress": 0.12,
          "correction_triggers": 2.0,
          "stage_transitions": 0.0
        }
      }
    },
    "phase_metrics": {
      "random": {
        "stage1": {
          "composite_efficiency": 0.3386217488210177,