{
  "format_version": 1,
  "policy_type": "linear_softmax",
  "weights": [
    [
      0.006127382435416926,
      0.003949921642130275,
      -0.0011174889304441083,
      -0.00012949763151439924,
      0.0,
      -0.0047701109843731725,
      -0.004372257544991397,
      0.002608563389562361,
      -0.00016001838684254687,
      0.008726323223582617,
      -0.015614402011938991,
      0.006127382435416926,
      0.0,
      0.015216212261448484
    ],
    [
      0.2848776690096522,
      0.02261581569588176,
      -0.001251144838799759,
      -0.0009021016561582334,
      0.0,
      -0.0035851357218927627,
      -0.0031393383995330557,
      0.004792325661601738,
      -2.5729460138608867e-05,
      0.14580055590099802,
      0.00560606694556968,
      0.2848776690096522,
      0.0,
      0.04758567683156851
    ],
    [
      0.4780117775886643,
      0.0318391585247595,
      0.0006400429537810599,
      -0.0003736412358070064,
      0.0,
      0.002289069930343149,
      0.0024195396556789847,
      0.0079258923373682,
      -1.5029032341680519e-06,
      0.23628518405710308,
      0.009184143456428937,
      0.4780117775886643,
      0.0,
      0.06696041200613648
    ],
    [
      -0.02492707185754554,
      0.0032952875109417304,
      0.0005759230688876142,
      -0.00029661010663298233,
      0.0,
      0.0017617915597906283,
      0.002339232889586809,
      -0.00020783272543831592,
      5.712459232870665e-06,
      -0.014508009260844635,
      0.012154775723751733,
      -0.02492707185754554,
      0.0,
      -0.0042452232032971025
    ],
    [
      -0.0056347994322726155,
      -0.005159785691778839,
      6.494116655492797e-05,
      0.0005579893688102436,
      0.0,
      -0.001322727763638758,
      -0.001931794936036956,
      -0.0016697193173207472,
      -6.137532478822167e-05,
      -0.0032980589064555885,
      -0.0014862847965931574,
      -0.0056347994322726155,
      0.0,
      -0.004402417920603872
    ],
    [
      -0.6281738845028354,
      -0.04020672449875821,
      -0.00039422641902957863,
      -9.437417391096889e-05,
      0.0,
      -0.00132617829054861,
      -0.0014054246844339689,
      -0.009711119570919217,
      -1.8060015572213806e-05,
      -0.3125812608598379,
      -0.0012140904014105189,
      -0.6281738845028354,
      0.0,
      -0.09500235607371633
    ],
    [
      -0.016610333862854054,
      -0.0068787283218979655,
      0.003271720167165021,
      0.0027201242109635266,
      0.0,
      0.012872447063113534,
      0.011828364897825358,
      0.00034655857231242457,
      0.00027923587948159,
      -0.018863840204399157,
      0.01588514074827513,
      -0.016610333862854054,
      0.0,
      -0.004230116722486621
    ],
    [
      -0.059988182453953647,
      -0.008935747646149496,
      -0.0013370325944922282,
      -0.0008934736294732951,
      0.0,
      -0.005532245305768611,
      -0.004931719679215806,
      -0.001579111839072964,
      -4.650706565792505e-05,
      -0.02517421123515905,
      -0.019939936083366847,
      -0.059988182453953647,
      0.0,
      -0.012764123505193873
    ],
    [
      -0.03368255692426451,
      -0.0005191972151280034,
      -0.0004527345736229385,
      -0.0005884151462768927,
      0.0,
      -0.0003869104870253979,
      -0.0008066021988798653,
      -0.0025055565080934704,
      2.8244817519220166e-05,
      -0.01638668271498614,
      -0.00457541358071653,
      -0.03368255692426451,
      0.0,
      -0.009118063673855255
    ]
  ],
  "action_library": [
    {
      "type": "recruit",
      "magnitude": 1.0
    },
    {
      "type": "recruit",
      "magnitude": 2.0
    },
    {
      "type": "recruit",
      "magnitude": 3.0
    },
    {
      "type": "adjust_dose",
      "magnitude": -0.1
    },
    {
      "type": "adjust_dose",
      "magnitude": 0.1
    },
    {
      "type": "hold_enrollment",
      "magnitude": 0.0
    },
    {
      "type": "file_interim_report",
      "magnitude": 0.0
    },
    {
      "type": "implement_amendment",
      "magnitude": 0.0
    },
    {
      "type": "noop",
      "magnitude": 0.0
    }
  ],
  "metadata": {
    "step": 13300,
    "mean_reward": -3.760754387801689,
    "resume_from_checkpoint": null
  }
}