{
  "format_version": 1,
  "policy_type": "linear_softmax",
  "weights": [
    [
      -0.00038029205719393655,
      -1.5291755130167427e-05,
      -6.112243132095889e-05,
      3.098376126739736e-05,
      0.0,
      -0.0003067650219736246,
      -0.00026943713857266195,
      1.6126351355550656e-05,
      -3.737879259410184e-05,
      0.00019984025375636264,
      4.96330165318532e-05,
      -0.00038029205719393655,
      0.0,
      0.00016267479125426761
    ],
    [
      0.0025201444304679315,
      6.52866388071787e-05,
      -4.942258430286427e-06,
      -2.1613657856306598e-05,
      0.0,
      7.79051282562161e-05,
      1.3862698514883029e-05,
      -2.02277290746727e-05,
      1.1961563426627646e-05,
      0.0012363624955513863,
      -0.00021009197277486026,
      0.0025201444304679315,
      0.0,
      0.0005357766845070847
    ],
    [
      0.0030971115521575615,
      -0.0002513336548952147,
      -0.00014412522714422196,
      -1.2516386215669578e-05,
      0.0,
      -0.000555983975998583,
      -0.0005769382224311314,
      0.00010361464155906002,
      -5.0423239600838595e-05,
      0.002205846774053488,
      -0.0013831265194145295,
      0.0030971115521575615,
      0.0,
      0.0005111804666548633
    ],
    [
      0.0016650027184948362,
      0.0006661339978339983,
      4.48790706000019e-05,
      -2.637873663847297e-05,
      0.0,
      8.053948305094268e-05,
      0.00027316921407757693,
      -6.82046150352002e-05,
      1.2768157667996769e-05,
      0.0005148374897535221,
      0.0009825971008588484,
      0.0016650027184948362,
      0.0,
      0.000399135295427084
    ],
    [
      0.00030742293895708235,
      -0.00018929398632006573,
      -3.3930807319563735e-05,
      3.818389353264994e-05,
      0.0,
      -0.0003037610478660729,
      -0.000178684162647212,
      -7.948294313063728e-05,
      -4.015831353059733e-05,
      0.00043940667073889475,
      0.00010329248855958917,
      0.00030742293895708235,
      0.0,
      0.00022168881414176905
    ],
    [
      -0.006381450659520502,
      -0.00012474305558282187,
      9.888622153546386e-05,
      1.2748693585960714e-05,
      0.0,
      0.000524958123548739,
      0.0003896538173677218,
      -8.093760842869924e-05,
      5.309279467437149e-05,
      -0.0036201048843325138,
      0.0004212768703189803,
      -0.006381450659520502,
      0.0,
      -0.0012745404757412752
    ],
    [
      0.0009207155393068087,
      0.0006670898067383406,
      9.738944234326355e-05,
      4.538112697333217e-05,
      0.0,
      0.00040519130597787065,
      0.00034676824960496995,
      0.00012431185445004392,
      2.8699340215103466e-05,
      7.52597581652647e-05,
      0.0006913877583538637,
      0.0009207155393068087,
      0.0,
      0.00019675347327115645
    ],
    [
      -0.001331459748295311,
      -0.0006886316149702972,
      -1.7264351192081322e-05,
      -4.968028544488146e-05,
      0.0,
      -4.6577480815590886e-05,
      -2.6061260457201418e-06,
      -2.0864420779420044e-05,
      1.0196130719184607e-06,
      -0.0006448529680702022,
      -0.0005869560424695722,
      -0.001331459748295311,
      0.0,
      -0.0005627926849755913
    ],
    [
      -0.0004171947143744452,
      -0.0001292163764809532,
      2.0230340928382728e-05,
      -1.7108409204009517e-05,
      0.0,
      0.0001244934858201019,
      4.21167013157203e-06,
      2.5664469083974297e-05,
      2.0418876669519903e-05,
      -0.00040659558961619977,
      -6.801269996417644e-05,
      -0.0004171947143744452,
      0.0,
      -0.000189876364539352
    ]
  ],
  "action_library": [
    {
      "type": "recruit",
      "magnitude": 1.0
    },
    {
      "type": "recruit",
      "magnitude": 2.0
    },
    {
      "type": "recruit",
      "magnitude": 3.0
    },
    {
      "type": "adjust_dose",
      "magnitude": -0.1
    },
    {
      "type": "adjust_dose",
      "magnitude": 0.1
    },
    {
      "type": "hold_enrollment",
      "magnitude": 0.0
    },
    {
      "type": "file_interim_report",
      "magnitude": 0.0
    },
    {
      "type": "implement_amendment",
      "magnitude": 0.0
    },
    {
      "type": "noop",
      "magnitude": 0.0
    }
  ],
  "metadata": {
    "step": 100,
    "mean_reward": -1.4785068885661556,
    "resume_from_checkpoint": null,
    "iteration": 2,
    "benchmark_previous": {
      "episodes": 12,
      "policies": [
        "random",
        "heuristic",
        "trained"
      ]
    },
    "disease_metrics": {
      "random": {
        "type2_diabetes": {
          "total_reward": -1.4636011147052372,
          "composite_efficiency": 0.2764769716381783,
          "efficacy": 0.17901527205548326,
          "safety": -0.75,
          "compliance": -0.7,
          "cost": -0.255,
          "progress": 0.1213235294117647,
          "correction_triggers": 7.75,
          "stage_transitions": 0.0
        },
        "hypertension": {
          "total_reward": -2.8655515958825024,
          "composite_efficiency": 0.2500548365529594,
          "efficacy": 0.2609400772288191,
          "safety": -0.75,
          "compliance": -0.7,
          "cost": -0.735,
          "progress": 0.055723622782446317,
          "correction_triggers": 14.0,
          "stage_transitions": 0.0
        },
        "nsclc": {
          "total_reward": -2.3680542380844742,
          "composite_efficiency": 0.29269954011117383,
          "efficacy": 0.08408673175860883,
          "safety": -0.5,
          "compliance": -0.4,
          "cost": -0.263125,
          "progress": 0.07137254901960785,
          "correction_triggers": 11.75,
          "stage_transitions": 0.0
        }
      },
      "heuristic": {
        "type2_diabetes": {
          "total_reward": -0.50839254155073,
          "composite_efficiency": 0.24909998304051836,
          "efficacy": 0.23244988128362853,
          "safety": -1.0,
          "compliance": -1.0,
          "cost": -0.2175,
          "progress": 0.12,
          "correction_triggers": 2.0,
          "stage_transitions": 0.0
        },
        "hypertension": {
          "total_reward": -0.8666626561275919,
          "composite_efficiency": 0.2669103374334948,
          "efficacy": 0.26361095839989584,
          "safety": -1.0,
          "compliance": -1.0,
          "cost": -0.230625,
          "progress": 0.12,
          "correction_triggers": 3.5,
          "stage_transitions": 0.0
        },
        "nsclc": {
          "total_reward": -0.5330464580566001,
          "composite_efficiency": 0.23903715997689795,
          "efficacy": 0.1620101198382856,
          "safety": -1.0,
          "compliance": -1.0,
          "cost": -0.2175,
          "progress": 0.12,
          "correction_triggers": 2.0,
          "stage_transitions": 0.0
        }
      },
      "trained": {
        "type2_diabetes": {
          "total_reward": -0.50839254155073,
          "composite_efficiency": 0.24909998304051836,
          "efficacy": 0.23244988128362853,
          "safety": -1.0,
          "compliance": -1.0,
          "cost": -0.2175,
          "progress": 0.12,
          "correction_triggers": 2.0,
          "stage_transitions": 0.0
        },
        "hypertension": {
          "total_reward": -0.8766700464910487,
          "composite_efficiency": 0.2526140654856994,
          "efficacy": 0.26361095839989584,
          "safety": -1.0,
          "compliance": -1.0,
          "cost": -0.230625,
          "progress": 0.12,
          "correction_triggers": 3.5,
          "stage_transitions": 0.0
        },
        "nsclc": {
          "total_reward": -0.5330464580566001,
          "composite_efficiency": 0.23903715997689795,
          "efficacy": 0.1620101198382856,
          "safety": -1.0,
          "compliance": -1.0,
          "cost": -0.2175,
          "progress": 0.12,
          "correction_triggers": 2.0,
          "stage_transitions": 0.0
        }
      }
    },