{
  "format_version": 1,
  "policy_type": "linear_softmax",
  "weights": [
    [
      0.04267718044394675,
      0.0010223556601330844,
      -0.0010604886183829864,
      -0.00011161276660218176,
      0.0,
      -0.0048534199331425045,
      -0.0047672398958357644,
      0.0019150964578312066,
      -0.0001339742241371677,
      0.026525385462212062,
      -0.017993562771477074,
      0.04267718044394675,
      0.0,
      0.015532273720814569
    ],
    [
      0.21005074842014643,
      0.018804133248613044,
      -0.0009106542410482506,
      -0.0005777294170344332,
      0.0,
      -0.00216047733706136,
      -0.0017227450889123266,
      0.0036255103919749553,
      -3.0126152816980867e-05,
      0.10710938669915691,
      0.004532032512261729,
      0.21005074842014643,
      0.0,
      0.03581036784670433
    ],
    [
      0.3113486295782635,
      0.02441596082494284,
      0.000638125256845038,
      -0.00020710840788896014,
      0.0,
      0.0023929020657704097,
      0.002542611991779928,
      0.005443941527485592,
      5.173884570591362e-05,
      0.1529340563966634,
      0.014454274604933382,
      0.3113486295782635,
      0.0,
      0.0477727758458311
    ],
    [
      -0.01199480863060494,
      0.0030166295918797824,
      0.0005455649307152644,
      -5.425686204426796e-05,
      0.0,
      0.0018183149333697818,
      0.0020950459062038765,
      -0.00040500052645771144,
      2.8869742716001044e-05,
      -0.007679513206331844,
      0.01293062910716194,
      -0.01199480863060494,
      0.0,
      -0.0015857859834021333
    ],
    [
      -0.0020775098385362235,
      -0.004765403706008128,
      0.00036996745981418355,
      0.00028946579367108624,
      0.0,
      0.0010493682170895303,
      0.0005066090205034228,
      -0.001086623304117154,
      2.0873357399222147e-05,
      -0.0028939646023455117,
      -0.0030892735812445824,
      -0.0020775098385362235,
      0.0,
      -0.003883081950289787
    ],
    [
      -0.47095997378924803,
      -0.031634949676702225,
      -0.00033153903750798196,
      -8.698159608933321e-05,
      0.0,
      -0.0012498789666382415,
      -0.001172467842680844,
      -0.00768933489630081,
      -3.333748447418168e-05,
      -0.2342169158102526,
      0.0017992100986228678,
      -0.47095997378924803,
      0.0,
      -0.07331785776848615
    ],
    [
      -0.0067596948229956,
      -0.0009696386472600953,
      0.0018918693876164435,
      0.0015484660830550026,
      0.0,
      0.007708193485044632,
      0.007163140770265899,
      0.0007799573374205611,
      0.00017287740076250848,
      -0.00973003800459493,
      0.016608528207851993,
      -0.0067596948229956,
      0.0,
      -0.001737507029892086
    ],
    [
      -0.04776689593823161,
      -0.00864345550521691,
      -0.001110217311532092,
      -0.0006935191362707621,
      0.0,
      -0.004619322949194119,
      -0.004281316772490392,
      -0.0006723346559857049,
      -5.5105953507285906e-05,
      -0.019736983939650083,
      -0.024304442910918274,
      -0.04776689593823161,
      0.0,
      -0.01180079378674123
    ],
    [
      -0.024517675422743367,
      -0.0012456317903821092,
      -3.262782651961578e-05,
      -0.0001067236907961546,
      0.0,
      -8.567951523819546e-05,
      -0.00036363808883378007,
      -0.0019112123318509313,
      -2.1815531648029796e-05,
      -0.012311412994859421,
      -0.004937395267192375,
      -0.024517675422743367,
      0.0,
      -0.0067903908945364366
    ]
  ],
  "action_library": [
    {
      "type": "recruit",
      "magnitude": 1.0
    },
    {
      "type": "recruit",
      "magnitude": 2.0
    },
    {
      "type": "recruit",
      "magnitude": 3.0
    },
    {
      "type": "adjust_dose",
      "magnitude": -0.1
    },
    {
      "type": "adjust_dose",
      "magnitude": 0.1
    },
    {
      "type": "hold_enrollment",
      "magnitude": 0.0
    },
    {
      "type": "file_interim_report",
      "magnitude": 0.0
    },
    {
      "type": "implement_amendment",
      "magnitude": 0.0
    },
    {
      "type": "noop",
      "magnitude": 0.0
    }
  ],
  "metadata": {
    "step": 7700,
    "mean_reward": -1.792856846140861,
    "resume_from_checkpoint": null
  }
}