{
  "format_version": 1,
  "policy_type": "linear_softmax",
  "weights": [
    [
      0.03202926407325077,
      0.0019029144519266364,
      -0.000511614834630281,
      -7.327143342353045e-05,
      0.0,
      -0.0023052304596335145,
      -0.0022645823629004087,
      0.0008077463848474076,
      -7.208862999181508e-05,
      0.01842520347688788,
      -0.006682803519787974,
      0.03202926407325077,
      0.0,
      0.008376294264721045
    ],
    [
      0.08229785446589317,
      0.00923885614146268,
      -0.0003173391453949617,
      -0.00019414928197910612,
      0.0,
      -0.0015295702941738026,
      -0.001094875734040077,
      0.002506980233362053,
      -6.778730184750857e-05,
      0.04191273243776211,
      0.004235025896771521,
      0.08229785446589317,
      0.0,
      0.014416328232189957
    ],
    [
      0.10145881543194678,
      0.005929776694756707,
      0.0004769129256307334,
      -5.1771629147251904e-05,
      0.0,
      0.0020975603998968904,
      0.002058310909402117,
      0.0018028957266462543,
      6.21441804359462e-05,
      0.04879243875140965,
      0.003707156054596372,
      0.10145881543194678,
      0.0,
      0.015638608228049914
    ],
    [
      0.0016409647035165384,
      0.004676778487434778,
      -3.3428226872856153e-05,
      -0.00015072273668238753,
      0.0,
      0.0002871632119584731,
      0.0003121513488351969,
      5.0728076767632486e-05,
      2.1940646743320546e-05,
      0.000695616313200968,
      0.008318783311054184,
      0.0016409647035165384,
      0.0,
      0.0008892515295292564
    ],
    [
      0.0024972753556306423,
      -0.002765774569977493,
      -9.804855335216813e-05,
      0.00019677518913585482,
      0.0,
      -0.0006899751329577905,
      -0.0007833395068647088,
      -0.0008681842329036141,
      -1.0440145992254754e-05,
      0.0019337283491785316,
      -0.0017674585376409012,
      0.0024972753556306423,
      0.0,
      -0.0007663277618370544
    ],
    [
      -0.18886808019446824,
      -0.012803960179499724,
      7.133628477866745e-05,
      -1.0528591225710612e-05,
      0.0,
      0.000518743046148805,
      0.0003748401268132566,
      -0.003222148030521042,
      2.420259161284573e-05,
      -0.0947907664072602,
      0.0022167313314579756,
      -0.18886808019446824,
      0.0,
      -0.03015987389501515
    ],
    [
      -0.0020828927532310867,
      -0.0008381393610503472,
      0.0008296360391024904,
      0.00039726795453933487,
      0.0,
      0.0037394282172089656,
      0.003585236888437094,
      0.00047293528975089847,
      8.90136197485244e-05,
      -0.004348418603966722,
      0.005174889586273969,
      -0.0020828927532310867,
      0.0,
      -0.0009148202430785177
    ],
    [
      -0.018315736239063112,
      -0.0019274523487583935,
      -0.00027951487369749024,
      -0.00020966790577375707,
      0.0,
      -0.0013194105631037652,
      -0.0010715170207657573,
      -1.0888912131533566e-05,
      5.787815086451022e-07,
      -0.00813370319101114,
      -0.006693193517166123,
      -0.018315736239063112,
      0.0,
      -0.0038643054823409985
    ],
    [
      -0.010657464843475194,
      -0.0034129993162947295,
      -0.00013793961556412626,
      9.606843455655372e-05,
      0.0,
      -0.0007987084253442522,
      -0.001116224648916706,
      -0.0015400645358180326,
      -4.756374221770336e-05,
      -0.0044868311262010055,
      -0.0085091306055592,
      -0.010657464843475194,
      0.0,
      -0.0036151548722185133
    ]
  ],
  "action_library": [
    {
      "type": "recruit",
      "magnitude": 1.0
    },
    {
      "type": "recruit",
      "magnitude": 2.0
    },
    {
      "type": "recruit",
      "magnitude": 3.0
    },
    {
      "type": "adjust_dose",
      "magnitude": -0.1
    },
    {
      "type": "adjust_dose",
      "magnitude": 0.1
    },
    {
      "type": "hold_enrollment",
      "magnitude": 0.0
    },
    {
      "type": "file_interim_report",
      "magnitude": 0.0
    },
    {
      "type": "implement_amendment",
      "magnitude": 0.0
    },
    {
      "type": "noop",
      "magnitude": 0.0
    }
  ],
  "metadata": {
    "step": 2200,
    "mean_reward": -4.190027415636518,
    "resume_from_checkpoint": null
  }
}