{
  "format_version": 1,
  "policy_type": "linear_softmax",
  "weights": [
    [
      0.05178682335616073,
      0.004773537654596123,
      -0.0010413913808226553,
      -0.00019504841742482265,
      0.0,
      -0.004843509756991126,
      -0.00483286116402801,
      0.0015875768324780657,
      -0.00012677339399906078,
      0.030886546713738836,
      -0.010299601968132899,
      0.05178682335616073,
      0.0,
      0.016788339944003115
    ],
    [
      0.1811397133921715,
      0.01769800688720975,
      -0.0009108364927514189,
      -0.00055006157341604,
      0.0,
      -0.0022439879219007665,
      -0.001758572654252547,
      0.0036028875913205896,
      -3.77409005218414e-05,
      0.09287821927124139,
      0.0040018717073349724,
      0.1811397133921715,
      0.0,
      0.031117567681444462
    ],
    [
      0.2518988112314412,
      0.018018167236521002,
      0.0009233644675402271,
      -3.555419362647253e-05,
      0.0,
      0.003383699478737756,
      0.003175089491164781,
      0.004645591851020733,
      6.41910340515504e-05,
      0.12210317317479323,
      0.00713600236381659,
      0.2518988112314412,
      0.0,
      0.038065008259553
    ],
    [
      -0.006607963561884424,
      0.0034378053472677076,
      0.0005771929858867734,
      -0.00011040503276956954,
      0.0,
      0.0026780763738841243,
      0.0029508608501811794,
      -6.564500653657349e-05,
      6.505949987485073e-05,
      -0.005562004726482276,
      0.015556074692533487,
      -0.006607963561884424,
      0.0,
      -0.00017597883360496492
    ],
    [
      -0.0017681938092227493,
      -0.004432723174345161,
      0.00014670653262003095,
      0.0003136785012670646,
      0.0,
      9.883573951454746e-05,
      -0.0003334554001624238,
      -0.0009474723495999917,
      -1.8463484686096535e-05,
      -0.0015865321732006915,
      -0.005796251096471684,
      -0.0017681938092227493,
      0.0,
      -0.003848379770590753
    ],
    [
      -0.4104422098245575,
      -0.027948803000547286,
      -0.0003538568701065402,
      -3.691326525562494e-05,
      0.0,
      -0.001538229002641215,
      -0.0014663446919476535,
      -0.006913908979493661,
      -4.81274393398238e-05,
      -0.20384878197659986,
      0.0014848292888757623,
      -0.4104422098245575,
      0.0,
      -0.06505575754494666
    ],
    [
      -0.005930898498531077,
      -0.0018332990680321763,
      0.0016245747667718747,
      0.001285983367913541,
      0.0,
      0.006531860408032749,
      0.006194217672608734,
      0.0006786441889023376,
      0.00013868920853799652,
      -0.008416218443776841,
      0.012950462780982207,
      -0.005930898498531077,
      0.0,
      -0.001013906476272409
    ],
    [
      -0.03898635371413645,
      -0.006717701627657766,
      -0.0009238513486466766,
      -0.0006882490868459922,
      0.0,
      -0.004030033733294537,
      -0.0036756208717195113,
      -0.000675705322065783,
      -4.017790749474692e-05,
      -0.01624089297764387,
      -0.019657101210090153,
      -0.03898635371413645,
      0.0,
      -0.009670293887389502
    ],
    [
      -0.02108972857144281,
      -0.0029949902550125734,
      -4.190266049159946e-05,
      1.6569700157922427e-05,
      0.0,
      -3.6711585341533423e-05,
      -0.0002533132318445525,
      -0.0019119688060257154,
      3.343383577171875e-06,
      -0.010213508862071292,
      -0.005376286558848569,
      -0.02108972857144281,
      0.0,
      -0.0062065993721953944
    ]
  ],
  "action_library": [
    {
      "type": "recruit",
      "magnitude": 1.0
    },
    {
      "type": "recruit",
      "magnitude": 2.0
    },
    {
      "type": "recruit",
      "magnitude": 3.0
    },
    {
      "type": "adjust_dose",
      "magnitude": -0.1
    },
    {
      "type": "adjust_dose",
      "magnitude": 0.1
    },
    {
      "type": "hold_enrollment",
      "magnitude": 0.0
    },
    {
      "type": "file_interim_report",
      "magnitude": 0.0
    },
    {
      "type": "implement_amendment",
      "magnitude": 0.0
    },
    {
      "type": "noop",
      "magnitude": 0.0
    }
  ],
  "metadata": {
    "step": 6100,
    "mean_reward": -1.6739327898061065,
    "resume_from_checkpoint": null
  }
}