{
  "format_version": 1,
  "policy_type": "linear_softmax",
  "weights": [
    [
      0.011200401157074848,
      -3.0277495664736972e-05,
      -0.0012261190306726377,
      -0.00014487913851653813,
      0.0,
      -0.005597974587536176,
      -0.005318075157808393,
      0.0019306962196569482,
      -0.00019926974867384207,
      0.011565809878766525,
      -0.02184080946289682,
      0.011200401157074848,
      0.0,
      0.01404358209624863
    ],
    [
      0.26483704049535595,
      0.021934387062288528,
      -0.001189069840029838,
      -0.0008061509712983343,
      0.0,
      -0.0030220405434343888,
      -0.0024016890504075755,
      0.004720439933047383,
      -3.724461525084374e-05,
      0.13573094955646645,
      0.00332614532047399,
      0.26483704049535595,
      0.0,
      0.0439425985472894
    ],
    [
      0.43819973071748436,
      0.03395803594486249,
      0.0005812587466995093,
      -0.0003829381952537319,
      0.0,
      0.002655943101875217,
      0.0025529605835445273,
      0.00783927418596987,
      4.697481581406305e-05,
      0.21681282912244415,
      0.016948934432474312,
      0.43819973071748436,
      0.0,
      0.06388821046139183
    ],
    [
      -0.02419524132681909,
      0.0018752949303966534,
      0.0006802231129041266,
      -0.0003780725040323783,
      0.0,
      0.0019393359079957716,
      0.0028623648082640517,
      -0.00015500003983282893,
      2.2638480466841256e-05,
      -0.014468909648391296,
      0.010071557685429612,
      -0.02419524132681909,
      0.0,
      -0.004468643362204837
    ],
    [
      -0.002320287587073221,
      -0.004445142857896508,
      0.0004402761776345062,
      0.0006315805993339709,
      0.0,
      0.0003070309947850484,
      -0.000436952558765979,
      -0.0015067478702466774,
      -1.4705079961731708e-05,
      -0.003103912907978211,
      -0.00015350963941498973,
      -0.002320287587073221,
      0.0,
      -0.003736447617540712
    ],
    [
      -0.5890017118255825,
      -0.03881757947084524,
      -0.00033768072200961624,
      -6.256849993090235e-05,
      0.0,
      -0.0015322759087758198,
      -0.0015992698853325776,
      -0.009372106995463429,
      -3.502280133481072e-05,
      -0.2934881861354209,
      -0.00010054440270178018,
      -0.5890017118255825,
      0.0,
      -0.08986693176764125
    ],
    [
      -0.014911758666418624,
      -0.005889308849376089,
      0.0027842344777178605,
      0.002334261154591133,
      0.0,
      0.01072503950743947,
      0.009947871734880695,
      0.00027718343526834764,
      0.00022423600648540664,
      -0.01637933497003861,
      0.014851297116063407,
      -0.014911758666418624,
      0.0,
      -0.003833924849786729
    ],
    [
      -0.05070862110406998,
      -0.006368268570015074,
      -0.0010622939353295642,
      -0.000751005208333943,
      0.0,
      -0.003911907363240616,
      -0.0036973569526016934,
      -0.0009430940026667157,
      4.995517447515709e-06,
      -0.02187492240319259,
      -0.016194251431933596,
      -0.05070862110406998,
      0.0,
      -0.010917293447304462
    ],
    [
      -0.033099551859948124,
      -0.0022171406937502476,
      -0.0006708289869143327,
      -0.0004402272365592925,
      0.0,
      -0.0015631511091085018,
      -0.0019098535217729564,
      -0.0027906448657329225,
      -1.2602574992600642e-05,
      -0.014794322492654052,
      -0.006908819617494827,
      -0.033099551859948124,
      0.0,
      -0.009051150060451431
    ]
  ],
  "action_library": [
    {
      "type": "recruit",
      "magnitude": 1.0
    },
    {
      "type": "recruit",
      "magnitude": 2.0
    },
    {
      "type": "recruit",
      "magnitude": 3.0
    },
    {
      "type": "adjust_dose",
      "magnitude": -0.1
    },
    {
      "type": "adjust_dose",
      "magnitude": 0.1
    },
    {
      "type": "hold_enrollment",
      "magnitude": 0.0
    },
    {
      "type": "file_interim_report",
      "magnitude": 0.0
    },
    {
      "type": "implement_amendment",
      "magnitude": 0.0
    },
    {
      "type": "noop",
      "magnitude": 0.0
    }
  ],
  "metadata": {
    "step": 11600,
    "mean_reward": -3.924655280643627,
    "resume_from_checkpoint": null
  }
}