{
  "format_version": 1,
  "policy_type": "linear_softmax",
  "weights": [
    [
      0.04614830042859421,
      0.003703847225331047,
      -0.0007097174089871887,
      -5.7298788802353614e-05,
      0.0,
      -0.0034817811935404373,
      -0.0037364807722929513,
      0.0020439574328520236,
      -0.00011707057819288286,
      0.026708083728021977,
      -0.009923583137916787,
      0.04614830042859421,
      0.0,
      0.014005774638953295
    ],
    [
      0.1497186454905907,
      0.013482671938372515,
      -0.0008215339156022818,
      -0.0005404978764296661,
      0.0,
      -0.0019549611905196767,
      -0.0015202833579185376,
      0.0028192931897239345,
      -3.0135679121878174e-05,
      0.07708767992550541,
      0.0018432561081593323,
      0.1497186454905907,
      0.0,
      0.025608635436713333
    ],
    [
      0.19999024117780026,
      0.013749780486768629,
      0.0004989198484988668,
      -2.2271226073308898e-05,
      0.0,
      0.002015256875566924,
      0.00184421405611282,
      0.0035714204441628593,
      2.86295257428998e-05,
      0.09838781567224017,
      0.0051204647387658965,
      0.19999024117780026,
      0.0,
      0.03048607129555599
    ],
    [
      -0.0030532779465810306,
      0.0037900238293532775,
      0.0002956226488784405,
      -0.00012276646855368265,
      0.0,
      0.0012595760047487642,
      0.001554605768139474,
      -0.00020850898783429515,
      3.91675297765045e-05,
      -0.002624561253955468,
      0.011328975285173263,
      -0.0030532779465810306,
      0.0,
      0.0005799822354789782
    ],
    [
      0.001664904372553504,
      -0.003835629873969076,
      0.00019507449719218588,
      0.00026016292413322126,
      0.0,
      0.00018652717786609617,
      5.1064161070264356e-05,
      -0.0005873083267765763,
      1.4296306925339251e-05,
      -0.0004091387388607252,
      -0.003152456708320939,
      0.001664904372553504,
      0.0,
      -0.002675540088848252
    ],
    [
      -0.34428039688135054,
      -0.024222141197447034,
      -6.979181705686335e-05,
      6.0063347893981375e-05,
      0.0,
      -0.0004891314283523733,
      -0.000418183544534164,
      -0.006051558196414619,
      -1.6725877882083715e-05,
      -0.17188954491648606,
      0.0021644899490178395,
      -0.34428039688135054,
      0.0,
      -0.05497165182082521
    ],
    [
      -0.0018296423647388334,
      0.0005905609547952288,
      0.0013864223561409657,
      0.0009354083244781322,
      0.0,
      0.005738236220738221,
      0.005293116195783464,
      0.0006000089630293854,
      0.00012721939729544264,
      -0.005653926480022163,
      0.01296922243681861,
      -0.0018296423647388334,
      0.0,
      -0.00017187035849369306
    ],
    [
      -0.03420131749496901,
      -0.0057586684467473455,
      -0.0007856781030303428,
      -0.0006187237872855042,
      0.0,
      -0.003283631177837401,
      -0.0028237866444598154,
      -0.0007555519548562125,
      -3.4856788904857734e-05,
      -0.014516601383655618,
      -0.017540100630913387,
      -0.03420131749496901,
      0.0,
      -0.008388626670677787
    ],
    [
      -0.014157456781897237,
      -0.0015004449164574725,
      1.0681893966229725e-05,
      0.0001059235506391809,
      0.0,
      9.908711329896804e-06,
      -0.00024426586190055653,
      -0.0014317525638865604,
      -1.0523835638483773e-05,
      -0.0070898065527867475,
      -0.0028102680407839946,
      -0.014157456781897237,
      0.0,
      -0.004472774667856111
    ]
  ],
  "action_library": [
    {
      "type": "recruit",
      "magnitude": 1.0
    },
    {
      "type": "recruit",
      "magnitude": 2.0
    },
    {
      "type": "recruit",
      "magnitude": 3.0
    },
    {
      "type": "adjust_dose",
      "magnitude": -0.1
    },
    {
      "type": "adjust_dose",
      "magnitude": 0.1
    },
    {
      "type": "hold_enrollment",
      "magnitude": 0.0
    },
    {
      "type": "file_interim_report",
      "magnitude": 0.0
    },
    {
      "type": "implement_amendment",
      "magnitude": 0.0
    },
    {
      "type": "noop",
      "magnitude": 0.0
    }
  ],
  "metadata": {
    "step": 4700,
    "mean_reward": -4.227741093752015,
    "resume_from_checkpoint": null
  }
}