{
  "format_version": 1,
  "policy_type": "linear_softmax",
  "weights": [
    [
      -0.05179192568158042,
      -0.02286075787004037,
      -0.011107134848464517,
      -0.008022423098613665,
      -0.001548188702018121,
      -0.018823840187725777,
      -8.058337068056676e-06,
      -0.009517564253205704,
      -0.009866643349812992,
      -0.006359832438850971,
      -0.03957019649795668
    ],
    [
      0.05111412306076977,
      0.022450418527474265,
      0.029919014607534614,
      0.02871065646067605,
      0.00030519416312503486,
      0.002986069777800725,
      7.3106712426245e-05,
      0.013823778290866479,
      0.008888681804378504,
      0.012828028984898763,
      0.0031264532827936955
    ],
    [
      0.11524026290525403,
      0.03744216693375267,
      0.052225168153093374,
      0.05012661458161964,
      0.0006710935014295177,
      0.003372570355913808,
      0.000165044103068744,
      0.02323183254166223,
      0.01438636826728439,
      0.0340142255483748,
      0.0042100564424870646
    ],
    [
      -0.015924386521141896,
      -0.003590580744929863,
      -0.006961412802729834,
      -0.007767643866897307,
      0.00047228944008933176,
      0.0037672602575044836,
      -0.0001583215925053185,
      -0.002378237380006066,
      -0.0011189210360823282,
      -0.0073662219436219905,
      0.004338410951944471
    ],
    [
      0.00974162129836432,
      0.0013695188793762959,
      -0.0030498260427423637,
      -0.003145928332441571,
      -6.248587139632465e-05,
      0.001512019132490512,
      -0.00010314428354741305,
      -0.001394572790846098,
      0.0005448344237184533,
      0.0016196738687008136,
      0.010521771384277375
    ],
    [
      -0.04635110301018213,
      -0.015857535493283448,
      -0.03336390526304951,
      -0.033533872894831,
      0.0007584323435812803,
      0.003401092185420761,
      5.0099673663722946e-05,
      -0.012816939060513345,
      -0.006920784507699357,
      -0.010204915952502216,
      0.012949911034878109
    ],
    [
      0.00158442528479422,
      0.002120979102006318,
      -0.0029025855890118745,
      -0.0030412546902061593,
      6.451638351260773e-05,
      0.0024211374456608,
      2.886546491702354e-05,
      -7.911846556875965e-05,
      0.0006432320960958246,
      -0.0007077762125976403,
      0.010459290771023734
    ],
    [
      -0.05619304564791876,
      -0.017700567187506695,
      -0.01891172062053776,
      -0.0173846668883858,
      -0.0008097085901321881,
      -0.00129272934635686,
      -3.618396802284256e-05,
      -0.00870369224539834,
      -0.005565861320403986,
      -0.020488288943395886,
      -0.014859315644707875
    ],
    [
      -0.007419971688359689,
      -0.003373642146849171,
      -0.005847597594092744,
      -0.005941481270920604,
      0.0001488573318088728,
      0.002656420379291725,
      -1.1407772932104603e-05,
      -0.0021654866369900283,
      -0.0009909063774783727,
      -0.003334892911006518,
      0.008823618275260124
    ]
  ],
  "action_library": [
    {
      "type": "recruit",
      "magnitude": 1.0
    },
    {
      "type": "recruit",
      "magnitude": 2.0
    },
    {
      "type": "recruit",
      "magnitude": 3.0
    },
    {
      "type": "adjust_dose",
      "magnitude": -0.1
    },
    {
      "type": "adjust_dose",
      "magnitude": 0.1
    },
    {
      "type": "hold_enrollment",
      "magnitude": 0.0
    },
    {
      "type": "file_interim_report",
      "magnitude": 0.0
    },
    {
      "type": "implement_amendment",
      "magnitude": 0.0
    },
    {
      "type": "noop",
      "magnitude": 0.0
    }
  ],
  "metadata": {
    "step": 1400,
    "mean_reward": -4.6605703125
  }
}