{
  "format_version": 1,
  "policy_type": "linear_softmax",
  "weights": [
    [
      -0.002051862760053034,
      -0.0006887870467313348,
      -0.00012066646222202681,
      2.3812689039360753e-05,
      0.0,
      -0.0005133225330835229,
      -0.0005187666682814172,
      -7.985152175799769e-05,
      -5.5754612081094564e-05,
      -0.00035693710677731414,
      -0.0009349241880979971,
      -0.002051862760053034,
      0.0,
      -0.00031633287239087824
    ],
    [
      0.005877768631751576,
      0.0007853074759706512,
      2.2235373702456668e-05,
      -7.831442949515276e-06,
      0.0,
      0.00019659305600269134,
      0.00010002980803661826,
      0.0001109816421679311,
      1.925813383844021e-05,
      0.0028601990852155073,
      0.0008042230594024455,
      0.005877768631751576,
      0.0,
      0.0014083450605389969
    ],
    [
      0.0076704130842581465,
      -0.0003508009539761791,
      -0.00011400486603196983,
      9.097797534760785e-06,
      0.0,
      -0.000435344555178192,
      -0.0004981362303010428,
      0.00011262490955502144,
      -4.053650505410766e-05,
      0.004367991430936464,
      -0.0018207654234154887,
      0.0076704130842581465,
      0.0,
      0.0013264628154246087
    ],
    [
      0.0034523106534070204,
      0.00182896723242382,
      6.624616619078123e-05,
      -5.037784167762362e-05,
      0.0,
      9.501975962624098e-05,
      0.0002430023726502603,
      8.749219240097442e-05,
      1.4075025417313526e-05,
      0.0012646215615846972,
      0.002804712268119851,
      0.0034523106534070204,
      0.0,
      0.0010263604159584507
    ],
    [
      -0.0011811850809386238,
      -0.001132250356091469,
      -4.159171922823695e-05,
      1.8902324678786433e-05,
      0.0,
      -0.00033746171583383936,
      -0.00011970399400352709,
      -0.0002614488332434802,
      -3.987177459026502e-05,
      -0.0003101633640284095,
      -0.0013606582637046088,
      -0.0011811850809386238,
      0.0,
      -0.00047862486740897817
    ],
    [
      -0.013348282494778903,
      -0.00026335381157468416,
      6.517748037805488e-05,
      3.4049937852510555e-05,
      0.0,
      0.0004406378928686491,
      0.0002712864168354644,
      -9.202054101185759e-05,
      4.5529080906574196e-05,
      -0.006928029504909273,
      0.0006846211375427716,
      -0.013348282494778903,
      0.0,
      -0.0024958788313931123
    ],
    [
      0.0017083797898745123,
      0.0007542937118527699,
      7.908240966982851e-05,
      5.5218831747342637e-05,
      0.0,
      0.00031247047551667933,
      0.0003784063505548672,
      0.00014601604481825583,
      1.644135092025717e-05,
      0.000581498941471949,
      0.001145918119671862,
      0.0017083797898745123,
      0.0,
      0.0005087273959848367
    ],
    [
      -0.001391865825479151,
      -0.0005309856057727982,
      7.64078437615386e-06,
      -6.987056246474194e-05,
      0.0,
      4.7357361770409725e-05,
      4.9554316537823026e-05,
      2.5672329188664243e-05,
      1.2513180473815664e-05,
      -0.0008229177699347802,
      -0.0008876322524561409,
      -0.001391865825479151,
      0.0,
      -0.0006549654409818294
    ],
    [
      -0.0007356759980415601,
      -0.00040239064610077995,
      3.58808331649579e-05,
      -1.3001733760880284e-05,
      0.0,
      0.0001940502583108807,
      9.432762797095072e-05,
      -4.946622211751073e-05,
      2.8346120169066303e-05,
      -0.000656263273558859,
      -0.0004354944570626869,
      -0.0007356759980415601,
      0.0,
      -0.00032409367573209025
    ]
  ],
  "action_library": [
    {
      "type": "recruit",
      "magnitude": 1.0
    },
    {
      "type": "recruit",
      "magnitude": 2.0
    },
    {
      "type": "recruit",
      "magnitude": 3.0
    },
    {
      "type": "adjust_dose",
      "magnitude": -0.1
    },
    {
      "type": "adjust_dose",
      "magnitude": 0.1
    },
    {
      "type": "hold_enrollment",
      "magnitude": 0.0
    },
    {
      "type": "file_interim_report",
      "magnitude": 0.0
    },
    {
      "type": "implement_amendment",
      "magnitude": 0.0
    },
    {
      "type": "noop",
      "magnitude": 0.0
    }
  ],
  "metadata": {
    "step": 200,
    "mean_reward": -2.539365858965871,
    "resume_from_checkpoint": null,
    "iteration": 2,
    "benchmark_previous": {
      "episodes": 12,
      "policies": [
        "random",
        "heuristic",
        "trained"
      ]
    },
    "disease_metrics": {
      "random": {
        "type2_diabetes": {
          "total_reward": -1.4636011147052372,
          "composite_efficiency": 0.2764769716381783,
          "efficacy": 0.17901527205548326,
          "safety": -0.75,
          "compliance": -0.7,
          "cost": -0.255,
          "progress": 0.1213235294117647,
          "correction_triggers": 7.75,
          "stage_transitions": 0.0
        },
        "hypertension": {
          "total_reward": -2.8655515958825024,
          "composite_efficiency": 0.2500548365529594,
          "efficacy": 0.2609400772288191,
          "safety": -0.75,
          "compliance": -0.7,
          "cost": -0.735,
          "progress": 0.055723622782446317,
          "correction_triggers": 14.0,
          "stage_transitions": 0.0
        },
        "nsclc": {
          "total_reward": -2.3680542380844742,
          "composite_efficiency": 0.29269954011117383,
          "efficacy": 0.08408673175860883,
          "safety": -0.5,
          "compliance": -0.4,
          "cost": -0.263125,
          "progress": 0.07137254901960785,
          "correction_triggers": 11.75,
          "stage_transitions": 0.0
        }
      },
      "heuristic": {
        "type2_diabetes": {
          "total_reward": -0.50839254155073,
          "composite_efficiency": 0.24909998304051836,
          "efficacy": 0.23244988128362853,
          "safety": -1.0,
          "compliance": -1.0,
          "cost": -0.2175,
          "progress": 0.12,
          "correction_triggers": 2.0,
          "stage_transitions": 0.0
        },
        "hypertension": {
          "total_reward": -0.8666626561275919,
          "composite_efficiency": 0.2669103374334948,
          "efficacy": 0.26361095839989584,
          "safety": -1.0,
          "compliance": -1.0,
          "cost": -0.230625,
          "progress": 0.12,
          "correction_triggers": 3.5,
          "stage_transitions": 0.0
        },
        "nsclc": {
          "total_reward": -0.5330464580566001,
          "composite_efficiency": 0.23903715997689795,
          "efficacy": 0.1620101198382856,
          "safety": -1.0,
          "compliance": -1.0,
          "cost": -0.2175,
          "progress": 0.12,
          "correction_triggers": 2.0,
          "stage_transitions": 0.0
        }
      },
      "trained": {
        "type2_diabetes": {
          "total_reward": -0.50839254155073,
          "composite_efficiency": 0.24909998304051836,
          "efficacy": 0.23244988128362853,
          "safety": -1.0,
          "compliance": -1.0,
          "cost": -0.2175,
          "progress": 0.12,
          "correction_triggers": 2.0,
          "stage_transitions": 0.0
        },
        "hypertension": {
          "total_reward": -0.8766700464910487,
          "composite_efficiency": 0.2526140654856994,
          "efficacy": 0.26361095839989584,
          "safety": -1.0,
          "compliance": -1.0,
          "cost": -0.230625,
          "progress": 0.12,
          "correction_triggers": 3.5,
          "stage_transitions": 0.0
        },
        "nsclc": {
          "total_reward": -0.5330464580566001,
          "composite_efficiency": 0.23903715997689795,
          "efficacy": 0.1620101198382856,
          "safety": -1.0,
          "compliance": -1.0,
          "cost": -0.2175,
          "progress": 0.12,
          "correction_triggers": 2.0,
          "stage_transitions": 0.0
        }
      }
    },