{
  "format_version": 1,
  "policy_type": "linear_softmax",
  "weights": [
    [
      0.041233238511776404,
      0.002144247170383401,
      -0.0006713275641953857,
      4.438569744753464e-06,
      0.0,
      -0.0033792147027529745,
      -0.0035603217117217267,
      0.0013289511653718949,
      -0.00010612502648551772,
      0.02397745335892543,
      -0.007867674545448197,
      0.041233238511776404,
      0.0,
      0.010868685313862363
    ],
    [
      0.10341264519149938,
      0.00986929194297047,
      -0.000286281600655821,
      -0.00027115390912867756,
      0.0,
      -0.0006785754104224647,
      -0.00033125020780121976,
      0.002347067942127192,
      -1.4036728706556723e-05,
      0.052064211694484094,
      0.003694320713522606,
      0.10341264519149938,
      0.0,
      0.018150083456021815
    ],
    [
      0.1316749652146875,
      0.006239103351416272,
      0.00047562113228868594,
      -8.742411404269533e-05,
      0.0,
      0.0022530502115131867,
      0.0021534438756129824,
      0.002031143963124899,
      5.858023642756687e-05,
      0.06418175473723482,
      0.0011371045813835796,
      0.1316749652146875,
      0.0,
      0.01958003832861754
    ],
    [
      -0.0033405823418003037,
      0.0018751609080050375,
      0.00011291878429961738,
      -0.00011517597269163094,
      0.0,
      0.0008841635414407687,
      0.0009730416572127365,
      -0.00030562726309706876,
      2.8686502854583615e-05,
      -0.0024025856311730752,
      0.006634134237091042,
      -0.0033405823418003037,
      0.0,
      -0.00026468384307771743
    ],
    [
      0.0016047208631223859,
      -0.002593247085171486,
      4.8370447036995264e-05,
      0.00019770147622504236,
      0.0,
      -5.6604033424577846e-05,
      -0.0002464829143782638,
      -0.00044244846698238024,
      -1.0281458151122451e-05,
      0.000644305965890468,
      -0.0035987560676746314,
      0.0016047208631223859,
      0.0,
      -0.0015194985629468501
    ],
    [
      -0.24617118933333815,
      -0.016433317470328078,
      -3.2980259717735897e-05,
      3.512791514662456e-05,
      0.0,
      -3.845317060128699e-05,
      -5.8688300589045914e-05,
      -0.004010154398112425,
      -8.319348875335329e-08,
      -0.12300564195114051,
      0.0029467868378848018,
      -0.24617118933333815,
      0.0,
      -0.039511649674090855
    ],
    [
      -0.005251091606796125,
      -0.0018010449341044588,
      0.0008578932987740466,
      0.0005024801565815052,
      0.0,
      0.00374351414307413,
      0.0036473609323771556,
      -9.012243164658114e-05,
      9.680872825521457e-05,
      -0.0059364288044894235,
      0.005139590429556054,
      -0.005251091606796125,
      0.0,
      -0.0013106380519355893
    ],
    [
      -0.016037436884201287,
      0.000996917458139742,
      -0.00046285416618826124,
      -0.000330289437654075,
      0.0,
      -0.0022549482049517835,
      -0.0019244263969657616,
      0.0006883298767255117,
      -2.9701995612224424e-05,
      -0.006317225401562261,
      -0.005909569300812775,
      -0.016037436884201287,
      0.0,
      -0.0037157925273448474
    ],
    [
      -0.007125269614948688,
      -0.0002971113413108969,
      -4.136007164213221e-05,
      6.429531581915286e-05,
      0.0,
      -0.0004729323738749984,
      -0.0006526769337468693,
      -0.0015471403875110257,
      -2.384706509318998e-05,
      -0.003205843968169136,
      -0.002175936885502749,
      -0.007125269614948688,
      0.0,
      -0.0022765444391061665
    ]
  ],
  "action_library": [
    {
      "type": "recruit",
      "magnitude": 1.0
    },
    {
      "type": "recruit",
      "magnitude": 2.0
    },
    {
      "type": "recruit",
      "magnitude": 3.0
    },
    {
      "type": "adjust_dose",
      "magnitude": -0.1
    },
    {
      "type": "adjust_dose",
      "magnitude": 0.1
    },
    {
      "type": "hold_enrollment",
      "magnitude": 0.0
    },
    {
      "type": "file_interim_report",
      "magnitude": 0.0
    },
    {
      "type": "implement_amendment",
      "magnitude": 0.0
    },
    {
      "type": "noop",
      "magnitude": 0.0
    }
  ],
  "metadata": {
    "step": 3000,
    "mean_reward": -6.542414153866081,
    "resume_from_checkpoint": null
  }
}