{
  "format_version": 1,
  "policy_type": "linear_softmax",
  "weights": [
    [
      0.018674706620514705,
      0.0003407581806462728,
      -0.0009092276911735504,
      -6.900591258165741e-05,
      0.0,
      -0.003843960609180776,
      -0.0037736073386781164,
      0.0019570720487476433,
      -0.0001430415551404419,
      0.013865387847558535,
      -0.02168893050264803,
      0.018674706620514705,
      0.0,
      0.013971891889507107
    ],
    [
      0.25292582658671015,
      0.020733420365417362,
      -0.0011596459353936334,
      -0.0006424906204532809,
      0.0,
      -0.0032087732885883852,
      -0.0028059284167108807,
      0.004576811140036799,
      -6.104060361564801e-05,
      0.12972629887860287,
      0.0032486657507174574,
      0.25292582658671015,
      0.0,
      0.042151013662925445
    ],
    [
      0.40660533895059253,
      0.032095249351023425,
      0.0005525124602013778,
      -0.00043007294616302145,
      0.0,
      0.0025741586685595784,
      0.0026423756274424897,
      0.007230479720840992,
      5.338604657872844e-05,
      0.2012157070783289,
      0.017825177272851687,
      0.40660533895059253,
      0.0,
      0.060328337621472904
    ],
    [
      -0.019816890788113,
      0.003294680548913255,
      0.0006640431245406942,
      -0.0004226826190495737,
      0.0,
      0.0018433264054176222,
      0.002878840484580259,
      -5.209806490934698e-06,
      3.1376339663059336e-05,
      -0.012464721072007546,
      0.011386043778403947,
      -0.019816890788113,
      0.0,
      -0.003602924863576224
    ],
    [
      0.0009388127337085527,
      -0.002531240300496763,
      0.000576162840956965,
      0.0005966455930745348,
      0.0,
      0.0011001558223642134,
      0.00019125621302504457,
      -0.0013471355885531103,
      4.626614016382115e-06,
      -0.0017831154105138708,
      0.002524913603000236,
      0.0009388127337085527,
      0.0,
      -0.002642966023733276
    ],
    [
      -0.5573608719857587,
      -0.035359736664078496,
      -0.00037400174901294883,
      -0.00011053454561605143,
      0.0,
      -0.0017124745482181303,
      -0.0016999296833782973,
      -0.00888111553491134,
      -4.26047561169324e-05,
      -0.2775018100098756,
      0.0027137680328100915,
      -0.5573608719857587,
      0.0,
      -0.08490436901246487
    ],
    [
      -0.016026961799972858,
      -0.00839331123535866,
      0.0024212538696689297,
      0.002146122155304287,
      0.0,
      0.009529064233624526,
      0.008821600102883981,
      5.5509261500570757e-05,
      0.00021118142754687224,
      -0.015924679550062104,
      0.010680752033021185,
      -0.016026961799972858,
      0.0,
      -0.004614462758505164
    ],
    [
      -0.04944043295656351,
      -0.006013153632763927,
      -0.0010810303502761592,
      -0.0006865588429107082,
      0.0,
      -0.004469177319327328,
      -0.004266183233947916,
      -0.0007835089961311471,
      -2.8283949388173505e-05,
      -0.020942715978804132,
      -0.016884819315058395,
      -0.04944043295656351,
      0.0,
      -0.010896616136120982
    ],
    [
      -0.03649952736111288,
      -0.004166666613302619,
      -0.0006900665695116655,
      -0.00038142226160453835,
      0.0,
      -0.0018123193646513503,
      -0.0019884237552164658,
      -0.0028029022450394734,
      -2.5599563543847892e-05,
      -0.016190351783225008,
      -0.009805570653098804,
      -0.03649952736111288,
      0.0,
      -0.009789904379503698
    ]
  ],
  "action_library": [
    {
      "type": "recruit",
      "magnitude": 1.0
    },
    {
      "type": "recruit",
      "magnitude": 2.0
    },
    {
      "type": "recruit",
      "magnitude": 3.0
    },
    {
      "type": "adjust_dose",
      "magnitude": -0.1
    },
    {
      "type": "adjust_dose",
      "magnitude": 0.1
    },
    {
      "type": "hold_enrollment",
      "magnitude": 0.0
    },
    {
      "type": "file_interim_report",
      "magnitude": 0.0
    },
    {
      "type": "implement_amendment",
      "magnitude": 0.0
    },
    {
      "type": "noop",
      "magnitude": 0.0
    }
  ],
  "metadata": {
    "step": 10600,
    "mean_reward": -1.1402093706214114,
    "resume_from_checkpoint": null
  }
}