{
  "format_version": 1,
  "policy_type": "linear_softmax",
  "weights": [
    [
      0.0392537325853935,
      0.0016927149268196513,
      -0.0006989819648200873,
      2.6785330010109533e-05,
      0.0,
      -0.0034200015478809457,
      -0.0036096659642868697,
      0.001227307283753835,
      -0.00010636962474881428,
      0.02317470680092725,
      -0.009060003838225163,
      0.0392537325853935,
      0.0,
      0.010229088246055888
    ],
    [
      0.10324917267141742,
      0.010879156884345627,
      -0.00023083720970751666,
      -0.0002484619979590056,
      0.0,
      -0.00048267979209842436,
      -0.00013031910019919448,
      0.0023692251306743958,
      -8.937946425310446e-06,
      0.051753303273124364,
      0.005981485937483963,
      0.10324917267141742,
      0.0,
      0.01831515701936611
    ],
    [
      0.12653701632676662,
      0.005260669892870725,
      0.00046110597647100465,
      -9.668302277629784e-05,
      0.0,
      0.0022305272645352803,
      0.0021298231084514066,
      0.0018867655230129113,
      6.047126349103978e-05,
      0.06163597517402506,
      0.0003670451864839096,
      0.12653701632676662,
      0.0,
      0.018860181696114774
    ],
    [
      -0.002671458529388205,
      0.002259784917228234,
      8.744012495975849e-05,
      -0.0001341182868824325,
      0.0,
      0.0006843033568873994,
      0.0007626101282783945,
      -0.00030326993972831524,
      2.3179662102470492e-05,
      -0.0019578050673996674,
      0.0062950081867605,
      -0.002671458529388205,
      0.0,
      -0.00019950413976604607
    ],
    [
      0.0005228658330748971,
      -0.002905195380688951,
      -3.940700344244043e-05,
      0.0001647242435638196,
      0.0,
      -0.0004446039356303926,
      -0.0006380601755506929,
      -0.0006294214393620031,
      -1.9852127866075555e-05,
      0.0004761539650867754,
      -0.002962671614865011,
      0.0005228658330748971,
      0.0,
      -0.001500519874061999
    ],
    [
      -0.23777297905492314,
      -0.015155810779369004,
      -3.9579952807267826e-05,
      1.2834017920601282e-05,
      0.0,
      4.424177099531165e-05,
      3.056223249169524e-05,
      -0.003628360718256502,
      4.575892683497013e-06,
      -0.11880793875930662,
      0.004083994170252068,
      -0.23777297905492314,
      0.0,
      -0.038029889167375104
    ],
    [
      -0.0061502675295374305,
      -0.002292808293151703,
      0.0008387858077166957,
      0.00048369943353872535,
      0.0,
      0.003652982461166616,
      0.0035594322865371594,
      -0.00010303508385316159,
      9.19965221600001e-05,
      -0.006302530573661279,
      0.0038619511493971055,
      -0.0061502675295374305,
      0.0,
      -0.0017340934746317837
    ],
    [
      -0.014638278569329316,
      0.0015237504097072817,
      -0.0003361221557350389,
      -0.0002912177839806449,
      0.0,
      -0.001715062462206183,
      -0.0013848212092507476,
      0.0007927630324783029,
      -1.872087648981802e-05,
      -0.006177627396167761,
      -0.004398831318418917,
      -0.014638278569329316,
      0.0,
      -0.0032980402783623383
    ],
    [
      -0.008329803733473619,
      -0.0012622625777617626,
      -4.240362263509831e-05,
      8.243806656512427e-05,
      0.0,
      -0.0005497071157686573,
      -0.0007195613064711572,
      -0.0016119737887194474,
      -2.6342764906988758e-05,
      -0.003794237416627641,
      -0.004167977858868689,
      -0.008329803733473619,
      0.0,
      -0.0026423800273399313
    ]
  ],
  "action_library": [
    {
      "type": "recruit",
      "magnitude": 1.0
    },
    {
      "type": "recruit",
      "magnitude": 2.0
    },
    {
      "type": "recruit",
      "magnitude": 3.0
    },
    {
      "type": "adjust_dose",
      "magnitude": -0.1
    },
    {
      "type": "adjust_dose",
      "magnitude": 0.1
    },
    {
      "type": "hold_enrollment",
      "magnitude": 0.0
    },
    {
      "type": "file_interim_report",
      "magnitude": 0.0
    },
    {
      "type": "implement_amendment",
      "magnitude": 0.0
    },
    {
      "type": "noop",
      "magnitude": 0.0
    }
  ],
  "metadata": {
    "step": 2900,
    "mean_reward": -6.410550508318218,
    "resume_from_checkpoint": null
  }
}