{
  "format_version": 1,
  "policy_type": "linear_softmax",
  "weights": [
    [
      0.010639878089077359,
      -0.00018119540280245528,
      -0.0010935282344010724,
      -0.0001447973886958961,
      0.0,
      -0.005008775381462065,
      -0.004810927159500496,
      0.0019926318128011184,
      -0.00018339206802944015,
      0.010896638070341557,
      -0.020764997089213744,
      0.010639878089077359,
      0.0,
      0.014197829622369864
    ],
    [
      0.2725415938564568,
      0.02372341183958614,
      -0.0009956351198765316,
      -0.0008391798706957447,
      0.0,
      -0.0022146262882493466,
      -0.0016268482492130837,
      0.005144329562046862,
      1.1735969880283015e-05,
      0.1386546977594675,
      0.006566897964924133,
      0.2725415938564568,
      0.0,
      0.04558476426575337
    ],
    [
      0.4450145979789743,
      0.03438052176187819,
      0.00044343005432373,
      -0.00042451732648660236,
      0.0,
      0.0020950173533580974,
      0.0022462500585179778,
      0.007860060129138435,
      2.5007787810751405e-05,
      0.2204484395180802,
      0.015339885649543378,
      0.4450145979789743,
      0.0,
      0.06458016466542973
    ],
    [
      -0.02533168145360485,
      0.0008633165382761494,
      0.0005634567808644585,
      -0.00036051790999184076,
      0.0,
      0.0015143072863792594,
      0.002276413444569374,
      -0.00041954220466614337,
      -6.822517798977177e-06,
      -0.014382851713918706,
      0.008817896759372295,
      -0.02533168145360485,
      0.0,
      -0.004798282821833041
    ],
    [
      -0.0021190432557757545,
      -0.004178912041718203,
      0.0003442320688300959,
      0.0006543226606242528,
      0.0,
      -0.00019362695631326848,
      -0.0009307898350325077,
      -0.001581491592570533,
      -3.756006152334383e-05,
      -0.0025280223718142504,
      -0.00014170334096207885,
      -0.0021190432557757545,
      0.0,
      -0.0035567215045526003
    ],
    [
      -0.5961701428931223,
      -0.039134592976967385,
      -0.0003363580998224028,
      -4.4518351862766784e-05,
      0.0,
      -0.0015223015877279897,
      -0.001647605043848151,
      -0.009451345050131423,
      -3.144031756147717e-05,
      -0.2969576722713401,
      -6.742730546288054e-05,
      -0.5961701428931223,
      0.0,
      -0.09078608326483473
    ],
    [
      -0.017674862853334642,
      -0.006483417261500072,
      0.00283776051551827,
      0.0024110622731544087,
      0.0,
      0.0110091777578099,
      0.010295072020937747,
      0.00040944879856906176,
      0.00024081497876731825,
      -0.018150612786540447,
      0.01349827051671946,
      -0.017674862853334642,
      0.0,
      -0.004589040745883297
    ],
    [
      -0.05363820892359115,
      -0.006983150194065964,
      -0.0010960132288920135,
      -0.0007581984352613164,
      0.0,
      -0.003989852750743983,
      -0.003646239127110845,
      -0.0011591414566272916,
      7.165890045161302e-06,
      -0.023198399867208484,
      -0.016985859093622272,
      -0.05363820892359115,
      0.0,
      -0.01151613179020213
    ],
    [
      -0.03326213054507029,
      -0.002005982262686654,
      -0.0006673447365445185,
      -0.0004936556507845109,
      0.0,
      -0.0016893194330506026,
      -0.002155326109319924,
      -0.002794949998560109,
      -2.550966159027817e-05,
      -0.014782216337063765,
      -0.00626296406129898,
      -0.03326213054507029,
      0.0,
      -0.009116498426247444
    ]
  ],
  "action_library": [
    {
      "type": "recruit",
      "magnitude": 1.0
    },
    {
      "type": "recruit",
      "magnitude": 2.0
    },
    {
      "type": "recruit",
      "magnitude": 3.0
    },
    {
      "type": "adjust_dose",
      "magnitude": -0.1
    },
    {
      "type": "adjust_dose",
      "magnitude": 0.1
    },
    {
      "type": "hold_enrollment",
      "magnitude": 0.0
    },
    {
      "type": "file_interim_report",
      "magnitude": 0.0
    },
    {
      "type": "implement_amendment",
      "magnitude": 0.0
    },
    {
      "type": "noop",
      "magnitude": 0.0
    }
  ],
  "metadata": {
    "step": 11900,
    "mean_reward": -1.69844973542829,
    "resume_from_checkpoint": null
  }
}