{
  "format_version": 1,
  "policy_type": "linear_softmax",
  "weights": [
    [
      -0.015206396372001949,
      -0.0054692907743325355,
      -0.0006293207202343567,
      -8.866910986718726e-05,
      0.0,
      -0.0020645638397641117,
      -0.002075258692054986,
      -0.000716909694164072,
      -0.00019580337361729613,
      -0.004520540148521644,
      -0.0066485023881544736,
      -0.015206396372001949,
      0.0,
      -0.0036773976617985376
    ],
    [
      0.049074090839950145,
      0.004645469025047216,
      -8.95130369379224e-05,
      2.7514965500026494e-05,
      0.0,
      0.0004098296506780866,
      -0.0002681114588376166,
      0.0010758885275469626,
      5.6405008203867164e-05,
      0.025016302526876023,
      0.0023274761324299413,
      0.049074090839950145,
      0.0,
      0.011270794548351191
    ],
    [
      0.07735440533423525,
      0.006721736263043973,
      0.000397686127018458,
      0.00016623164588256109,
      0.0,
      0.00221949360662729,
      0.0017152636993890231,
      0.0019185210654050029,
      0.00023671618917123536,
      0.036895458793424755,
      0.004486968754796933,
      0.07735440533423525,
      0.0,
      0.017102354818801516
    ],
    [
      0.00424697111736814,
      0.0018724955694149929,
      7.981794790403963e-05,
      -2.743267063190058e-05,
      0.0,
      -0.000843390941007369,
      -0.00037484534314459543,
      -0.00012410325962554074,
      -9.857283733093539e-05,
      0.0017033955461150999,
      0.004250706054450159,
      0.00424697111736814,
      0.0,
      0.0011264126421047093
    ],
    [
      -0.0024231150086907716,
      -0.002292803651607708,
      -0.00019593025084402234,
      -6.989610456030949e-05,
      0.0,
      -0.0007957285943215706,
      -0.0005900491243570892,
      -0.00030244690065704666,
      -5.9665146992462966e-05,
      -0.0003688744679114206,
      -0.002612405641115679,
      -0.0024231150086907716,
      0.0,
      -0.0009731234745199062
    ],
    [
      -0.09860974979734391,
      -0.005275534068313097,
      0.00034479499012738215,
      0.00021900825008344568,
      0.0,
      0.0012711626727006085,
      0.00104742276099452,
      -0.001547109405369364,
      8.421086613434358e-05,
      -0.05050802544852666,
      0.0024534163407410234,
      -0.09860974979734391,
      0.0,
      -0.01949373813870914
    ],
    [
      0.002875293247461803,
      0.0015664356582972625,
      0.0004721311493664517,
      0.0001662049180249158,
      0.0,
      0.0020047206277023356,
      0.002350210462266485,
      0.00010415294108110547,
      0.00017987886580694774,
      -0.0007324523147590415,
      0.004562146673132659,
      0.002875293247461803,
      0.0,
      -1.8298121628978678e-05
    ],
    [
      -0.016320563028663977,
      -0.002959618081522026,
      -0.00038358677362552307,
      -0.00037771196794788024,
      0.0,
      -0.0019368975841645747,
      -0.001581335973567221,
      -0.00012594231181868362,
      -0.000173580907679788,
      -0.006706394602326428,
      -0.00988952250055841,
      -0.016320563028663977,
      0.0,
      -0.0050500555823198255
    ],
    [
      -0.000990936332314014,
      0.0011911100599721939,
      3.9205672254926464e-06,
      -1.5249926483670774e-05,
      0.0,
      -0.000264625598450722,
      -0.00022329633068854027,
      -0.0002820509623983471,
      -2.9588663695913097e-05,
      -0.0007788698843705115,
      0.00106971657427792,
      -0.000990936332314014,
      0.0,
      -0.0002869490302813069
    ]
  ],
  "action_library": [
    {
      "type": "recruit",
      "magnitude": 1.0
    },
    {
      "type": "recruit",
      "magnitude": 2.0
    },
    {
      "type": "recruit",
      "magnitude": 3.0
    },
    {
      "type": "adjust_dose",
      "magnitude": -0.1
    },
    {
      "type": "adjust_dose",
      "magnitude": 0.1
    },
    {
      "type": "hold_enrollment",
      "magnitude": 0.0
    },
    {
      "type": "file_interim_report",
      "magnitude": 0.0
    },
    {
      "type": "implement_amendment",
      "magnitude": 0.0
    },
    {
      "type": "noop",
      "magnitude": 0.0
    }
  ],
  "metadata": {
    "step": 1600,
    "mean_reward": -2.9861264204541285,
    "resume_from_checkpoint": null,
    "iteration": 2,
    "benchmark_previous": {
      "episodes": 12,
      "policies": [
        "random",
        "heuristic",
        "trained"
      ]
    },
    "disease_metrics": {
      "random": {
        "type2_diabetes": {
          "total_reward": -1.4636011147052372,
          "composite_efficiency": 0.2764769716381783,
          "efficacy": 0.17901527205548326,
          "safety": -0.75,
          "compliance": -0.7,
          "cost": -0.255,
          "progress": 0.1213235294117647,
          "correction_triggers": 7.75,
          "stage_transitions": 0.0
        },
        "hypertension": {
          "total_reward": -2.8655515958825024,
          "composite_efficiency": 0.2500548365529594,
          "efficacy": 0.2609400772288191,
          "safety": -0.75,
          "compliance": -0.7,
          "cost": -0.735,
          "progress": 0.055723622782446317,
          "correction_triggers": 14.0,
          "stage_transitions": 0.0
        },
        "nsclc": {
          "total_reward": -2.3680542380844742,
          "composite_efficiency": 0.29269954011117383,
          "efficacy": 0.08408673175860883,
          "safety": -0.5,
          "compliance": -0.4,
          "cost": -0.263125,
          "progress": 0.07137254901960785,
          "correction_triggers": 11.75,
          "stage_transitions": 0.0
        }
      },
      "heuristic": {
        "type2_diabetes": {
          "total_reward": -0.50839254155073,
          "composite_efficiency": 0.24909998304051836,
          "efficacy": 0.23244988128362853,
          "safety": -1.0,
          "compliance": -1.0,
          "cost": -0.2175,
          "progress": 0.12,
          "correction_triggers": 2.0,
          "stage_transitions": 0.0
        },
        "hypertension": {
          "total_reward": -0.8666626561275919,
          "composite_efficiency": 0.2669103374334948,
          "efficacy": 0.26361095839989584,
          "safety": -1.0,
          "compliance": -1.0,
          "cost": -0.230625,
          "progress": 0.12,
          "correction_triggers": 3.5,
          "stage_transitions": 0.0
        },
        "nsclc": {
          "total_reward": -0.5330464580566001,
          "composite_efficiency": 0.23903715997689795,
          "efficacy": 0.1620101198382856,
          "safety": -1.0,
          "compliance": -1.0,
          "cost": -0.2175,
          "progress": 0.12,
          "correction_triggers": 2.0,
          "stage_transitions": 0.0
        }
      },
      "trained": {
        "type2_diabetes": {
          "total_reward": -0.50839254155073,
          "composite_efficiency": 0.24909998304051836,
          "efficacy": 0.23244988128362853,
          "safety": -1.0,
          "compliance": -1.0,
          "cost": -0.2175,
          "progress": 0.12,
          "correction_triggers": 2.0,
          "stage_transitions": 0.0
        },
        "hypertension": {
          "total_reward": -0.8766700464910487,
          "composite_efficiency": 0.2526140654856994,
          "efficacy": 0.26361095839989584,
          "safety": -1.0,
          "compliance": -1.0,
          "cost": -0.230625,
          "progress": 0.12,
          "correction_triggers": 3.5,
          "stage_transitions": 0.0
        },
        "nsclc": {
          "total_reward": -0.5330464580566001,
          "composite_efficiency": 0.23903715997689795,
          "efficacy": 0.1620101198382856,
          "safety": -1.0,
          "compliance": -1.0,
          "cost": -0.2175,
          "progress": 0.12,
          "correction_triggers": 2.0,
          "stage_transitions": 0.0
        }
      }
    },
    "phase_metrics": {
      "random": {
        "stage1": {
          "composite_efficiency": 0.3386217488210177,