{
  "format_version": 1,
  "policy_type": "linear_softmax",
  "weights": [
    [
      0.04800016277747243,
      0.005042715357657888,
      -0.0006485893979934135,
      -4.7757011837638485e-05,
      0.0,
      -0.003353915919304538,
      -0.003610269339229955,
      0.0021359046277594326,
      -0.0001096337091785302,
      0.027362366748112647,
      -0.00753871456899533,
      0.04800016277747243,
      0.0,
      0.013996595171249527
    ],
    [
      0.14199952637138494,
      0.012451300390872446,
      -0.0007183623980020278,
      -0.0004749627120296971,
      0.0,
      -0.0018297184252135522,
      -0.001493435959873551,
      0.0023588527596919693,
      -4.295256915868895e-05,
      0.07287864487051353,
      0.0019204698379526827,
      0.14199952637138494,
      0.0,
      0.024358838669960654
    ],
    [
      0.1902130229395709,
      0.01377914118565,
      0.00035427795864470416,
      -4.493461796243529e-05,
      0.0,
      0.001388173056670468,
      0.0013886094438352683,
      0.003587492835126128,
      1.3199603246973685e-05,
      0.0941518998433034,
      0.00605169503622807,
      0.1902130229395709,
      0.0,
      0.029183498215537076
    ],
    [
      -0.005311537670772633,
      0.0024795822102214094,
      0.00020718448308000318,
      -0.00014937283811768825,
      0.0,
      0.0009608937283322526,
      0.0012236979448048619,
      -0.0002602250893262026,
      3.2911718466452704e-05,
      -0.00333000760422032,
      0.00895630719885093,
      -0.005311537670772633,
      0.0,
      6.955701130383982e-05
    ],
    [
      0.0019696829262049863,
      -0.003418161378631876,
      0.000350601016297456,
      0.00024187649685349948,
      0.0,
      0.0011716598620593556,
      0.0011287439631852188,
      -0.0005074950487628957,
      5.5949281892664094e-05,
      -0.0010903605123633673,
      -0.0030273288704443374,
      0.0019696829262049863,
      0.0,
      -0.0024841231669859927
    ],
    [
      -0.32767737266305663,
      -0.02222710421147006,
      -3.157560326189366e-05,
      5.8370790115973325e-05,
      0.0,
      -0.00039004612806879424,
      -0.00041717095981306395,
      -0.005574837913725736,
      -1.5591437642921015e-05,
      -0.16379135492747848,
      0.002932395227571962,
      -0.32767737266305663,
      0.0,
      -0.05233060768896726
    ],
    [
      -0.0013862257399806608,
      -5.3645699040080384e-05,
      0.001327194011720493,
      0.0008807204760794336,
      0.0,
      0.005680640926010569,
      0.005252716634262695,
      0.000700569104217725,
      0.000135826807619823,
      -0.005339844021437795,
      0.011916912106712143,
      -0.0013862257399806608,
      0.0,
      -0.00045478868177053263
    ],
    [
      -0.030542962116023187,
      -0.004451460486304663,
      -0.00077097066298309,
      -0.0005894048065535778,
      0.0,
      -0.0033369407349424034,
      -0.0029066908290420294,
      -0.0005969603137887039,
      -4.62804767494059e-05,
      -0.01268722594043773,
      -0.014433310892985943,
      -0.030542962116023187,
      0.0,
      -0.006888492477935831
    ],
    [
      -0.01726429682479754,
      -0.0036023673689552275,
      -6.975940750221511e-05,
      0.00012546422345212867,
      0.0,
      -0.00029074636554333387,
      -0.0005662008981294439,
      -0.0018433009611917325,
      -2.3429218496366987e-05,
      -0.008154118455991018,
      -0.0067784250748903615,
      -0.01726429682479754,
      0.0,
      -0.005450477052390875
    ]
  ],
  "action_library": [
    {
      "type": "recruit",
      "magnitude": 1.0
    },
    {
      "type": "recruit",
      "magnitude": 2.0
    },
    {
      "type": "recruit",
      "magnitude": 3.0
    },
    {
      "type": "adjust_dose",
      "magnitude": -0.1
    },
    {
      "type": "adjust_dose",
      "magnitude": 0.1
    },
    {
      "type": "hold_enrollment",
      "magnitude": 0.0
    },
    {
      "type": "file_interim_report",
      "magnitude": 0.0
    },
    {
      "type": "implement_amendment",
      "magnitude": 0.0
    },
    {
      "type": "noop",
      "magnitude": 0.0
    }
  ],
  "metadata": {
    "step": 4400,
    "mean_reward": -2.05631761227613,
    "resume_from_checkpoint": null
  }
}