{
  "format_version": 1,
  "policy_type": "linear_softmax",
  "weights": [
    [
      -0.01258458876314607,
      -0.004069258139780051,
      -0.0005236157689032537,
      -6.181322766056965e-05,
      0.0,
      -0.0018309744181869631,
      -0.0013387994227422833,
      -0.00047537498511171256,
      -0.0001341480015441978,
      -0.0036695666018770005,
      -0.005724933781526281
    ],
    [
      0.038973745234036974,
      0.005213761350417179,
      0.0003661974756889543,
      6.702451443253464e-05,
      0.0,
      0.002559743410283066,
      0.0013139905183517364,
      0.0012782344213763115,
      0.0002594428763394584,
      0.017907517908711937,
      0.005362665424874507
    ],
    [
      0.0450721463695455,
      0.002974801404930772,
      -0.00013699990971931714,
      -6.256502846051383e-05,
      0.0,
      -0.0006064078090749415,
      -0.0007908442472289175,
      0.0007725475660565924,
      -7.4731625592614445e-06,
      0.022910157581272808,
      -0.0009069470617466939
    ],
    [
      0.004139504947926384,
      0.001990479825824971,
      0.00014821517940925163,
      0.00022614977576537547,
      0.0,
      -0.00027985361743421464,
      -0.0005380852715778331,
      6.625762008478602e-05,
      2.758524749240465e-05,
      0.00159245669984486,
      0.004243801918358697
    ],
    [
      -0.0009748414544003005,
      -0.0019083274431508025,
      -9.740464432938525e-05,
      -0.0001422691505375109,
      0.0,
      -0.0003305491944871294,
      -6.968405908323432e-05,
      -0.0005664012532600544,
      -1.5994912136934915e-05,
      -0.0002810312621051119,
      -0.0010949130492297304
    ],
    [
      -0.06027691027919231,
      -0.0026817631214533376,
      0.0001532126148224144,
      0.00012185013879918469,
      0.0,
      0.0007289702646897148,
      0.0009798717187438392,
      -0.001049092798588263,
      5.1319237496226306e-05,
      -0.030490341626316454,
      0.0028076975489466707
    ],
    [
      -0.00019366734676129228,
      -1.6813237786736976e-05,
      0.00010518550835684572,
      -7.542047827301133e-05,
      0.0,
      -9.297893458348012e-06,
      0.0006036829424587315,
      -4.4696496987336884e-05,
      -0.00018704922408271447,
      -0.0009114465738019864,
      0.0012538058451938283
    ],
    [
      -0.012709213956454182,
      -0.0011148675540926182,
      -0.0002237386159342163,
      -0.00023501642354763154,
      0.0,
      -0.0012257265687338529,
      -0.0008873129823022948,
      0.00010393940562709097,
      -9.831604804718112e-06,
      -0.005370526154241271,
      -0.005337553049523397
    ],
    [
      -0.001446174751554634,
      -0.0003880130849095033,
      0.00020894816060870573,
      0.00016205987948214254,
      0.0,
      0.000994095826402665,
      0.000727180803380246,
      -8.541347919740533e-05,
      1.614954379973819e-05,
      -0.0016872199714876484,
      -0.0006036237953477679
    ]
  ],
  "action_library": [
    {
      "type": "recruit",
      "magnitude": 1.0
    },
    {
      "type": "recruit",
      "magnitude": 2.0
    },
    {
      "type": "recruit",
      "magnitude": 3.0
    },
    {
      "type": "adjust_dose",
      "magnitude": -0.1
    },
    {
      "type": "adjust_dose",
      "magnitude": 0.1
    },
    {
      "type": "hold_enrollment",
      "magnitude": 0.0
    },
    {
      "type": "file_interim_report",
      "magnitude": 0.0
    },
    {
      "type": "implement_amendment",
      "magnitude": 0.0
    },
    {
      "type": "noop",
      "magnitude": 0.0
    }
  ],
  "metadata": {
    "step": 1000,
    "mean_reward": -1.885767748446271
  }
}