{
  "format_version": 1,
  "policy_type": "linear_softmax",
  "weights": [
    [
      -2.051696242819455e-05,
      0.002996773543414976,
      -0.0013445136687567857,
      -0.0002154200173829127,
      0.0,
      -0.005629878273153972,
      -0.005166770123338682,
      0.002520201095379522,
      -0.00017258904006722082,
      0.006556906503907308,
      -0.01619304235343397,
      -2.051696242819455e-05,
      0.0,
      0.015034033145179287
    ],
    [
      0.29388420640720875,
      0.024215594530154826,
      -0.0010327462840443087,
      -0.0008709853908910154,
      0.0,
      -0.002356082280732614,
      -0.0021325191268403857,
      0.004782570122886621,
      1.6590793571421153e-05,
      0.1494581605916465,
      0.00874280562960843,
      0.29388420640720875,
      0.0,
      0.049360894450324835
    ],
    [
      0.4974206463327182,
      0.03263813931874349,
      0.0002829122984218718,
      -0.0005056679596327609,
      0.0,
      0.0005927204117753028,
      0.0006543803180222615,
      0.007953753786007324,
      -5.715346678794776e-05,
      0.2477473050152785,
      0.006594824468644483,
      0.4974206463327182,
      0.0,
      0.06946704704444177
    ],
    [
      -0.0258800076745114,
      0.002803028317609342,
      0.0007379668965431815,
      -0.000300626004907668,
      0.0,
      0.002523413638019659,
      0.0030800301796882162,
      -0.0003195712480662907,
      2.6807903066381067e-05,
      -0.015821680224701713,
      0.012760694998141885,
      -0.0258800076745114,
      0.0,
      -0.004449937282962613
    ],
    [
      -0.005151147652365095,
      -0.0049100753605373125,
      0.00010261676401828118,
      0.0005654851975892215,
      0.0,
      -0.0012934391618379675,
      -0.0017794903492478582,
      -0.0014163806980328725,
      -6.630208720046827e-05,
      -0.003238534808988834,
      -0.0009463653039143546,
      -0.005151147652365095,
      0.0,
      -0.004667132322159418
    ],
    [
      -0.6428941051328656,
      -0.04055638434236213,
      -0.0004079891860587476,
      -7.456707965757897e-05,
      0.0,
      -0.001379992948463752,
      -0.0014879526355765732,
      -0.009853338216002983,
      -1.955531985537097e-05,
      -0.31981500293218246,
      -0.0006516563329471809,
      -0.6428941051328656,
      0.0,
      -0.09680759546549535
    ],
    [
      -0.0178485233811037,
      -0.006953095792669637,
      0.003422248569558829,
      0.0028677759597304673,
      0.0,
      0.012880770706247444,
      0.011953711730101946,
      0.00038788787769839536,
      0.00026258377706050756,
      -0.01992111666415485,
      0.016075483015893993,
      -0.0178485233811037,
      0.0,
      -0.004537126037397013
    ],
    [
      -0.06162390413482032,
      -0.00863638278734588,
      -0.0014336272697617507,
      -0.0008797694873275224,
      0.0,
      -0.005977841937157759,
      -0.005271320566753754,
      -0.0014620778557585706,
      -5.915304482155269e-05,
      -0.025754410229887854,
      -0.020227319423911747,
      -0.06162390413482032,
      0.0,
      -0.013290865221070895
    ],
    [
      -0.037886647801825844,
      -0.0015975974270068466,
      -0.0003268681199205568,
      -0.0005862252175202442,
      0.0,
      0.0006403298453036374,
      0.00014993057394490752,
      -0.0025930448641111226,
      6.877048503424762e-05,
      -0.019211627250914697,
      -0.00615542469808195,
      -0.037886647801825844,
      0.0,
      -0.010109318310860167
    ]
  ],
  "action_library": [
    {
      "type": "recruit",
      "magnitude": 1.0
    },
    {
      "type": "recruit",
      "magnitude": 2.0
    },
    {
      "type": "recruit",
      "magnitude": 3.0
    },
    {
      "type": "adjust_dose",
      "magnitude": -0.1
    },
    {
      "type": "adjust_dose",
      "magnitude": 0.1
    },
    {
      "type": "hold_enrollment",
      "magnitude": 0.0
    },
    {
      "type": "file_interim_report",
      "magnitude": 0.0
    },
    {
      "type": "implement_amendment",
      "magnitude": 0.0
    },
    {
      "type": "noop",
      "magnitude": 0.0
    }
  ],
  "metadata": {
    "step": 14000,
    "mean_reward": -1.364986663446603,
    "resume_from_checkpoint": null
  }
}