{
  "format_version": 1,
  "policy_type": "linear_softmax",
  "weights": [
    [
      0.051378305231162213,
      0.004129883981473328,
      -0.0010348130554414681,
      -0.00020268043661364764,
      0.0,
      -0.0047810524859457386,
      -0.004770396077289514,
      0.0016356565313154377,
      -0.00012431223095434456,
      0.030599896509306543,
      -0.011241434279939032,
      0.051378305231162213,
      0.0,
      0.01667306021807512
    ],
    [
      0.18427700787513698,
      0.017837049215929195,
      -0.0009471471909044348,
      -0.0005869356669989084,
      0.0,
      -0.002326392241296697,
      -0.0018308098854763989,
      0.0035241369579810757,
      -3.741394915321501e-05,
      0.09450517668316163,
      0.004926231204526314,
      0.18427700787513698,
      0.0,
      0.03180032970186155
    ],
    [
      0.2551952246412814,
      0.01917946734387523,
      0.0008861586258532519,
      -8.825922919778354e-05,
      0.0,
      0.0032953004240166323,
      0.00310949660038864,
      0.0047630993776175854,
      6.32672104322764e-05,
      0.12384970931539409,
      0.007432635138731666,
      0.2551952246412814,
      0.0,
      0.03870343498096317
    ],
    [
      -0.006647640920126535,
      0.0033110832731881677,
      0.0006187597492913514,
      -8.089024506207016e-05,
      0.0,
      0.0028397818527260547,
      0.0030979762778127248,
      -8.937717255275175e-05,
      6.714789763149532e-05,
      -0.005671639953440173,
      0.015745915953850893,
      -0.006647640920126535,
      0.0,
      -0.00012109598373565716
    ],
    [
      -0.0029946883710034724,
      -0.005243913585765401,
      0.00011361214052735991,
      0.0002972717562916153,
      0.0,
      -6.298503779111183e-05,
      -0.0004959094261605216,
      -0.0009348108870912097,
      -2.197436510779433e-05,
      -0.0020756668407506482,
      -0.006567009675279724,
      -0.0029946883710034724,
      0.0,
      -0.004287942501012581
    ],
    [
      -0.4145510490982758,
      -0.02805875144352866,
      -0.0003919797976018564,
      -4.965057878468553e-05,
      0.0,
      -0.0017521811968366754,
      -0.0016707139438025568,
      -0.006995781224302467,
      -5.380325906874269e-05,
      -0.20573919482253258,
      0.0016731939162161432,
      -0.4145510490982758,
      0.0,
      -0.06563515015679963
    ],
    [
      -0.006681309059520964,
      -0.0017238776793135947,
      0.0016619444726741184,
      0.0013099319214698326,
      0.0,
      0.006705449138432733,
      0.006373264808354395,
      0.0006725884747105495,
      0.00014305773663522052,
      -0.008923473498319522,
      0.012542256340235288,
      -0.006681309059520964,
      0.0,
      -0.0013221177063680169
    ],
    [
      -0.037514130263867414,
      -0.005885311352970168,
      -0.000880712140726806,
      -0.0006519369157756928,
      0.0,
      -0.0038708120012712734,
      -0.0035513653166173325,
      -0.0005462821172149957,
      -3.696170180001226e-05,
      -0.015640309735605804,
      -0.017808673104637022,
      -0.037514130263867414,
      0.0,
      -0.009194041168377626
    ],
    [
      -0.02246172003478774,
      -0.0035456297528884094,
      -2.58228036715001e-05,
      5.314939467134776e-05,
      0.0,
      -4.710845203392501e-05,
      -0.00026154303720943956,
      -0.002029229940463214,
      9.926613851169067e-07,
      -0.010904497657214969,
      -0.0067031154937048105,
      -0.02246172003478774,
      0.0,
      -0.006616477384605022
    ]
  ],
  "action_library": [
    {
      "type": "recruit",
      "magnitude": 1.0
    },
    {
      "type": "recruit",
      "magnitude": 2.0
    },
    {
      "type": "recruit",
      "magnitude": 3.0
    },
    {
      "type": "adjust_dose",
      "magnitude": -0.1
    },
    {
      "type": "adjust_dose",
      "magnitude": 0.1
    },
    {
      "type": "hold_enrollment",
      "magnitude": 0.0
    },
    {
      "type": "file_interim_report",
      "magnitude": 0.0
    },
    {
      "type": "implement_amendment",
      "magnitude": 0.0
    },
    {
      "type": "noop",
      "magnitude": 0.0
    }
  ],
  "metadata": {
    "step": 6200,
    "mean_reward": -1.649676270380864,
    "resume_from_checkpoint": null
  }
}