{
  "format_version": 1,
  "policy_type": "linear_softmax",
  "weights": [
    [
      0.046442229235971945,
      0.004113304772906479,
      -0.0006999045419167712,
      -3.237002928855468e-05,
      0.0,
      -0.0034382186420090248,
      -0.0036402332147866404,
      0.0018553537309872802,
      -0.00010240296571821785,
      0.02675485169620678,
      -0.006510787399114419,
      0.046442229235971945,
      0.0,
      0.013302461852230586
    ],
    [
      0.12953168461798323,
      0.011624326629722506,
      -0.0006680874232852661,
      -0.0005123007829761141,
      0.0,
      -0.0017586711633715306,
      -0.0013031024391393705,
      0.002056933764861994,
      -2.758006787608943e-05,
      0.06628612721270037,
      0.0026734446092887376,
      0.12953168461798323,
      0.0,
      0.02259464545297298
    ],
    [
      0.1678525677993179,
      0.010519895506846878,
      0.0004990236449998702,
      3.055920591121656e-05,
      0.0,
      0.0021014325312898293,
      0.001959249195897019,
      0.003122273646568626,
      1.8102903004130035e-05,
      0.08252892505117378,
      0.003124037243873737,
      0.1678525677993179,
      0.0,
      0.025196935151406624
    ],
    [
      -0.006384953644888958,
      0.0005796468280104303,
      0.00014553245067443657,
      -0.00011114404201226455,
      0.0,
      0.0007658957951804231,
      0.0009810760773331035,
      -0.0003027050323739553,
      2.245451723946306e-05,
      -0.003835977977147541,
      0.004711987901885672,
      -0.006384953644888958,
      0.0,
      -0.0008982508637586751
    ],
    [
      0.005563897087756848,
      -0.000921167138305923,
      0.0002325437480016791,
      0.00020305299175614618,
      0.0,
      0.0006842590371239592,
      0.0005629987277690844,
      -0.0002714369700486406,
      2.701446063037166e-05,
      0.0015849705706068866,
      -0.00011201430980189304,
      0.005563897087756848,
      0.0,
      -0.0008994840704707911
    ],
    [
      -0.2979063354418355,
      -0.018153104619867258,
      9.315806979522306e-05,
      7.074745901766725e-05,
      0.0,
      7.416987188792724e-05,
      2.2827868093917354e-05,
      -0.004618851806999832,
      -3.4420021716987234e-08,
      -0.14942316478348777,
      0.006143182750698131,
      -0.2979063354418355,
      0.0,
      -0.04761361624444363
    ],
    [
      -0.0031090946796624723,
      -0.001498892819755979,
      0.0010804296815975318,
      0.0008014207977736039,
      0.0,
      0.004656661410609151,
      0.0044137335947522695,
      0.00021072751260620414,
      0.00011746826863763653,
      -0.005305272117424856,
      0.00946917663749472,
      -0.0031090946796624723,
      0.0,
      -0.0008476663629477233
    ],
    [
      -0.02407767757199166,
      -0.0023296758955668522,
      -0.0006503674157217651,
      -0.0005682549868622416,
      0.0,
      -0.0027983093151061626,
      -0.0023608375887809977,
      -3.1322734433004947e-06,
      -3.006141631656978e-05,
      -0.009984034828323093,
      -0.010676366448450726,
      -0.02407767757199166,
      0.0,
      -0.005405949691113369
    ],
    [
      -0.017912317402650303,
      -0.003934333263990462,
      -3.232821414492515e-05,
      0.00011828938668053983,
      0.0,
      -0.0002872195256045773,
      -0.0006357122211384036,
      -0.002049162572158395,
      -2.4961279579006803e-05,
      -0.00860642482430439,
      -0.008822660985874186,
      -0.017912317402650303,
      0.0,
      -0.0054290752238753655
    ]
  ],
  "action_library": [
    {
      "type": "recruit",
      "magnitude": 1.0
    },
    {
      "type": "recruit",
      "magnitude": 2.0
    },
    {
      "type": "recruit",
      "magnitude": 3.0
    },
    {
      "type": "adjust_dose",
      "magnitude": -0.1
    },
    {
      "type": "adjust_dose",
      "magnitude": 0.1
    },
    {
      "type": "hold_enrollment",
      "magnitude": 0.0
    },
    {
      "type": "file_interim_report",
      "magnitude": 0.0
    },
    {
      "type": "implement_amendment",
      "magnitude": 0.0
    },
    {
      "type": "noop",
      "magnitude": 0.0
    }
  ],
  "metadata": {
    "step": 3900,
    "mean_reward": -1.98443297299024,
    "resume_from_checkpoint": null
  }
}