{
  "format_version": 1,
  "policy_type": "linear_softmax",
  "weights": [
    [
      0.02067360307263485,
      0.0009101466194893793,
      -0.00035298769280810746,
      -9.542689479008205e-05,
      0.0,
      -0.001854295440407475,
      -0.001778920254174807,
      0.0002512387237817869,
      -4.745276598179622e-05,
      0.012000683804971629,
      -0.003260982347186732,
      0.02067360307263485,
      0.0,
      0.005033309914459066
    ],
    [
      0.04958946766746556,
      0.009010802425100679,
      -0.00015838847049809199,
      -0.0001521342389915518,
      0.0,
      -0.000743746876778936,
      -0.000510501648052208,
      0.001790997781804539,
      -1.8747299113173824e-05,
      0.025167894068006524,
      0.007674710491306978,
      0.04958946766746556,
      0.0,
      0.009281257467543692
    ],
    [
      0.04986305791477303,
      0.0025093650749280633,
      0.0002715753156547723,
      1.6727054864978918e-05,
      0.0,
      0.001086511319760062,
      0.0010258994137049343,
      0.0012841852137053158,
      3.237982011851738e-05,
      0.02394933224446393,
      -0.0012378216717869779,
      0.04986305791477303,
      0.0,
      0.00707718115621713
    ],
    [
      0.00760350894127722,
      0.005581962884725519,
      -5.188116650551913e-05,
      -0.00013307542209643308,
      0.0,
      0.0005004644015125621,
      0.0003830145889548182,
      0.0007167531268501249,
      2.6358094586680957e-05,
      0.0036590139549866753,
      0.010225792084327912,
      0.00760350894127722,
      0.0,
      0.002811329842670455
    ],
    [
      -0.00572383702403386,
      -0.005198866375687886,
      8.875242589070533e-05,
      0.0002233580836313265,
      0.0,
      0.00028366454171659203,
      0.0002559193718080849,
      -0.001547663247317969,
      -5.7996024946973735e-06,
      -0.0029511445473616536,
      -0.006095121258080472,
      -0.00572383702403386,
      0.0,
      -0.00224970263883196
    ],
    [
      -0.10654008021737817,
      -0.008384913434918623,
      1.0540054482164672e-05,
      7.716751449768702e-05,
      0.0,
      0.0001165646444024952,
      0.0001008294520369543,
      -0.0018811959990576589,
      -4.216522993774206e-07,
      -0.05332722677344058,
      -0.0002464508104514873,
      -0.10654008021737817,
      0.0,
      -0.01791656086019478
    ],
    [
      0.0017503550966366625,
      -1.721462029622517e-05,
      0.0006028770286792979,
      0.00029109489683899954,
      0.0,
      0.002730392909562536,
      0.0026465820708657458,
      0.0003871116693554658,
      6.127581958921456e-05,
      -0.0016715816688280777,
      0.00290546659230654,
      0.0017503550966366625,
      0.0,
      -0.0001638262850419664
    ],
    [
      -0.006075163804663994,
      0.0003979933955135183,
      -0.00030173385091843374,
      -0.000238658816128505,
      0.0,
      -0.0017118794498004245,
      -0.0015732001204752386,
      7.850784370368606e-05,
      -3.235315158216272e-05,
      -0.001743126120293441,
      -0.0010473077618068788,
      -0.006075163804663994,
      0.0,
      -0.001061493532730355
    ],
    [
      -0.011140911646711226,
      -0.004809275968854447,
      -0.00010875364397678744,
      1.0947822173579655e-05,
      0.0,
      -0.00040767604996740846,
      -0.0005496228746682799,
      -0.0010799351128252994,
      -1.5239262823205485e-05,
      -0.005083844962504952,
      -0.008918285318628965,
      -0.011140911646711226,
      0.0,
      -0.0028114950640913744
    ]
  ],
  "action_library": [
    {
      "type": "recruit",
      "magnitude": 1.0
    },
    {
      "type": "recruit",
      "magnitude": 2.0
    },
    {
      "type": "recruit",
      "magnitude": 3.0
    },
    {
      "type": "adjust_dose",
      "magnitude": -0.1
    },
    {
      "type": "adjust_dose",
      "magnitude": 0.1
    },
    {
      "type": "hold_enrollment",
      "magnitude": 0.0
    },
    {
      "type": "file_interim_report",
      "magnitude": 0.0
    },
    {
      "type": "implement_amendment",
      "magnitude": 0.0
    },
    {
      "type": "noop",
      "magnitude": 0.0
    }
  ],
  "metadata": {
    "step": 1100,
    "mean_reward": -2.1302999802647173,
    "resume_from_checkpoint": null
  }
}