{
  "format_version": 1,
  "policy_type": "linear_softmax",
  "weights": [
    [
      0.046798339692780314,
      0.004297669924401178,
      -0.0006348598360901473,
      -3.7886209471981335e-05,
      0.0,
      -0.003250344973128386,
      -0.0034867523878275167,
      0.0022935055444044438,
      -0.00011168265541799205,
      0.02672753042112352,
      -0.008635313127474167,
      0.046798339692780314,
      0.0,
      0.013856241404165196
    ],
    [
      0.14405139846375634,
      0.0126941019576926,
      -0.0006780851677696043,
      -0.00047685506902943764,
      0.0,
      -0.0015339879461103417,
      -0.0012112121385521027,
      0.0024154419141931825,
      -2.7226234608130134e-05,
      0.07363344262386352,
      0.001667914998312541,
      0.14405139846375634,
      0.0,
      0.02459239044747327
    ],
    [
      0.19510569078047815,
      0.014622410826213936,
      0.00043252588197186426,
      -6.560314754480317e-05,
      0.0,
      0.0018881861247496065,
      0.0018710025675400088,
      0.00370070643088835,
      2.8406631993970204e-05,
      0.09620486723594524,
      0.007558191630248607,
      0.19510569078047815,
      0.0,
      0.030003121009532317
    ],
    [
      -0.003033970934778712,
      0.003229649413121967,
      0.00022348645417792425,
      -0.0001678085138810434,
      0.0,
      0.0010962466315480948,
      0.0013636464524605712,
      -0.00022348176020704758,
      4.115238685663847e-05,
      -0.0023982145489595966,
      0.010204777735279589,
      -0.003033970934778712,
      0.0,
      0.0004836278321172128
    ],
    [
      -0.0002935018364839906,
      -0.004156567592330303,
      0.00025324464915613,
      0.00025508384002958075,
      0.0,
      0.0006075003794183666,
      0.0005377652944616811,
      -0.0006117464851888709,
      3.4345687496932834e-05,
      -0.0016826118140199397,
      -0.004744342396636611,
      -0.0002935018364839906,
      0.0,
      -0.00302081907776785
    ],
    [
      -0.3332899794675228,
      -0.02311772198611712,
      -3.4544155888578386e-05,
      7.657219258272704e-05,
      0.0,
      -0.00043353875029115816,
      -0.0004515643443865999,
      -0.005771155761148683,
      -1.6634253810035882e-05,
      -0.1665269588726061,
      0.0027396461421322336,
      -0.3332899794675228,
      0.0,
      -0.05323951939697138
    ],
    [
      -0.001573565690379601,
      -0.00022032506051083064,
      0.0012851302164359833,
      0.0008817846043794779,
      0.0,
      0.005352965539441646,
      0.004940326271839653,
      0.0005033295934335428,
      0.00011758786681351993,
      -0.005170840919712467,
      0.012210705095324395,
      -0.001573565690379601,
      0.0,
      -0.000281957006239309
    ],
    [
      -0.03213988729881359,
      -0.004753205089028028,
      -0.0008363259191869843,
      -0.0005968011582648278,
      0.0,
      -0.0035854513265659057,
      -0.0031672887187301595,
      -0.0007078971866997894,
      -4.775985685504914e-05,
      -0.013138482484925818,
      -0.015776329811587112,
      -0.03213988729881359,
      0.0,
      -0.007466226246983911
    ],
    [
      -0.015624523709034638,
      -0.0025960123934436036,
      -1.0572122806572072e-05,
      0.00013151346120030658,
      0.0,
      -0.0001415756790619105,
      -0.0003959229968055452,
      -0.001598702289675149,
      -1.8189572469853922e-05,
      -0.00764873164070782,
      -0.005225250265599685,
      -0.015624523709034638,
      0.0,
      -0.004926858965325001
    ]
  ],
  "action_library": [
    {
      "type": "recruit",
      "magnitude": 1.0
    },
    {
      "type": "recruit",
      "magnitude": 2.0
    },
    {
      "type": "recruit",
      "magnitude": 3.0
    },
    {
      "type": "adjust_dose",
      "magnitude": -0.1
    },
    {
      "type": "adjust_dose",
      "magnitude": 0.1
    },
    {
      "type": "hold_enrollment",
      "magnitude": 0.0
    },
    {
      "type": "file_interim_report",
      "magnitude": 0.0
    },
    {
      "type": "implement_amendment",
      "magnitude": 0.0
    },
    {
      "type": "noop",
      "magnitude": 0.0
    }
  ],
  "metadata": {
    "step": 4500,
    "mean_reward": -1.5713230999792591,
    "resume_from_checkpoint": null
  }
}