{
  "format_version": 1,
  "policy_type": "linear_softmax",
  "weights": [
    [
      0.024788595447476802,
      0.0018532650588158049,
      -0.0007234359168006457,
      -8.731191352593719e-05,
      0.0,
      -0.003253604370631149,
      -0.0032502688474767686,
      0.0020639347408129547,
      -0.0001316041901604009,
      0.016359361190583524,
      -0.018617211766520314,
      0.024788595447476802,
      0.0,
      0.014926578749547238
    ],
    [
      0.24771385731688714,
      0.021373078004141954,
      -0.0012348057551483916,
      -0.0006408186194825949,
      0.0,
      -0.0036533840278002096,
      -0.003183219856321579,
      0.0046392915041925855,
      -7.61316640164691e-05,
      0.12761074409558726,
      0.003745088770981615,
      0.24771385731688714,
      0.0,
      0.04126443801330618
    ],
    [
      0.38711740108850956,
      0.02893534792472158,
      0.0004975687697794971,
      -0.0003769483570726318,
      0.0,
      0.0025028936613918215,
      0.00252429516296003,
      0.006554442288909068,
      5.08703227316474e-05,
      0.1913568020008057,
      0.015387981269478735,
      0.38711740108850956,
      0.0,
      0.05747752065251253
    ],
    [
      -0.01655077512458274,
      0.004433806569975054,
      0.0007722112778614164,
      -0.00037410675803993673,
      0.0,
      0.0022948273677425124,
      0.003314114041416087,
      -0.000109944738002204,
      5.4644680688905714e-05,
      -0.011436889432682123,
      0.012674074046152941,
      -0.01655077512458274,
      0.0,
      -0.00273680306856531
    ],
    [
      0.0009085516162811039,
      -0.0023927469531718646,
      0.0003732148360752657,
      0.0005033370896176687,
      0.0,
      0.0002641488092838684,
      -0.0005112625187677054,
      -0.0011010950302109915,
      -2.853237665484541e-06,
      -0.0012857551079377327,
      0.002255605509139284,
      0.0009085516162811039,
      0.0,
      -0.0026845033151910455
    ],
    [
      -0.5432737387268919,
      -0.035047872826726854,
      -0.0002636723555872495,
      -6.212202964539565e-05,
      0.0,
      -0.0013183110243008152,
      -0.0012984784228999573,
      -0.008615072086808104,
      -3.8305724587622826e-05,
      -0.27078018126232495,
      0.0025277504908177697,
      -0.5432737387268919,
      0.0,
      -0.08338426949279254
    ],
    [
      -0.017207856007685315,
      -0.0087246558796265,
      0.002292196614927398,
      0.002027241003261611,
      0.0,
      0.008976875784766435,
      0.008086991375059922,
      -5.168369769661639e-05,
      0.00018503148082337943,
      -0.01580748597112353,
      0.008885325108437257,
      -0.017207856007685315,
      0.0,
      -0.004833933132963596
    ],
    [
      -0.04915403756983165,
      -0.006985006033258382,
      -0.0010244213939738253,
      -0.0006753460620245605,
      0.0,
      -0.004084087088332458,
      -0.0037639822651573643,
      -0.000760521180078786,
      -1.294305109505728e-05,
      -0.020956110416358323,
      -0.018294855232806034,
      -0.04915403756983165,
      0.0,
      -0.010948960097688807
    ],
    [
      -0.034341998040156856,
      -0.0034452158648709936,
      -0.0006888560771334554,
      -0.0003139243530882267,
      0.0,
      -0.0017293591121200263,
      -0.0019181886688125712,
      -0.0026193518011178867,
      -2.8708616718899372e-05,
      -0.015060485096547711,
      -0.008563758195682015,
      -0.034341998040156856,
      0.0,
      -0.009080068308163273
    ]
  ],
  "action_library": [
    {
      "type": "recruit",
      "magnitude": 1.0
    },
    {
      "type": "recruit",
      "magnitude": 2.0
    },
    {
      "type": "recruit",
      "magnitude": 3.0
    },
    {
      "type": "adjust_dose",
      "magnitude": -0.1
    },
    {
      "type": "adjust_dose",
      "magnitude": 0.1
    },
    {
      "type": "hold_enrollment",
      "magnitude": 0.0
    },
    {
      "type": "file_interim_report",
      "magnitude": 0.0
    },
    {
      "type": "implement_amendment",
      "magnitude": 0.0
    },
    {
      "type": "noop",
      "magnitude": 0.0
    }
  ],
  "metadata": {
    "step": 10100,
    "mean_reward": -3.869877926850009,
    "resume_from_checkpoint": null
  }
}