{
  "format_version": 1,
  "policy_type": "linear_softmax",
  "weights": [
    [
      0.010817311842347879,
      0.0027304002260674616,
      -7.246388873428808e-05,
      -5.686062463233567e-05,
      0.0,
      -0.0004487614367081134,
      -0.0003566585107388022,
      0.0004740413752783746,
      -5.788130282268168e-06,
      0.005699035378443048,
      0.0030032900681115243,
      0.010817311842347879,
      0.0,
      0.0026203080117602182
    ],
    [
      0.009534036165212024,
      0.0004934749761521736,
      -7.607483043084359e-05,
      -6.826640272620922e-05,
      0.0,
      -0.00016520833027680135,
      -0.00011499195774485927,
      0.0002699478349970258,
      1.209916702181365e-06,
      0.005050355003701866,
      -0.00021506565961012657,
      0.009534036165212024,
      0.0,
      0.0017349381328709667
    ],
    [
      0.012042776355046523,
      -0.0004338587648176699,
      3.320392721121047e-05,
      -1.705007701271111e-05,
      0.0,
      8.685238375922901e-05,
      5.58341494099512e-05,
      0.00025193030270883335,
      5.227908414974203e-06,
      0.005886544699933518,
      -0.0028436265640573474,
      0.012042776355046523,
      0.0,
      0.001307556484568442
    ],
    [
      0.0045896332425444395,
      0.002565974420362887,
      2.2600791062285413e-05,
      -3.70281619540978e-05,
      0.0,
      0.00022773724088627904,
      0.00017425980083565968,
      0.00012663641238247535,
      1.446728672333661e-05,
      0.002110807065308463,
      0.0036392538522708705,
      0.0045896332425444395,
      0.0,
      0.0011871995740151808
    ],
    [
      -3.431113237491881e-05,
      -0.0008491363917845048,
      -2.558906048868913e-06,
      7.034049950813918e-05,
      0.0,
      -9.920587201069591e-05,
      -0.0001127184269800538,
      -0.00030885788394266977,
      -9.735984548266291e-06,
      0.00021197062461539764,
      -0.001071103540173085,
      -3.431113237491881e-05,
      0.0,
      -0.0002531450165988285
    ],
    [
      -0.03348227050584899,
      -0.0031997315944393835,
      -3.292170599635197e-05,
      5.382798958558036e-05,
      0.0,
      -9.527114648997938e-05,
      -2.9108684187959106e-05,
      -0.0007713843887151958,
      -1.0993863364078024e-05,
      -0.016703143923230235,
      -0.0020956862169052124,
      -0.03348227050584899,
      0.0,
      -0.005413349746605347
    ],
    [
      0.0017011938472818418,
      0.0008183199566572042,
      0.0001283049719424924,
      0.00011415493382860164,
      0.0,
      0.0005976020939248992,
      0.0006143421049855109,
      0.0001837565925713332,
      4.74062019958779e-06,
      0.00041819848469666957,
      0.0015838146302336806,
      0.0017011938472818418,
      0.0,
      0.0001645000325766808
    ],
    [
      -0.0022605765388694953,
      -0.001610457109008232,
      -9.446567289698638e-05,
      -7.070561006333485e-05,
      0.0,
      -0.0005753838548253063,
      -0.0005940184603414314,
      -0.00020038572114459489,
      -1.1093871524492728e-05,
      -0.0008941859989844217,
      -0.0007772698187890286,
      -0.0022605765388694953,
      0.0,
      -0.0006547024861647372
    ],
    [
      -0.0029077932753393005,
      -0.0005149857191899305,
      9.437531389135077e-05,
      1.1587453466367511e-05,
      0.0,
      0.00047163892174048827,
      0.0003630599847619828,
      -2.568452413558236e-05,
      1.1966117679025272e-05,
      -0.001779581334484267,
      -0.0012236067510812928,
      -0.0029077932753393005,
      0.0,
      -0.0006933049864225777
    ]
  ],
  "action_library": [
    {
      "type": "recruit",
      "magnitude": 1.0
    },
    {
      "type": "recruit",
      "magnitude": 2.0
    },
    {
      "type": "recruit",
      "magnitude": 3.0
    },
    {
      "type": "adjust_dose",
      "magnitude": -0.1
    },
    {
      "type": "adjust_dose",
      "magnitude": 0.1
    },
    {
      "type": "hold_enrollment",
      "magnitude": 0.0
    },
    {
      "type": "file_interim_report",
      "magnitude": 0.0
    },
    {
      "type": "implement_amendment",
      "magnitude": 0.0
    },
    {
      "type": "noop",
      "magnitude": 0.0
    }
  ],
  "metadata": {
    "step": 300,
    "mean_reward": -2.0663088978302735,
    "resume_from_checkpoint": null
  }
}