{
  "format_version": 1,
  "policy_type": "linear_softmax",
  "weights": [
    [
      0.015233278410673722,
      -0.00040384115210162963,
      -0.0010658016540708868,
      -0.00012253362668941092,
      0.0,
      -0.004675971267810235,
      -0.004580647857522646,
      0.0020026647063254516,
      -0.0001618645736175955,
      0.012666795840859635,
      -0.023221156555300944,
      0.015233278410673722,
      0.0,
      0.013353754733769976
    ],
    [
      0.2562862863862083,
      0.02136215963524282,
      -0.0012469116286265923,
      -0.0007256983044430815,
      0.0,
      -0.0036721117734199744,
      -0.003246856549655991,
      0.004525425495086066,
      -6.87979339809342e-05,
      0.1318145447352472,
      0.0029651168146136503,
      0.2562862863862083,
      0.0,
      0.042605020485300245
    ],
    [
      0.4204417140285185,
      0.034058767588533455,
      0.0006964064171603753,
      -0.0003189662030128634,
      0.0,
      0.003211489056627292,
      0.003235787909082844,
      0.007712377517984153,
      4.775698906480275e-05,
      0.20782192156665902,
      0.022296435397323896,
      0.4204417140285185,
      0.0,
      0.06272115022457923
    ],
    [
      -0.02168818281842309,
      0.00227780924633848,
      0.0007050295277280771,
      -0.0003611181396939915,
      0.0,
      0.0022441791405473687,
      0.0032731065432434325,
      4.8282975229780506e-05,
      3.7864843108758164e-05,
      -0.013535555012183212,
      0.009977385312221537,
      -0.02168818281842309,
      0.0,
      -0.004165715775947483
    ],
    [
      -0.00011237570179961261,
      -0.003605843509122561,
      0.0005556983556288973,
      0.0005935950072715316,
      0.0,
      0.0011893504953311694,
      0.0002935432255554462,
      -0.001609859065474598,
      2.001044180722759e-05,
      -0.0024705794430442945,
      0.0014611153243813406,
      -0.00011237570179961261,
      0.0,
      -0.003148933898388493
    ],
    [
      -0.5682128015991553,
      -0.0364679251239505,
      -0.00033486675653257743,
      -9.818152091494101e-05,
      0.0,
      -0.001617966881965198,
      -0.0016247934683459857,
      -0.009044657185383389,
      -3.992218189647901e-05,
      -0.28307415564807165,
      0.0019322561633539428,
      -0.5682128015991553,
      0.0,
      -0.08621602449679779
    ],
    [
      -0.016972097288981015,
      -0.008058660290735166,
      0.002376385747679917,
      0.002163947147402219,
      0.0,
      0.009174201106511657,
      0.00849087322002666,
      -3.376334640008769e-06,
      0.00020086738022206474,
      -0.016033360745641094,
      0.01013935723172798,
      -0.016972097288981015,
      0.0,
      -0.0046550269391989595
    ],
    [
      -0.04862068917901236,
      -0.005497900751109124,
      -0.0009876637685717858,
      -0.0007319835436973666,
      0.0,
      -0.003946102591434547,
      -0.003714211164874762,
      -0.0007067619687972272,
      -4.668757976976023e-06,
      -0.021086582234720583,
      -0.01617545738894422,
      -0.04862068917901236,
      0.0,
      -0.01071159324868146
    ],
    [
      -0.03635513223802558,
      -0.003664565643095875,
      -0.000698276240395417,
      -0.000399060816222112,
      0.0,
      -0.0019070672843875672,
      -0.002126801857508917,
      -0.0029240961403302107,
      -3.1246206730870824e-05,
      -0.016103029059103748,
      -0.00937505229937794,
      -0.03635513223802558,
      0.0,
      -0.00978263108463431
    ]
  ],
  "action_library": [
    {
      "type": "recruit",
      "magnitude": 1.0
    },
    {
      "type": "recruit",
      "magnitude": 2.0
    },
    {
      "type": "recruit",
      "magnitude": 3.0
    },
    {
      "type": "adjust_dose",
      "magnitude": -0.1
    },
    {
      "type": "adjust_dose",
      "magnitude": 0.1
    },
    {
      "type": "hold_enrollment",
      "magnitude": 0.0
    },
    {
      "type": "file_interim_report",
      "magnitude": 0.0
    },
    {
      "type": "implement_amendment",
      "magnitude": 0.0
    },
    {
      "type": "noop",
      "magnitude": 0.0
    }
  ],
  "metadata": {
    "step": 10900,
    "mean_reward": -2.186584926801031,
    "resume_from_checkpoint": null
  }
}