{
  "format_version": 1,
  "policy_type": "linear_softmax",
  "weights": [
    [
      0.0426441810263716,
      0.0011850745564140738,
      -0.001111993322765192,
      -0.00019452335878016193,
      0.0,
      -0.004917084291967025,
      -0.004769853018652994,
      0.0019229240999810596,
      -0.00012488142432778913,
      0.026576724271785823,
      -0.019123600944115176,
      0.0426441810263716,
      0.0,
      0.015198452782012562
    ],
    [
      0.20660601014483432,
      0.01837066688612399,
      -0.0008500437403389228,
      -0.0006031851441081236,
      0.0,
      -0.002008605300184041,
      -0.0015766884372714442,
      0.00368346147839602,
      -8.12620925504323e-06,
      0.10500114068166631,
      0.005577419880303665,
      0.20660601014483432,
      0.0,
      0.035318135991879385
    ],
    [
      0.30370251217762795,
      0.024344042784638024,
      0.0006951706393174611,
      -0.00017038219713582108,
      0.0,
      0.002574657734323379,
      0.00265298579964039,
      0.005287604623024416,
      4.765276999116481e-05,
      0.14894193872684786,
      0.014263578929031007,
      0.30370251217762795,
      0.0,
      0.04669291063782396
    ],
    [
      -0.010654001613720945,
      0.0036232380440192795,
      0.0005767661397157282,
      -4.267906726800956e-05,
      0.0,
      0.002016246584010992,
      0.0023383308476894993,
      -0.00039148262714518286,
      3.0188337346505436e-05,
      -0.00716275530628246,
      0.013055849236912552,
      -0.010654001613720945,
      0.0,
      -0.00129704499554873
    ],
    [
      -0.0013504891574322403,
      -0.0042159212137914785,
      0.00036462102948651336,
      0.00033349960999624016,
      0.0,
      0.0009199834550974666,
      0.0003533396887033805,
      -0.0010278600220113231,
      5.8027254373341284e-06,
      -0.00238197267080666,
      -0.002405351822159142,
      -0.0013504891574322403,
      0.0,
      -0.0036992272372156666
    ],
    [
      -0.4630698093115037,
      -0.03160169703552936,
      -0.00030855540150068834,
      -7.69153822172697e-05,
      0.0,
      -0.0012309166753564351,
      -0.0011658974111262211,
      -0.007646394627547675,
      -4.200244788672642e-05,
      -0.23035839691791538,
      0.0013030971366675076,
      -0.4630698093115037,
      0.0,
      -0.07214953568896557
    ],
    [
      -0.008481016205797711,
      -0.0023310710860749914,
      0.0018853412980808554,
      0.0015435008489849806,
      0.0,
      0.007701024481065966,
      0.007153226556865652,
      0.0006756710308604722,
      0.00017248632905729838,
      -0.01053365815445695,
      0.015404787416063445,
      -0.008481016205797711,
      0.0,
      -0.0021503051785639812
    ],
    [
      -0.044733673782097534,
      -0.007444864500265297,
      -0.0011277296329537572,
      -0.0006792490407759117,
      0.0,
      -0.004578876100795164,
      -0.0042272692536030635,
      -0.0005601852253652914,
      -4.98818457928892e-05,
      -0.018091461566022538,
      -0.021824244087588946,
      -0.044733673782097534,
      0.0,
      -0.010972076666651528
    ],
    [
      -0.02466371327828498,
      -0.0019294684355349106,
      -0.00012357700904199086,
      -0.00011006626869592699,
      0.0,
      -0.0004764298861951714,
      -0.0007581747722451797,
      -0.001943738730192491,
      -3.123823456985555e-05,
      -0.011991559064818047,
      -0.006251535745115236,
      -0.02466371327828498,
      0.0,
      -0.0069413096447683165
    ]
  ],
  "action_library": [
    {
      "type": "recruit",
      "magnitude": 1.0
    },
    {
      "type": "recruit",
      "magnitude": 2.0
    },
    {
      "type": "recruit",
      "magnitude": 3.0
    },
    {
      "type": "adjust_dose",
      "magnitude": -0.1
    },
    {
      "type": "adjust_dose",
      "magnitude": 0.1
    },
    {
      "type": "hold_enrollment",
      "magnitude": 0.0
    },
    {
      "type": "file_interim_report",
      "magnitude": 0.0
    },
    {
      "type": "implement_amendment",
      "magnitude": 0.0
    },
    {
      "type": "noop",
      "magnitude": 0.0
    }
  ],
  "metadata": {
    "step": 7500,
    "mean_reward": -3.827457275659443,
    "resume_from_checkpoint": null
  }
}