{
  "format_version": 1,
  "policy_type": "linear_softmax",
  "weights": [
    [
      0.019729104674440494,
      -1.6880076729578516e-06,
      -0.000852689390412684,
      -5.521964585583606e-05,
      0.0,
      -0.0037247046146781297,
      -0.0037558558921835265,
      0.0019291594951949644,
      -0.00015185239518227862,
      0.014256004741946863,
      -0.02214597258864123,
      0.019729104674440494,
      0.0,
      0.014018274756430417
    ],
    [
      0.25242799114853454,
      0.02151539465674145,
      -0.0012922444228090951,
      -0.0006261671410838652,
      0.0,
      -0.0038944321364210734,
      -0.0033854156444758482,
      0.004534370825013692,
      -6.959285516044983e-05,
      0.12985376951839,
      0.00451742857223278,
      0.25242799114853454,
      0.0,
      0.0422911591989789
    ],
    [
      0.3970641185949276,
      0.030003067480139506,
      0.00043023817097386787,
      -0.0004210823864666973,
      0.0,
      0.002166190246581579,
      0.002162845018235485,
      0.006917573146582318,
      2.9731627346320793e-05,
      0.19707674854906515,
      0.014653771931235869,
      0.3970641185949276,
      0.0,
      0.05864429629007766
    ],
    [
      -0.019310936626591474,
      0.0032826681187843954,
      0.0007425707122264633,
      -0.000376632393468664,
      0.0,
      0.002149543399191961,
      0.0031508635599530035,
      -0.00026778607514072817,
      4.85163204415871e-05,
      -0.012616449586921128,
      0.01172332630889749,
      -0.019310936626591474,
      0.0,
      -0.0034850855542893754
    ],
    [
      3.8800938086631007e-05,
      -0.002928111100791964,
      0.0005340507842064142,
      0.0005615373343253104,
      0.0,
      0.0010720233219047679,
      0.00026972203224428815,
      -0.0011277486413052151,
      1.4919363629963247e-05,
      -0.002265016702076471,
      0.0014598846729881492,
      3.8800938086631007e-05,
      0.0,
      -0.0030321606312297424
    ],
    [
      -0.5527176747329393,
      -0.03537698731594661,
      -0.00041456298849132817,
      -9.743705540903116e-05,
      0.0,
      -0.0018342654493510174,
      -0.0018080368429249515,
      -0.008851909143289613,
      -4.293547546318939e-05,
      -0.27500937135933917,
      0.002799935987239141,
      -0.5527176747329393,
      0.0,
      -0.08429954983263238
    ],
    [
      -0.015122605276487303,
      -0.008273345966218525,
      0.0024591523959970308,
      0.002100736391814885,
      0.0,
      0.009566110600578446,
      0.008683726177540861,
      2.6413918750764e-05,
      0.00019730816551475892,
      -0.015257675222995938,
      0.010265577341401986,
      -0.015122605276487303,
      0.0,
      -0.004459592364338948
    ],
    [
      -0.048202030747110075,
      -0.005479724923430131,
      -0.0010366482683779675,
      -0.0007257623214816067,
      0.0,
      -0.004222120438681185,
      -0.0038802547641138226,
      -0.0006539126580847693,
      -1.305486793556589e-05,
      -0.020692026858346993,
      -0.01582582817556125,
      -0.048202030747110075,
      0.0,
      -0.010590840905482008
    ],
    [
      -0.033906767972853954,
      -0.0027412729416052078,
      -0.0005698669933126908,
      -0.00035997278237450146,
      0.0,
      -0.0012783449291253782,
      -0.0014375936442753855,
      -0.002506160867721448,
      -1.3039883191147718e-05,
      -0.015345983079719771,
      -0.007448124049793566,
      -0.033906767972853954,
      0.0,
      -0.009086500957513354
    ]
  ],
  "action_library": [
    {
      "type": "recruit",
      "magnitude": 1.0
    },
    {
      "type": "recruit",
      "magnitude": 2.0
    },
    {
      "type": "recruit",
      "magnitude": 3.0
    },
    {
      "type": "adjust_dose",
      "magnitude": -0.1
    },
    {
      "type": "adjust_dose",
      "magnitude": 0.1
    },
    {
      "type": "hold_enrollment",
      "magnitude": 0.0
    },
    {
      "type": "file_interim_report",
      "magnitude": 0.0
    },
    {
      "type": "implement_amendment",
      "magnitude": 0.0
    },
    {
      "type": "noop",
      "magnitude": 0.0
    }
  ],
  "metadata": {
    "step": 10400,
    "mean_reward": -1.2441167766084473,
    "resume_from_checkpoint": null
  }
}