{
  "format_version": 1,
  "policy_type": "linear_softmax",
  "weights": [
    [
      -0.0028119493061472666,
      0.0035567604571854717,
      -0.0012287601961073259,
      -0.00015458550168651988,
      0.0,
      -0.0052836404506357276,
      -0.004881864126149279,
      0.0025974183321381995,
      -0.00016377129303373687,
      0.00477033163370678,
      -0.015222077920315985,
      -0.0028119493061472666,
      0.0,
      0.014939518263571053
    ],
    [
      0.29614023437411674,
      0.02293994669256118,
      -0.0011399583877124673,
      -0.0008731041840503369,
      0.0,
      -0.0031521914012068468,
      -0.002682575739803546,
      0.004783293513764197,
      -2.185509514139163e-05,
      0.15118059891056226,
      0.007100213664661891,
      0.29614023437411674,
      0.0,
      0.04959185767590387
    ],
    [
      0.5123090844872574,
      0.03476336481143916,
      0.00023506396874982443,
      -0.0005833059176759286,
      0.0,
      0.00041656133287970186,
      0.0005044055394479199,
      0.008029540022182298,
      -7.63542757100754e-05,
      0.255215815562291,
      0.007158452875612844,
      0.5123090844872574,
      0.0,
      0.0711714174853678
    ],
    [
      -0.026942284692739023,
      0.002119850357443974,
      0.0006782365164036043,
      -0.0003387233682697743,
      0.0,
      0.0022788032899929518,
      0.0030871254264189366,
      -0.00048057676062805303,
      3.621109064719686e-05,
      -0.016247570250849983,
      0.012586336953457187,
      -0.026942284692739023,
      0.0,
      -0.004560397571226094
    ],
    [
      -0.006940544311213472,
      -0.005933062991355607,
      0.0001272576383037952,
      0.0005525993500880651,
      0.0,
      -0.000907210335148643,
      -0.0014806189162227756,
      -0.0015156359357748192,
      -5.269988804206626e-05,
      -0.004205482727886764,
      -0.0023659392415783806,
      -0.006940544311213472,
      0.0,
      -0.00520768270218824
    ],
    [
      -0.6532851202445975,
      -0.04106893873913974,
      -0.0004219354337002534,
      -4.364203796709096e-05,
      0.0,
      -0.0016539573114881616,
      -0.001854828953400044,
      -0.009918613365773071,
      -3.142988082455249e-05,
      -0.3248436308148872,
      -0.0003337919865637595,
      -0.6532851202445975,
      0.0,
      -0.09788906884938554
    ],
    [
      -0.014956089553938397,
      -0.004828423414210277,
      0.003622831581467861,
      0.0029732684108273134,
      0.0,
      0.014023855547300275,
      0.012924409154679148,
      0.0006143986767958839,
      0.0003052491209013063,
      -0.01943520056185511,
      0.02024146485533466,
      -0.014956089553938397,
      0.0,
      -0.00349461438379396
    ],
    [
      -0.062278112130837185,
      -0.008379869895371756,
      -0.0014772439407249927,
      -0.0009268177736471866,
      0.0,
      -0.005994476481139132,
      -0.0052772368434211995,
      -0.001375628361859798,
      -4.568668899978989e-05,
      -0.02599833894334939,
      -0.02052172959483309,
      -0.062278112130837185,
      0.0,
      -0.013621691428729944
    ],
    [
      -0.0412352186218947,
      -0.0031696272785516383,
      -0.00039549174668003685,
      -0.0006056889776185549,
      0.0,
      0.000272255809445591,
      -0.0003388155415490695,
      -0.0027341961208448,
      5.033691020310761e-05,
      -0.0204365228077291,
      -0.008642929605775552,
      -0.0412352186218947,
      0.0,
      -0.010929338489518246
    ]
  ],
  "action_library": [
    {
      "type": "recruit",
      "magnitude": 1.0
    },
    {
      "type": "recruit",
      "magnitude": 2.0
    },
    {
      "type": "recruit",
      "magnitude": 3.0
    },
    {
      "type": "adjust_dose",
      "magnitude": -0.1
    },
    {
      "type": "adjust_dose",
      "magnitude": 0.1
    },
    {
      "type": "hold_enrollment",
      "magnitude": 0.0
    },
    {
      "type": "file_interim_report",
      "magnitude": 0.0
    },
    {
      "type": "implement_amendment",
      "magnitude": 0.0
    },
    {
      "type": "noop",
      "magnitude": 0.0
    }
  ],
  "metadata": {
    "step": 14500,
    "mean_reward": -1.7056815073516367,
    "resume_from_checkpoint": null
  }
}