{
  "format_version": 1,
  "policy_type": "linear_softmax",
  "weights": [
    [
      0.03623035418173009,
      0.00010615608819109396,
      -0.0009642321497918837,
      -2.139690941373893e-05,
      0.0,
      -0.004385213395753692,
      -0.004413612789041718,
      0.0016668379505795645,
      -0.00016309633223832092,
      0.023225955993848357,
      -0.018934252236842024,
      0.03623035418173009,
      0.0,
      0.015256952435714895
    ],
    [
      0.2259278584781737,
      0.02025948255892739,
      -0.0009669058629419229,
      -0.0004928423188063304,
      0.0,
      -0.002699661884369398,
      -0.002309829637345366,
      0.00435656821663866,
      -3.625588133271613e-05,
      0.11549584578432658,
      0.005718189419728051,
      0.2259278584781737,
      0.0,
      0.03835397014104891
    ],
    [
      0.3430954220489146,
      0.027834986159902337,
      0.0008332989148286131,
      -0.00025418595432913317,
      0.0,
      0.003434810382221589,
      0.003610945164943054,
      0.006207618458364816,
      8.637633293912844e-05,
      0.16757412196349084,
      0.020123280225714815,
      0.3430954220489146,
      0.0,
      0.05257645491588417
    ],
    [
      -0.015159186703883231,
      0.003288420353537905,
      0.00030490648596231116,
      -0.00020619771264272378,
      0.0,
      0.0008189895011856205,
      0.0016027740181147213,
      -0.00028364230436716897,
      6.79688971131356e-06,
      -0.008370674629371492,
      0.012236124751025285,
      -0.015159186703883231,
      0.0,
      -0.0019528439163873823
    ],
    [
      -0.005956310261838627,
      -0.006098367734668333,
      0.0002948057397941687,
      0.0003033433729918336,
      0.0,
      0.0005266191057733366,
      -0.00021168860375236039,
      -0.0014404047445283777,
      1.8509275491020504e-05,
      -0.004567398587575041,
      -0.0056351210400624714,
      -0.005956310261838627,
      0.0,
      -0.004849855636333731
    ],
    [
      -0.4971233554680048,
      -0.03332557246668178,
      -0.0002693207979166078,
      -9.241137848808725e-05,
      0.0,
      -0.0012394688668254947,
      -0.0011442468608792741,
      -0.008042814885990204,
      -3.565364541290214e-05,
      -0.24754256850146755,
      0.0013012712837243672,
      -0.4971233554680048,
      0.0,
      -0.07712535013140322
    ],
    [
      -0.014694853066957142,
      -0.004705748881805798,
      0.0018408416210355053,
      0.0016520600457027963,
      0.0,
      0.007479742249454417,
      0.006856859602903345,
      0.0002644837429265108,
      0.0001612446599348014,
      -0.013265467020968752,
      0.010357832567505797,
      -0.014694853066957142,
      0.0,
      -0.0038902154135983117
    ],
    [
      -0.0472622674441266,
      -0.006372381405757961,
      -0.0010447550522431218,
      -0.0007044234001243625,
      0.0,
      -0.004078954770906491,
      -0.0038734594505152537,
      -0.0005158510211780138,
      -2.7510747842467493e-05,
      -0.01992227566844828,
      -0.020521933122414418,
      -0.0472622674441266,
      0.0,
      -0.011242737602028586
    ],
    [
      -0.0250576617640059,
      -0.0009869746716452837,
      -2.8638898727047233e-05,
      -0.00018394574489025983,
      0.0,
      0.0001431376792200853,
      -0.0001177414444270936,
      -0.0022127954124457807,
      -1.0410551249858134e-05,
      -0.012627539333834753,
      -0.00464539184838011,
      -0.0250576617640059,
      0.0,
      -0.00712637479289496
    ]
  ],
  "action_library": [
    {
      "type": "recruit",
      "magnitude": 1.0
    },
    {
      "type": "recruit",
      "magnitude": 2.0
    },
    {
      "type": "recruit",
      "magnitude": 3.0
    },
    {
      "type": "adjust_dose",
      "magnitude": -0.1
    },
    {
      "type": "adjust_dose",
      "magnitude": 0.1
    },
    {
      "type": "hold_enrollment",
      "magnitude": 0.0
    },
    {
      "type": "file_interim_report",
      "magnitude": 0.0
    },
    {
      "type": "implement_amendment",
      "magnitude": 0.0
    },
    {
      "type": "noop",
      "magnitude": 0.0
    }
  ],
  "metadata": {
    "step": 8500,
    "mean_reward": -1.4666040916126937,
    "resume_from_checkpoint": null
  }
}