{
  "format_version": 1,
  "policy_type": "linear_softmax",
  "weights": [
    [
      0.050699249679856416,
      0.00455201412062433,
      -0.0010257120554513074,
      -0.00014040966238636953,
      0.0,
      -0.004840921954215125,
      -0.0049111043448722995,
      0.0019145825985537772,
      -0.0001523017597858889,
      0.030383368699849277,
      -0.008917945832556909,
      0.050699249679856416,
      0.0,
      0.01631640146529076
    ],
    [
      0.16735934986661083,
      0.01389308204766808,
      -0.0009812220323428887,
      -0.0005820765646167421,
      0.0,
      -0.002610801101133757,
      -0.002073967402363693,
      0.003199544949613445,
      -4.270521764832284e-05,
      0.08635942721266725,
      -0.00037998148525915636,
      0.16735934986661083,
      0.0,
      0.028202737471542425
    ],
    [
      0.23217175577387505,
      0.015543304899811804,
      0.0008605800180007928,
      -2.6063075976487452e-05,
      0.0,
      0.003341108554989794,
      0.0031654589772065903,
      0.0040664398864787565,
      7.653698177650935e-05,
      0.11255159071111515,
      0.006663552758808265,
      0.23217175577387505,
      0.0,
      0.03520423120865986
    ],
    [
      -0.0019101268187405622,
      0.006249346013770811,
      0.0006209254728203172,
      -9.626953541109648e-05,
      0.0,
      0.002935660613298706,
      0.00317120678311598,
      0.00018342764344446397,
      9.047944805165845e-05,
      -0.003433234892814973,
      0.01641789984952687,
      -0.0019101268187405622,
      0.0,
      0.0008935460252297403
    ],
    [
      -0.0013144907364621699,
      -0.004981489327672248,
      5.249434426350374e-05,
      0.00033113719519920284,
      0.0,
      -0.0006269715612448355,
      -0.0009729206059074347,
      -0.0008385999287195813,
      -4.068219194479813e-05,
      -0.0008341719054219904,
      -0.006716567792764407,
      -0.0013144907364621699,
      0.0,
      -0.003877983577405555
    ],
    [
      -0.3889019883379584,
      -0.027457378885995264,
      -0.0002652819121652087,
      -4.2960838676643306e-05,
      0.0,
      -0.0009144573846238573,
      -0.0008484689726829556,
      -0.006776324144475956,
      -2.564387642295418e-05,
      -0.1935414096769873,
      0.001050793112021594,
      -0.3889019883379584,
      0.0,
      -0.061866907396310115
    ],
    [
      -0.003904770957233304,
      -0.0002951154083230308,
      0.0015413449955173895,
      0.0012284474232228666,
      0.0,
      0.006247500276055085,
      0.005870127668172861,
      0.000696012119838424,
      0.00013366166205835874,
      -0.007096290644692759,
      0.01319111506495458,
      -0.003904770957233304,
      0.0,
      -0.0006872079634657147
    ],
    [
      -0.038258059787096156,
      -0.006203882215477649,
      -0.0008471175043561591,
      -0.0006702320537896612,
      0.0,
      -0.0037643935896057457,
      -0.0033359883259638312,
      -0.0007789362007566697,
      -4.09192904472648e-05,
      -0.01623767996612937,
      -0.019497052547819745,
      -0.038258059787096156,
      0.0,
      -0.009504302048309252
    ],
    [
      -0.015940918682851794,
      -0.0012998812444071429,
      4.3988673713575806e-05,
      -1.5728875650669375e-06,
      0.0,
      0.00023327614647974192,
      -6.434377670522332e-05,
      -0.0016661469239766817,
      1.5742443627021616e-06,
      -0.008151599537585694,
      -0.0018118131269113265,
      -0.015940918682851794,
      0.0,
      -0.004680515185231343
    ]
  ],
  "action_library": [
    {
      "type": "recruit",
      "magnitude": 1.0
    },
    {
      "type": "recruit",
      "magnitude": 2.0
    },
    {
      "type": "recruit",
      "magnitude": 3.0
    },
    {
      "type": "adjust_dose",
      "magnitude": -0.1
    },
    {
      "type": "adjust_dose",
      "magnitude": 0.1
    },
    {
      "type": "hold_enrollment",
      "magnitude": 0.0
    },
    {
      "type": "file_interim_report",
      "magnitude": 0.0
    },
    {
      "type": "implement_amendment",
      "magnitude": 0.0
    },
    {
      "type": "noop",
      "magnitude": 0.0
    }
  ],
  "metadata": {
    "step": 5600,
    "mean_reward": -1.6173744999515534,
    "resume_from_checkpoint": null
  }
}