{
  "format_version": 1,
  "policy_type": "linear_softmax",
  "weights": [
    [
      0.05078909359012561,
      0.0057735442698802365,
      -0.0009507702484824634,
      -0.00011645495777597244,
      0.0,
      -0.0045020750935390215,
      -0.0045330805387790735,
      0.002279696758438806,
      -0.00013646686443981174,
      0.030037793444291663,
      -0.0076768811340361615,
      0.05078909359012561,
      0.0,
      0.01620679114197424
    ],
    [
      0.16083652298153336,
      0.01247517016543272,
      -0.0009282376299000153,
      -0.0005448264701879188,
      0.0,
      -0.002410793790737472,
      -0.00186943215024213,
      0.0028463013748872648,
      -5.162668075797989e-05,
      0.08316893989915661,
      -0.0009402059834998256,
      0.16083652298153336,
      0.0,
      0.027049380016631673
    ],
    [
      0.2210157128009739,
      0.01559184604140219,
      0.0007253341405943694,
      -1.738044572872685e-05,
      0.0,
      0.0029558475569258272,
      0.002736042206606012,
      0.0038996129470306702,
      6.211588402747836e-05,
      0.10759468203905369,
      0.005530114435219535,
      0.2210157128009739,
      0.0,
      0.03335671211959568
    ],
    [
      -0.0008312433567662397,
      0.005768507067850174,
      0.0005000641932004289,
      -0.00015382264721316676,
      0.0,
      0.0022844737214203327,
      0.002571455860143288,
      -1.0793989771139842e-05,
      6.838083239121041e-05,
      -0.0025602187414107847,
      0.016377205120497514,
      -0.0008312433567662397,
      0.0,
      0.001160045343252881
    ],
    [
      -0.0005552929218596125,
      -0.0048296471943500095,
      0.00015707721237337774,
      0.0003623469740620004,
      0.0,
      -0.00024256384550710116,
      -0.0005894023644156085,
      -0.0007053615943960817,
      -1.0676067733532358e-05,
      -0.0009392888467716696,
      -0.006287878727948127,
      -0.0005552929218596125,
      0.0,
      -0.003518669957490756
    ],
    [
      -0.3770239490692474,
      -0.027122404054869566,
      -0.00022185285799487882,
      -4.0390975650116474e-05,
      0.0,
      -0.0009433606854146944,
      -0.0008697361608840442,
      -0.006613867276640709,
      -2.5372207171401023e-05,
      -0.187548209608798,
      0.00048748927337355743,
      -0.3770239490692474,
      0.0,
      -0.060094130907119514
    ],
    [
      -0.003477003538832146,
      0.00029700220807005005,
      0.0014861608778591556,
      0.0011290160369532472,
      0.0,
      0.006218909176798566,
      0.005799653531614551,
      0.0006109482457655508,
      0.00014374306832233295,
      -0.006871675170062693,
      0.012603887198156836,
      -0.003477003538832146,
      0.0,
      -0.0006343515282933947
    ],
    [
      -0.03486094246338928,
      -0.006023173184482487,
      -0.00080828837451671,
      -0.0006742619083263875,
      0.0,
      -0.0036396987812264245,
      -0.0031795935444404707,
      -0.0007089065996086443,
      -4.3528188593691933e-05,
      -0.014817817301711741,
      -0.01760698355727766,
      -0.03486094246338928,
      0.0,
      -0.008649927062638577
    ],
    [
      -0.015892898022538637,
      -0.001930845318933721,
      4.0512686866749344e-05,
      5.577439386704202e-05,
      0.0,
      0.0002792617412800109,
      -6.590683960250997e-05,
      -0.0015976298657057434,
      -6.569776044605088e-06,
      -0.008064205713747026,
      -0.0024867466244858335,
      -0.015892898022538637,
      0.0,
      -0.0048758491659117225
    ]
  ],
  "action_library": [
    {
      "type": "recruit",
      "magnitude": 1.0
    },
    {
      "type": "recruit",
      "magnitude": 2.0
    },
    {
      "type": "recruit",
      "magnitude": 3.0
    },
    {
      "type": "adjust_dose",
      "magnitude": -0.1
    },
    {
      "type": "adjust_dose",
      "magnitude": 0.1
    },
    {
      "type": "hold_enrollment",
      "magnitude": 0.0
    },
    {
      "type": "file_interim_report",
      "magnitude": 0.0
    },
    {
      "type": "implement_amendment",
      "magnitude": 0.0
    },
    {
      "type": "noop",
      "magnitude": 0.0
    }
  ],
  "metadata": {
    "step": 5300,
    "mean_reward": -4.210904007190753,
    "resume_from_checkpoint": null
  }
}