{
  "format_version": 1,
  "policy_type": "linear_softmax",
  "weights": [
    [
      0.05169879468525496,
      0.004996313191801471,
      -0.0009723113825733628,
      -0.00012178500565903029,
      0.0,
      -0.004541773111381259,
      -0.004602015388933275,
      0.0019226501558008767,
      -0.00012873511561215385,
      0.03065331662171476,
      -0.008248487105661059,
      0.05169879468525496,
      0.0,
      0.016622456107018752
    ],
    [
      0.17087895088321864,
      0.015473887965295906,
      -0.0009591935491335581,
      -0.000595083570376457,
      0.0,
      -0.002639857576744776,
      -0.0020805588124927507,
      0.00331276100596477,
      -4.52841108995517e-05,
      0.08800188935746024,
      0.0010392720399389531,
      0.17087895088321864,
      0.0,
      0.0289473523759625
    ],
    [
      0.23402094195946824,
      0.014957803502488817,
      0.0008617354965314921,
      -2.5929194554357252e-05,
      0.0,
      0.0033850451345559087,
      0.003214945557115806,
      0.004142714181401302,
      6.589304011249454e-05,
      0.11344748296473119,
      0.004771987750237928,
      0.23402094195946824,
      0.0,
      0.0350473726428424
    ],
    [
      -0.0034665736013651865,
      0.00535324389031285,
      0.0005177306412399052,
      -0.00011749602039863168,
      0.0,
      0.0023643035925888017,
      0.002573149078347809,
      8.834402884702532e-05,
      6.52972836858311e-05,
      -0.003723475948772275,
      0.01538047281133313,
      -0.0034665736013651865,
      0.0,
      0.0005892998579443077
    ],
    [
      -0.0009015373723979817,
      -0.004546498582135986,
      6.480156171637862e-05,
      0.00030264791399137463,
      0.0,
      -0.0004863616486908251,
      -0.0008213359295978451,
      -0.0007855551285451261,
      -3.5770177233190565e-05,
      -0.0007668514208735949,
      -0.0059423901699848635,
      -0.0009015373723979817,
      0.0,
      -0.003643973704850298
    ],
    [
      -0.3927298301300328,
      -0.0270196543569861,
      -0.00025411758779752094,
      -2.5244744460295382e-05,
      0.0,
      -0.0009131701840007355,
      -0.0008574255316820306,
      -0.006722669720911739,
      -3.123908174958302e-05,
      -0.1954600450119345,
      0.0018583857732056863,
      -0.3927298301300328,
      0.0,
      -0.062378661362054486
    ],
    [
      -0.004133504015613586,
      -0.0006161579326978648,
      0.001551163365767863,
      0.0012573833026445146,
      0.0,
      0.006300606844938397,
      0.005923086285111627,
      0.0006604651544824922,
      0.00013418135602866495,
      -0.007224170985394129,
      0.013356603883828644,
      -0.004133504015613586,
      0.0,
      -0.0005724075482492581
    ],
    [
      -0.03879435667330564,
      -0.007008702335418097,
      -0.0008652519234824718,
      -0.0006573395260569082,
      0.0,
      -0.0038515339686094633,
      -0.0034502926369894523,
      -0.0009374678358020588,
      -4.249822176699884e-05,
      -0.016349785808749125,
      -0.020226925953268037,
      -0.03879435667330564,
      0.0,
      -0.00971358205607722
    ],
    [
      -0.016572885735226965,
      -0.0015902353426612867,
      5.544337773129052e-05,
      -1.7153155130206552e-05,
      0.0,
      0.00038274091734395894,
      0.00010044737912010629,
      -0.0016812418412375807,
      1.815502743448672e-05,
      -0.008578359768183174,
      -0.001988919029630585,
      -0.016572885735226965,
      0.0,
      -0.004897856312536002
    ]
  ],
  "action_library": [
    {
      "type": "recruit",
      "magnitude": 1.0
    },
    {
      "type": "recruit",
      "magnitude": 2.0
    },
    {
      "type": "recruit",
      "magnitude": 3.0
    },
    {
      "type": "adjust_dose",
      "magnitude": -0.1
    },
    {
      "type": "adjust_dose",
      "magnitude": 0.1
    },
    {
      "type": "hold_enrollment",
      "magnitude": 0.0
    },
    {
      "type": "file_interim_report",
      "magnitude": 0.0
    },
    {
      "type": "implement_amendment",
      "magnitude": 0.0
    },
    {
      "type": "noop",
      "magnitude": 0.0
    }
  ],
  "metadata": {
    "step": 5700,
    "mean_reward": -4.197994240485937,
    "resume_from_checkpoint": null
  }
}