{
  "format_version": 1,
  "policy_type": "linear_softmax",
  "weights": [
    [
      0.040344987549605124,
      0.0024563188760864723,
      -0.0007027179120314963,
      4.9428167362994626e-05,
      0.0,
      -0.0034967651388322597,
      -0.0036378259799785986,
      0.0011633138154549549,
      -0.00010648649317491194,
      0.02377131365950679,
      -0.006905960704641149,
      0.040344987549605124,
      0.0,
      0.010584324909859694
    ],
    [
      0.09952419865305787,
      0.010385732433597148,
      -0.0002915539443201292,
      -0.00023723067215314223,
      0.0,
      -0.001064529498822166,
      -0.0005924474358666556,
      0.002278976087020799,
      -4.811414801763315e-05,
      0.05029973533526952,
      0.00488988648207802,
      0.09952419865305787,
      0.0,
      0.017542952213375797
    ],
    [
      0.12451156799994806,
      0.006163029096737625,
      0.00048602717590166686,
      -0.00010988571361934729,
      0.0,
      0.0022475353792331793,
      0.002141051791889946,
      0.002069404382521501,
      5.810172136444918e-05,
      0.06047567063627423,
      0.002118248634358996,
      0.12451156799994806,
      0.0,
      0.0188977776122409
    ],
    [
      -0.0012504917431771273,
      0.003036574770996985,
      5.5410868093202316e-05,
      -0.00018718498453034163,
      0.0,
      0.0007233949449399055,
      0.0007407763806383752,
      -0.0002934754554532736,
      3.3958714251625796e-05,
      -0.001251559445169097,
      0.0072259199106897406,
      -0.0012504917431771273,
      0.0,
      1.4369103366210191e-05
    ],
    [
      3.9598073882278885e-05,
      -0.0027518874806400253,
      6.014380240034084e-06,
      0.00016549649612773127,
      0.0,
      -0.00014038400435039224,
      -0.00028183336392052354,
      -0.0004731398702846379,
      5.534790095315863e-06,
      5.067580098735887e-06,
      -0.002595391259046435,
      3.9598073882278885e-05,
      0.0,
      -0.0012729717314971887
    ],
    [
      -0.23115453917713136,
      -0.015037590464536255,
      -4.838321609704319e-05,
      3.274737021885288e-05,
      0.0,
      3.47392933153963e-05,
      1.6010507692550226e-05,
      -0.003539959211516853,
      9.851634733797753e-06,
      -0.11542990315987375,
      0.003480114508418219,
      -0.23115453917713136,
      0.0,
      -0.037331313274921306
    ],
    [
      -0.006380997575705194,
      -0.0030520325343586802,
      0.000860923225417712,
      0.0004585537596326408,
      0.0,
      0.003732890574114226,
      0.0036369023979910997,
      -0.00012976085200471765,
      8.472503810302662e-05,
      -0.0065661582649276275,
      0.0026787440237734618,
      -0.006380997575705194,
      0.0,
      -0.0018797355262909331
    ],
    [
      -0.015760275267510226,
      0.0010063814310069948,
      -0.0002572383784067214,
      -0.0002500996496719542,
      0.0,
      -0.0013468429729149955,
      -0.001064433567723869,
      0.0006884711983984137,
      -4.961748645782485e-07,
      -0.007012958313593981,
      -0.0047671145446874725,
      -0.015760275267510226,
      0.0,
      -0.0035000363955805963
    ],
    [
      -0.009874048512969136,
      -0.0022065261288901836,
      -0.0001084821987972174,
      7.817522663256508e-05,
      0.0,
      -0.0006900385766828828,
      -0.0009582007307223213,
      -0.0017638300941361662,
      -3.707508249109157e-05,
      -0.00429120802758444,
      -0.0061244470509435826,
      -0.009874048512969136,
      0.0,
      -0.003055366910552768
    ]
  ],
  "action_library": [
    {
      "type": "recruit",
      "magnitude": 1.0
    },
    {
      "type": "recruit",
      "magnitude": 2.0
    },
    {
      "type": "recruit",
      "magnitude": 3.0
    },
    {
      "type": "adjust_dose",
      "magnitude": -0.1
    },
    {
      "type": "adjust_dose",
      "magnitude": 0.1
    },
    {
      "type": "hold_enrollment",
      "magnitude": 0.0
    },
    {
      "type": "file_interim_report",
      "magnitude": 0.0
    },
    {
      "type": "implement_amendment",
      "magnitude": 0.0
    },
    {
      "type": "noop",
      "magnitude": 0.0
    }
  ],
  "metadata": {
    "step": 2800,
    "mean_reward": -4.226352336941315,
    "resume_from_checkpoint": null
  }
}