{
  "format_version": 1,
  "policy_type": "linear_softmax",
  "weights": [
    [
      0.038629166674534886,
      0.0005922808002101698,
      -0.0010049282229133958,
      -7.45359269591325e-05,
      0.0,
      -0.004574793772814563,
      -0.004557708358665,
      0.0017745683625851499,
      -0.0001554075455382152,
      0.024526953152955163,
      -0.018415997552265907,
      0.038629166674534886,
      0.0,
      0.015390544129967572
    ],
    [
      0.22347149108460554,
      0.02126571388341489,
      -0.0009284968047779064,
      -0.0004965502501402267,
      0.0,
      -0.0025020356469475104,
      -0.002137003909907628,
      0.00429938647831662,
      -3.356923315707867e-05,
      0.11400444771406672,
      0.006713365933254941,
      0.22347149108460554,
      0.0,
      0.038216857880552305
    ],
    [
      0.3356049505373991,
      0.027237683283355397,
      0.0007212088387725009,
      -0.00023949269498680544,
      0.0,
      0.0028997281690879687,
      0.0030764914935812967,
      0.006042490067741836,
      6.856240334421852e-05,
      0.1644152553613613,
      0.01874900311618688,
      0.3356049505373991,
      0.0,
      0.05153151517385392
    ],
    [
      -0.014924073809443491,
      0.002409973633917942,
      0.00040440059297790426,
      -0.00013281281309018622,
      0.0,
      0.0011150889936740196,
      0.001796897052797538,
      -0.0004780558090992349,
      1.1392915113575951e-05,
      -0.0086304138098893,
      0.011866996093967356,
      -0.014924073809443491,
      0.0,
      -0.0019791795824842954
    ],
    [
      -0.005802001171501696,
      -0.00650493488168887,
      0.0003306164589582302,
      0.0003054770624451649,
      0.0,
      0.0007778368565855193,
      3.526930345520301e-05,
      -0.0013213817400249074,
      1.9361293631201666e-05,
      -0.004610624724252546,
      -0.005977805437372971,
      -0.005802001171501696,
      0.0,
      -0.004899252229867363
    ],
    [
      -0.49044439810002044,
      -0.03309214443453243,
      -0.0002988683719909042,
      -9.315826067386149e-05,
      0.0,
      -0.0013683741537375818,
      -0.0012503160982096453,
      -0.007998091647490357,
      -3.90174172434249e-05,
      -0.24405920890000207,
      0.0016550673160863455,
      -0.49044439810002044,
      0.0,
      -0.0763106049884228
    ],
    [
      -0.014177298688573257,
      -0.00467165124479969,
      0.0017970848517116353,
      0.0015897742469668337,
      0.0,
      0.007283614276192166,
      0.006720928716246117,
      0.00027045897531858875,
      0.00015598229248267776,
      -0.012912576785666869,
      0.010664608246113677,
      -0.014177298688573257,
      0.0,
      -0.0037235199846833416
    ],
    [
      -0.04771754575059748,
      -0.006913345898369847,
      -0.0010209982439594871,
      -0.0006798287747765906,
      0.0,
      -0.003945841933252349,
      -0.0037561450136187387,
      -0.0005012301399632695,
      -2.3129744050322665e-05,
      -0.02021767398533506,
      -0.020904735273993693,
      -0.04771754575059748,
      0.0,
      -0.011340629074502452
    ],
    [
      -0.024640290776404603,
      -0.0003235751415080771,
      -1.90987785630486e-08,
      -0.00017887258878520178,
      0.0,
      0.0003147772112122999,
      7.158681432090505e-05,
      -0.002088144547384411,
      -4.174964582633967e-06,
      -0.01251615802323883,
      -0.004350502441977216,
      -0.024640290776404603,
      0.0,
      -0.006885731324411507
    ]
  ],
  "action_library": [
    {
      "type": "recruit",
      "magnitude": 1.0
    },
    {
      "type": "recruit",
      "magnitude": 2.0
    },
    {
      "type": "recruit",
      "magnitude": 3.0
    },
    {
      "type": "adjust_dose",
      "magnitude": -0.1
    },
    {
      "type": "adjust_dose",
      "magnitude": 0.1
    },
    {
      "type": "hold_enrollment",
      "magnitude": 0.0
    },
    {
      "type": "file_interim_report",
      "magnitude": 0.0
    },
    {
      "type": "implement_amendment",
      "magnitude": 0.0
    },
    {
      "type": "noop",
      "magnitude": 0.0
    }
  ],
  "metadata": {
    "step": 8300,
    "mean_reward": -1.6561482404509618,
    "resume_from_checkpoint": null
  }
}