{
  "format_version": 1,
  "policy_type": "linear_softmax",
  "weights": [
    [
      -0.0007903565501795643,
      0.003073409949227087,
      -0.001353045080862388,
      -0.00020259549927365605,
      0.0,
      -0.005637055997129699,
      -0.005182372257637385,
      0.0025504699769228934,
      -0.00016734556343383684,
      0.006235572102532332,
      -0.016296476185735542,
      -0.0007903565501795643,
      0.0,
      0.015034196477821076
    ],
    [
      0.2947328499067451,
      0.024312613613821303,
      -0.0010467529149948307,
      -0.000874660037208815,
      0.0,
      -0.002578689270189007,
      -0.0023822636478539492,
      0.004793749613820665,
      1.3931500672169394e-06,
      0.15006749696505825,
      0.00799683197068857,
      0.2947328499067451,
      0.0,
      0.0494264410739036
    ],
    [
      0.5044332268645841,
      0.03370749062458659,
      0.00030422676304817857,
      -0.0005479412797115089,
      0.0,
      0.0007415376517529206,
      0.0008141139860096598,
      0.008029849722083033,
      -4.643005822476158e-05,
      0.2510483526668903,
      0.008129974505156115,
      0.5044332268645841,
      0.0,
      0.07049419676612831
    ],
    [
      -0.026476523067174462,
      0.002267487572742345,
      0.0007318640841438048,
      -0.0003019289430170402,
      0.0,
      0.002503499234041686,
      0.0030781327148912173,
      -0.00030514939313414145,
      2.797963679002105e-05,
      -0.016105571115804334,
      0.012410345907341533,
      -0.026476523067174462,
      0.0,
      -0.004580603644923536
    ],
    [
      -0.006399057258291598,
      -0.005746342290445197,
      7.53811745361773e-05,
      0.0005592634351989694,
      0.0,
      -0.001401270353315798,
      -0.0018854151161126658,
      -0.0015452517907765843,
      -7.407573494804783e-05,
      -0.003693138428837452,
      -0.0021826026954341435,
      -0.006399057258291598,
      0.0,
      -0.005000863046016078
    ],
    [
      -0.6478073185917325,
      -0.04062101678885472,
      -0.00040733832940086334,
      -7.47801287100592e-05,
      0.0,
      -0.0014188857691402436,
      -0.001520721239467825,
      -0.009889591886984178,
      -2.2809795451306757e-05,
      -0.3222835597038442,
      -0.0006853786166172528,
      -0.6478073185917325,
      0.0,
      -0.09747530427488635
    ],
    [
      -0.017054370668656487,
      -0.006162799566284377,
      0.0034585137599698825,
      0.0029188372874298283,
      0.0,
      0.01314108950121225,
      0.012164325172764827,
      0.0003980801454211125,
      0.00027151654117878865,
      -0.019696662136294788,
      0.01735807888444083,
      -0.017054370668656487,
      0.0,
      -0.004155590124639108
    ],
    [
      -0.062339529133990684,
      -0.008988176520994947,
      -0.0014387901261966663,
      -0.0008805734787771643,
      0.0,
      -0.005969272179382047,
      -0.005247395969598843,
      -0.0013994618672256921,
      -5.651414053218501e-05,
      -0.026132884156201425,
      -0.02048270981324635,
      -0.062339529133990684,
      0.0,
      -0.013516219726698656
    ],
    [
      -0.038298921501294866,
      -0.0018426665937973598,
      -0.0003240593302432835,
      -0.0005956213559305641,
      0.0,
      0.0006190471821499359,
      0.0001615963570050533,
      -0.002632694520127102,
      6.628596455410878e-05,
      -0.019439606193496512,
      -0.006248063956594004,
      -0.038298921501294866,
      0.0,
      -0.010226253500688495
    ]
  ],
  "action_library": [
    {
      "type": "recruit",
      "magnitude": 1.0
    },
    {
      "type": "recruit",
      "magnitude": 2.0
    },
    {
      "type": "recruit",
      "magnitude": 3.0
    },
    {
      "type": "adjust_dose",
      "magnitude": -0.1
    },
    {
      "type": "adjust_dose",
      "magnitude": 0.1
    },
    {
      "type": "hold_enrollment",
      "magnitude": 0.0
    },
    {
      "type": "file_interim_report",
      "magnitude": 0.0
    },
    {
      "type": "implement_amendment",
      "magnitude": 0.0
    },
    {
      "type": "noop",
      "magnitude": 0.0
    }
  ],
  "metadata": {
    "step": 14200,
    "mean_reward": -0.8268746278409774,
    "resume_from_checkpoint": null
  }
}