{
  "format_version": 1,
  "policy_type": "linear_softmax",
  "weights": [
    [
      -0.00986602303655199,
      -0.005387519066193655,
      -0.0019092466816455751,
      -0.0009027246870737757,
      -0.00045677890088002197,
      -0.004200223650179782,
      1.5067099281565916e-05,
      -0.0020027247306526877,
      -0.0024739142159222057,
      -0.0010163362988553104,
      -0.008148656899837691
    ],
    [
      0.011580709915372115,
      0.006037060772160521,
      0.008711269205577623,
      0.007879901335076843,
      0.00041983123079847724,
      0.0008702267686670304,
      7.5137357514937714e-06,
      0.003581980654222671,
      0.0025566718348021063,
      0.002479154169729571,
      -0.0005529802789400279
    ],
    [
      0.025890769898040296,
      0.009644837257323591,
      0.011288043459606607,
      0.010962651131718217,
      -0.00013564304989107824,
      0.00040512327585989983,
      -9.397099948695564e-06,
      0.005462178181425426,
      0.003674089023201453,
      0.0070018463736302135,
      0.0014906077165928928
    ],
    [
      -0.003834615080552003,
      -0.001602740694531562,
      -0.00022140348830465445,
      -0.0006217363739530593,
      0.00030473701698666383,
      0.000661587039761978,
      -2.8335499847561283e-05,
      -0.00020733895914164238,
      -0.0003724021351701016,
      -0.0015834780043437581,
      -0.0011374518050072861
    ],
    [
      0.0010254825708305784,
      -0.000697955823078658,
      -0.0016163801103683138,
      -0.0014496066844976864,
      -9.797635134412667e-06,
      -0.00047954621813565257,
      3.0078731194663577e-06,
      -0.0009798678110330857,
      -0.0002987573002241341,
      0.0005189284342071728,
      0.0008613779427386816
    ],
    [
      -0.00842048964210708,
      -0.00286394511259245,
      -0.00795351067623275,
      -0.008018263724723706,
      9.319332114362428e-05,
      0.0011920167444401408,
      -8.984587342185234e-06,
      -0.0026362050165742944,
      -0.0013006287212764798,
      -0.0011130730929396016,
      0.004691402032241367
    ],
    [
      0.0006297127629282087,
      0.0008272626324411131,
      -0.0014642990563849437,
      -0.0014069095637805457,
      -8.72032583984845e-06,
      0.0006624018339470377,
      2.957047325320124e-06,
      -0.0003369529540951513,
      0.0001575575452912728,
      -7.581865646568307e-05,
      0.004658278989932598
    ],
    [
      -0.015979845408080215,
      -0.005909012375748326,
      -0.005279540557946927,
      -0.0048250791215640396,
      -0.00021026247541137947,
      0.0006241126042025305,
      3.1631340435815366e-06,
      -0.0025090908339822143,
      -0.001880535047519938,
      -0.005999407538671059,
      -0.004744967196729096
    ],
    [
      -0.0010257019798799176,
      -4.798758978056406e-05,
      -0.0015549320943010374,
      -0.0016182323112022565,
      3.440818227976304e-06,
      0.00026430160143682736,
      1.5008297617014388e-05,
      -0.00037197853016896366,
      -6.208098318197011e-05,
      -0.00021181538629159178,
      0.002882389499008549
    ]
  ],
  "action_library": [
    {
      "type": "recruit",
      "magnitude": 1.0
    },
    {
      "type": "recruit",
      "magnitude": 2.0
    },
    {
      "type": "recruit",
      "magnitude": 3.0
    },
    {
      "type": "adjust_dose",
      "magnitude": -0.1
    },
    {
      "type": "adjust_dose",
      "magnitude": 0.1
    },
    {
      "type": "hold_enrollment",
      "magnitude": 0.0
    },
    {
      "type": "file_interim_report",
      "magnitude": 0.0
    },
    {
      "type": "implement_amendment",
      "magnitude": 0.0
    },
    {
      "type": "noop",
      "magnitude": 0.0
    }
  ],
  "metadata": {
    "step": 400,
    "mean_reward": -5.449759424603174
  }
}