{
  "format_version": 1,
  "policy_type": "linear_softmax",
  "weights": [
    [
      0.02540656295540577,
      0.0020341210223756086,
      -0.0007763577704729755,
      -0.0001107345811560207,
      0.0,
      -0.003499285473100026,
      -0.0035003691789848262,
      0.001968987242323665,
      -0.0001355865051157456,
      0.016876088743567774,
      -0.018678255059290327,
      0.02540656295540577,
      0.0,
      0.014827165419898463
    ],
    [
      0.24492907267660108,
      0.02126284127960864,
      -0.0012153766965443057,
      -0.000622189426675754,
      0.0,
      -0.0035903621636444345,
      -0.0031783572150475337,
      0.004569887924210881,
      -6.813546443543888e-05,
      0.12617720887038658,
      0.004292566111507345,
      0.24492907267660108,
      0.0,
      0.041015953435849975
    ],
    [
      0.38205894499764065,
      0.02884223121936931,
      0.0006355942694928553,
      -0.0003810408993008986,
      0.0,
      0.0029250553295365462,
      0.0029479651823925038,
      0.006628323274350614,
      5.397463292729127e-05,
      0.1881815559484743,
      0.016508491726562345,
      0.38205894499764065,
      0.0,
      0.056878416666247364
    ],
    [
      -0.015173419280165764,
      0.0052968360944937514,
      0.0008383593996859734,
      -0.0003370185286235793,
      0.0,
      0.0025666242932577276,
      0.0035541845393734003,
      8.917013261775398e-05,
      6.441108590069731e-05,
      -0.010973818760381586,
      0.013759847261635582,
      -0.015173419280165764,
      0.0,
      -0.0024258359857690934
    ],
    [
      -0.000546432773580859,
      -0.002925695655741548,
      0.0003024914173900383,
      0.0005075194643430912,
      0.0,
      5.4773347791116773e-05,
      -0.0007067846982061969,
      -0.0012380846233573225,
      -9.954303020728696e-06,
      -0.0016586020951433686,
      0.0007256719765535065,
      -0.000546432773580859,
      0.0,
      -0.0030221468570292534
    ],
    [
      -0.537148342433619,
      -0.03557174234721334,
      -0.00028121463401765447,
      -5.894410848385062e-05,
      0.0,
      -0.00134046052884056,
      -0.001303390738042502,
      -0.008699158573571635,
      -3.9385284652664493e-05,
      -0.2676274415290333,
      0.0013663170748239005,
      -0.537148342433619,
      0.0,
      -0.08264686970637922
    ],
    [
      -0.016692316599807744,
      -0.008147218845706773,
      0.002254325895057097,
      0.0019796311162989136,
      0.0,
      0.0088812294351377,
      0.00800605567148317,
      8.155637985480663e-05,
      0.00018246906549381856,
      -0.015478220903336623,
      0.009023831272228089,
      -0.016692316599807744,
      0.0,
      -0.004663815941097797
    ],
    [
      -0.04909417055431125,
      -0.006986380974175012,
      -0.001085862630067879,
      -0.0007069299824885838,
      0.0,
      -0.004330734003048244,
      -0.003950184366056753,
      -0.000726323511450832,
      -1.8735238982041306e-05,
      -0.020751889020290397,
      -0.018696078415962405,
      -0.04909417055431125,
      0.0,
      -0.010977777730142106
    ],
    [
      -0.03373989898815609,
      -0.003804991793010875,
      -0.0006719592505231423,
      -0.000270293053913325,
      0.0,
      -0.0016668402370898278,
      -0.0018691191969111608,
      -0.002674358244977903,
      -2.9057988115189355e-05,
      -0.014744881254240887,
      -0.008302391948058839,
      -0.03373989898815609,
      0.0,
      -0.008985089301576933
    ]
  ],
  "action_library": [
    {
      "type": "recruit",
      "magnitude": 1.0
    },
    {
      "type": "recruit",
      "magnitude": 2.0
    },
    {
      "type": "recruit",
      "magnitude": 3.0
    },
    {
      "type": "adjust_dose",
      "magnitude": -0.1
    },
    {
      "type": "adjust_dose",
      "magnitude": 0.1
    },
    {
      "type": "hold_enrollment",
      "magnitude": 0.0
    },
    {
      "type": "file_interim_report",
      "magnitude": 0.0
    },
    {
      "type": "implement_amendment",
      "magnitude": 0.0
    },
    {
      "type": "noop",
      "magnitude": 0.0
    }
  ],
  "metadata": {
    "step": 9900,
    "mean_reward": -4.012293055945605,
    "resume_from_checkpoint": null
  }
}