{
  "format_version": 1,
  "policy_type": "linear_softmax",
  "weights": [
    [
      -0.0007856376051523863,
      0.000294390282893221,
      -3.172233033461189e-05,
      2.4949316128968775e-05,
      0.0,
      9.743686582304065e-07,
      -3.3191404936172255e-05,
      6.41396794101364e-05,
      4.3341606523610515e-05,
      -0.00015944651866400098,
      0.0003187796837870101
    ],
    [
      0.0035005505116950837,
      0.0001475563798760666,
      7.323791098619438e-05,
      6.0643024161705e-05,
      0.0,
      0.0005552787799497148,
      0.00023243928455203162,
      2.1984678643049317e-05,
      6.266093420941051e-05,
      0.0014079184226559879,
      0.0003758703270493025
    ],
    [
      0.003619678230381563,
      -0.00013290948175319122,
      -0.0001177786903966993,
      -2.342664313548486e-06,
      0.0,
      -0.0003136394845807098,
      -0.0004488490756587885,
      0.00013607317267054375,
      -3.273049571064179e-06,
      0.002288462665939095,
      -0.0010373848595259054
    ],
    [
      0.002010389393626509,
      0.0007036902718921764,
      5.994208973641966e-05,
      5.9364955056950176e-06,
      0.0,
      0.00029375300396240235,
      0.000261829528691755,
      -4.807175799593251e-05,
      6.55435784147109e-05,
      0.0005972349959641681,
      0.0011635189746842427
    ],
    [
      -0.0003068441799989583,
      -0.00038425669582415283,
      -0.00013341095233340887,
      -5.253812426932698e-05,
      0.0,
      -0.0010191119934810401,
      -0.0005409588946173404,
      -0.00020692835710935716,
      -0.00013714481397287092,
      0.0004971968425879203,
      -0.0005947722268379822
    ],
    [
      -0.0065640691585838054,
      -0.000535641928295839,
      4.5104794231870674e-05,
      2.4901316955270124e-06,
      0.0,
      -5.061598069933119e-05,
      0.00020156519981186393,
      -0.00014282878244563227,
      -3.822671401032038e-05,
      -0.0033930678185151927,
      -0.00018987794002846555
    ],
    [
      0.00044264872662442824,
      0.0004903158003755637,
      0.00010122070880318024,
      2.6948610126197723e-05,
      0.0,
      0.0002486584572871999,
      0.00022950774231579919,
      0.00011910574845269508,
      -4.362228734743286e-05,
      -9.273241793096943e-05,
      0.0005346200015589034
    ],
    [
      -0.0013795650898571232,
      -0.0005813961984988557,
      -2.434974378222624e-05,
      -4.91902961581294e-05,
      0.0,
      -6.338379218590227e-05,
      -1.3004541211870846e-05,
      1.905521823896107e-05,
      3.1590605739557488e-06,
      -0.0006263731262766865,
      -0.0005543319018584518
    ],
    [
      -0.0005371508287353126,
      -1.7484306649857426e-06,
      2.7756213089280975e-05,
      -1.6896492877088642e-05,
      0.0,
      0.00034808664108943707,
      0.00011066216105272214,
      3.7470400135535896e-05,
      4.7561685180000554e-05,
      -0.0005191930457603178,
      -1.6422058828661428e-05
    ]
  ],
  "action_library": [
    {
      "type": "recruit",
      "magnitude": 1.0
    },
    {
      "type": "recruit",
      "magnitude": 2.0
    },
    {
      "type": "recruit",
      "magnitude": 3.0
    },
    {
      "type": "adjust_dose",
      "magnitude": -0.1
    },
    {
      "type": "adjust_dose",
      "magnitude": 0.1
    },
    {
      "type": "hold_enrollment",
      "magnitude": 0.0
    },
    {
      "type": "file_interim_report",
      "magnitude": 0.0
    },
    {
      "type": "implement_amendment",
      "magnitude": 0.0
    },
    {
      "type": "noop",
      "magnitude": 0.0
    }
  ],
  "metadata": {
    "step": 100,
    "mean_reward": -1.4029249554552357
  }
}