{
  "format_version": 1,
  "policy_type": "linear_softmax",
  "weights": [
    [
      -0.020120004535101703,
      -0.006865409682204884,
      -0.0008491468660127308,
      -3.6527215878129864e-05,
      0.0,
      -0.003404475064163301,
      -0.003310319392220747,
      -0.0010615931234592981,
      -0.0003506317622795493,
      -0.005718203471363549,
      -0.008291885433401168,
      -0.020120004535101703,
      0.0,
      -0.004493135571781737
    ],
    [
      0.06021580850929759,
      0.00690367165075254,
      -7.953400925494594e-06,
      -3.5378995528700714e-05,
      0.0,
      0.0010029196250659648,
      0.0001228160445038398,
      0.0014124083845839417,
      0.0001298555737250258,
      0.030033596162116493,
      0.004375822342993119,
      0.06021580850929759,
      0.0,
      0.013923349731758574
    ],
    [
      0.0905395283886011,
      0.008400495879293852,
      0.0004951328369120599,
      0.00018342837781713307,
      0.0,
      0.002592031062559064,
      0.0022135311685864217,
      0.0023575910862375106,
      0.0002718190355289595,
      0.043035213601301005,
      0.004955699973300335,
      0.0905395283886011,
      0.0,
      0.02005841383862822
    ],
    [
      0.006644474809944855,
      0.0030689728045316202,
      0.00020209919391953792,
      6.888757068206849e-05,
      0.0,
      -0.0004686726940338057,
      -0.0001330442554928474,
      0.00026805020963118837,
      -6.888474294896999e-05,
      0.0024835276281127065,
      0.006055511849497336,
      0.006644474809944855,
      0.0,
      0.0015562596951587456
    ],
    [
      -0.0029790685186746164,
      -0.0028815369104228227,
      -0.00012850649096018393,
      -0.0001073643598218354,
      0.0,
      -0.0004982530059772583,
      -0.0003662752327203632,
      -0.00038965092154128573,
      -2.777487959160072e-05,
      -0.000999892212730272,
      -0.002783088683696824,
      -0.0029790685186746164,
      0.0,
      -0.0013970044647402993
    ],
    [
      -0.11655658366692509,
      -0.0067752493516726135,
      0.00029493893029794053,
      0.00018324411264878068,
      0.0,
      0.0009609734194956814,
      0.0007619852159447876,
      -0.0018760307268517133,
      5.5447343413143645e-05,
      -0.05924554752080154,
      0.0016816350394520268,
      -0.11655658366692509,
      0.0,
      -0.02330870366207536
    ],
    [
      0.0039685431542794075,
      0.0020945202332823603,
      0.0004842652176313462,
      0.000171595220621741,
      0.0,
      0.00230772093391115,
      0.0030749942842063067,
      0.00014451342465681026,
      0.00021289354397277676,
      -0.00028033955957244903,
      0.006036339339874083,
      0.0039685431542794075,
      0.0,
      0.00017814656559385364
    ],
    [
      -0.019375680164823002,
      -0.004844984285368782,
      -0.0005114714004636335,
      -0.00039802648201859794,
      0.0,
      -0.002562992445866594,
      -0.002293095634558219,
      -0.0005117233432325606,
      -0.00023738406573155504,
      -0.007643172523092062,
      -0.012393194282695719,
      -0.019375680164823002,
      0.0,
      -0.00587855673208722
    ],
    [
      -0.00233701797659838,
      0.0008995196618089889,
      2.0641979601158018e-05,
      -2.985822852245928e-05,
      0.0,
      7.074816900907417e-05,
      -7.05921982491935e-05,
      -0.0003435649900245858,
      1.4659953911765855e-05,
      -0.0016651821039704875,
      0.00036315985467684037,
      -0.00233701797659838,
      0.0,
      -0.0006387694004549326
    ]
  ],
  "action_library": [
    {
      "type": "recruit",
      "magnitude": 1.0
    },
    {
      "type": "recruit",
      "magnitude": 2.0
    },
    {
      "type": "recruit",
      "magnitude": 3.0
    },
    {
      "type": "adjust_dose",
      "magnitude": -0.1
    },
    {
      "type": "adjust_dose",
      "magnitude": 0.1
    },
    {
      "type": "hold_enrollment",
      "magnitude": 0.0
    },
    {
      "type": "file_interim_report",
      "magnitude": 0.0
    },
    {
      "type": "implement_amendment",
      "magnitude": 0.0
    },
    {
      "type": "noop",
      "magnitude": 0.0
    }
  ],
  "metadata": {
    "step": 1900,
    "mean_reward": -1.5692615349922516,
    "resume_from_checkpoint": null,
    "iteration": 2,
    "benchmark_previous": {
      "episodes": 12,
      "policies": [
        "random",
        "heuristic",
        "trained"
      ]
    },
    "disease_metrics": {
      "random": {
        "type2_diabetes": {
          "total_reward": -1.4636011147052372,
          "composite_efficiency": 0.2764769716381783,
          "efficacy": 0.17901527205548326,
          "safety": -0.75,
          "compliance": -0.7,
          "cost": -0.255,
          "progress": 0.1213235294117647,
          "correction_triggers": 7.75,
          "stage_transitions": 0.0
        },
        "hypertension": {
          "total_reward": -2.8655515958825024,
          "composite_efficiency": 0.2500548365529594,
          "efficacy": 0.2609400772288191,
          "safety": -0.75,
          "compliance": -0.7,
          "cost": -0.735,
          "progress": 0.055723622782446317,
          "correction_triggers": 14.0,
          "stage_transitions": 0.0
        },
        "nsclc": {
          "total_reward": -2.3680542380844742,
          "composite_efficiency": 0.29269954011117383,
          "efficacy": 0.08408673175860883,
          "safety": -0.5,
          "compliance": -0.4,
          "cost": -0.263125,
          "progress": 0.07137254901960785,
          "correction_triggers": 11.75,
          "stage_transitions": 0.0
        }
      },
      "heuristic": {
        "type2_diabetes": {
          "total_reward": -0.50839254155073,
          "composite_efficiency": 0.24909998304051836,
          "efficacy": 0.23244988128362853,
          "safety": -1.0,
          "compliance": -1.0,
          "cost": -0.2175,
          "progress": 0.12,
          "correction_triggers": 2.0,
          "stage_transitions": 0.0
        },
        "hypertension": {
          "total_reward": -0.8666626561275919,
          "composite_efficiency": 0.2669103374334948,
          "efficacy": 0.26361095839989584,
          "safety": -1.0,
          "compliance": -1.0,
          "cost": -0.230625,
          "progress": 0.12,
          "correction_triggers": 3.5,
          "stage_transitions": 0.0
        },
        "nsclc": {
          "total_reward": -0.5330464580566001,
          "composite_efficiency": 0.23903715997689795,
          "efficacy": 0.1620101198382856,
          "safety": -1.0,
          "compliance": -1.0,
          "cost": -0.2175,
          "progress": 0.12,
          "correction_triggers": 2.0,
          "stage_transitions": 0.0
        }
      },
      "trained": {
        "type2_diabetes": {
          "total_reward": -0.50839254155073,
          "composite_efficiency": 0.24909998304051836,
          "efficacy": 0.23244988128362853,
          "safety": -1.0,
          "compliance": -1.0,
          "cost": -0.2175,
          "progress": 0.12,
          "correction_triggers": 2.0,
          "stage_transitions": 0.0
        },
        "hypertension": {
          "total_reward": -0.8766700464910487,
          "composite_efficiency": 0.2526140654856994,
          "efficacy": 0.26361095839989584,
          "safety": -1.0,
          "compliance": -1.0,
          "cost": -0.230625,
          "progress": 0.12,
          "correction_triggers": 3.5,
          "stage_transitions": 0.0
        },
        "nsclc": {
          "total_reward": -0.5330464580566001,
          "composite_efficiency": 0.23903715997689795,
          "efficacy": 0.1620101198382856,
          "safety": -1.0,
          "compliance": -1.0,
          "cost": -0.2175,
          "progress": 0.12,
          "correction_triggers": 2.0,
          "stage_transitions": 0.0
        }
      }
    },
    "phase_metrics": {
      "random": {
        "stage1": {
          "composite_efficiency": 0.3386217488210177,