{
  "format_version": 1,
  "policy_type": "linear_softmax",
  "weights": [
    [
      0.032873855514655846,
      0.0017034819514337837,
      -0.0008309258387716566,
      -3.2441732006963165e-05,
      0.0,
      -0.0038425698813138133,
      -0.0038519768114259364,
      0.001795258959253104,
      -0.00015271210817218825,
      0.020939767503520248,
      -0.017829945261164163,
      0.032873855514655846,
      0.0,
      0.015396381394441409
    ],
    [
      0.2339278166475651,
      0.020438523348145884,
      -0.0010344009612028313,
      -0.0005288469298896994,
      0.0,
      -0.002974274909382494,
      -0.0026383004006811208,
      0.0042703620585240265,
      -3.7923943843366056e-05,
      0.11981165806952038,
      0.004666465434600166,
      0.2339278166475651,
      0.0,
      0.039328169728971074
    ],
    [
      0.35327288813997204,
      0.02532974022181398,
      0.0005268262886270531,
      -0.0003787996188063692,
      0.0,
      0.002492844611982746,
      0.0026284283955331604,
      0.006228786036321736,
      5.890671586963646e-05,
      0.1740385465907057,
      0.014986700004399904,
      0.35327288813997204,
      0.0,
      0.05277273925819645
    ],
    [
      -0.014868419248586034,
      0.004026575285449278,
      0.000519905779058658,
      -0.00023986361094681068,
      0.0,
      0.0017233704680956101,
      0.0025552743957032733,
      -0.00014694215712667588,
      4.228015147014156e-05,
      -0.009404664712775932,
      0.012359479946745069,
      -0.014868419248586034,
      0.0,
      -0.0021279281681374452
    ],
    [
      -0.0044468516516203704,
      -0.005244695902724629,
      0.00018871900583180052,
      0.00040041302340268774,
      0.0,
      -9.504047660807809e-05,
      -0.0008035187413518729,
      -0.0012609425812350847,
      -1.0555600585519837e-05,
      -0.003187504225833374,
      -0.0043317279610064745,
      -0.0044468516516203704,
      0.0,
      -0.004391859266369516
    ],
    [
      -0.5144845906291731,
      -0.034506488819231435,
      -0.000387837971742365,
      -8.110233962978839e-05,
      0.0,
      -0.0017984386648049063,
      -0.0017534637801588124,
      -0.008337373727927444,
      -6.275298706132924e-05,
      -0.2556952756920442,
      0.0005311169802012078,
      -0.5144845906291731,
      0.0,
      -0.0793721227964727
    ],
    [
      -0.01543812856047504,
      -0.006049497591499666,
      0.0020551594697432525,
      0.0018259190992851143,
      0.0,
      0.008365171502711941,
      0.007574677778513342,
      9.401270379755276e-05,
      0.0001927175675063946,
      -0.014247236514846728,
      0.010624042539174497,
      -0.01543812856047504,
      0.0,
      -0.004037970096358078
    ],
    [
      -0.04541916559922537,
      -0.005461507889124867,
      -0.0008457972014585998,
      -0.0006457658051920107,
      0.0,
      -0.003486185692184862,
      -0.003098030018911191,
      -0.00034975023979620407,
      -1.8863363042217117e-05,
      -0.01982453509040555,
      -0.017685075975284337,
      -0.04541916559922537,
      0.0,
      -0.010632910546358024
    ],
    [
      -0.025417404613110865,
      -0.00023613060426277114,
      -0.0001916485700852947,
      -0.00031951208621616375,
      0.0,
      -0.00038487695849617347,
      -0.0006130908172207875,
      -0.002293411051811001,
      -1.1096432141552887e-05,
      -0.012430755927839895,
      -0.0033210557076665185,
      -0.025417404613110865,
      0.0,
      -0.006934499507911865
    ]
  ],
  "action_library": [
    {
      "type": "recruit",
      "magnitude": 1.0
    },
    {
      "type": "recruit",
      "magnitude": 2.0
    },
    {
      "type": "recruit",
      "magnitude": 3.0
    },
    {
      "type": "adjust_dose",
      "magnitude": -0.1
    },
    {
      "type": "adjust_dose",
      "magnitude": 0.1
    },
    {
      "type": "hold_enrollment",
      "magnitude": 0.0
    },
    {
      "type": "file_interim_report",
      "magnitude": 0.0
    },
    {
      "type": "implement_amendment",
      "magnitude": 0.0
    },
    {
      "type": "noop",
      "magnitude": 0.0
    }
  ],
  "metadata": {
    "step": 9000,
    "mean_reward": -1.5402473884786445,
    "resume_from_checkpoint": null
  }
}