{
  "format_version": 1,
  "policy_type": "linear_softmax",
  "weights": [
    [
      -0.0415892012647416,
      -0.01838397368392404,
      -0.008463210512007336,
      -0.006026883616987546,
      -0.00119580379923744,
      -0.016356763304478977,
      1.8849990190617945e-05,
      -0.007515124117493334,
      -0.007930918454246238,
      -0.0041988823535077996,
      -0.032086026107339335
    ],
    [
      0.04328913026233969,
      0.01876676343169226,
      0.02595962944239011,
      0.024830337878247562,
      0.00037983304736663177,
      0.002837387223743975,
      1.5223347976715491e-05,
      0.012092528703659566,
      0.007461319040575358,
      0.010587818793220087,
      0.0012172939047615028
    ],
    [
      0.09370354997964422,
      0.02975992810484186,
      0.04242985824315994,
      0.04114470432052938,
      0.00024486713838127965,
      0.0014298492313330137,
      0.00014373633150515256,
      0.018794113762168958,
      0.011567542182452597,
      0.027866527205033166,
      0.0024798882024316205
    ],
    [
      -0.01450386852208023,
      -0.0039007518781382484,
      -0.0062535527144375,
      -0.007013643126396765,
      0.00047735383248958114,
      0.0037556067688122047,
      -7.441712995546786e-05,
      -0.002401979067915633,
      -0.0011127840838056938,
      -0.006649064284802848,
      0.0028048589596001306
    ],
    [
      0.004649553371341073,
      -0.001564248013192057,
      -0.005240879998257207,
      -0.004804072792070804,
      -0.0003583492946709217,
      0.00022234720293786857,
      -0.00011320574056449369,
      -0.0027696867769007876,
      -0.0009023261058570712,
      0.0006615896382214915,
      0.005796656069696942
    ],
    [
      -0.035742225587443444,
      -0.01230350652091177,
      -0.027118624154908705,
      -0.027441379585005053,
      0.0006809574731530803,
      0.003554204312598509,
      4.4993840248695784e-05,
      -0.010108083678743265,
      -0.005353751008924063,
      -0.007637049680799334,
      0.012451849235038667
    ],
    [
      0.003949269232030663,
      0.004330673432860615,
      -0.0010911055447981042,
      -0.0014758107614075279,
      0.0003429349768287082,
      0.0030894778482298776,
      -2.379630099938987e-05,
      0.0009173549327255047,
      0.0015817457821052589,
      -0.00043534379867443825,
      0.011946692809054367
    ],
    [
      -0.04785735154235669,
      -0.015069836087068095,
      -0.01611342902468598,
      -0.014748071285462641,
      -0.0008169976917008635,
      -0.0007135178340324331,
      8.963239763576567e-06,
      -0.00772405503149798,
      -0.004814028889667087,
      -0.017472172911676787,
      -0.012425761561993055
    ],
    [
      -0.005898855928735335,
      -0.001635048786160144,
      -0.0041086857364557175,
      -0.004465181031446718,
      0.0002452043173899489,
      0.002181408550856114,
      -2.0347578165406857e-05,
      -0.0012850687260029157,
      -0.0004967984626330555,
      -0.002723422607014113,
      0.007814548488749174
    ]
  ],
  "action_library": [
    {
      "type": "recruit",
      "magnitude": 1.0
    },
    {
      "type": "recruit",
      "magnitude": 2.0
    },
    {
      "type": "recruit",
      "magnitude": 3.0
    },
    {
      "type": "adjust_dose",
      "magnitude": -0.1
    },
    {
      "type": "adjust_dose",
      "magnitude": 0.1
    },
    {
      "type": "hold_enrollment",
      "magnitude": 0.0
    },
    {
      "type": "file_interim_report",
      "magnitude": 0.0
    },
    {
      "type": "implement_amendment",
      "magnitude": 0.0
    },
    {
      "type": "noop",
      "magnitude": 0.0
    }
  ],
  "metadata": {
    "step": 1200,
    "mean_reward": -5.744501091269841
  }
}