{
  "format_version": 1,
  "policy_type": "linear_softmax",
  "weights": [
    [
      -0.005423983814063022,
      0.003222579523814201,
      -0.001296875945863428,
      -0.0002085186821954925,
      0.0,
      -0.005434672628885014,
      -0.005022529863208522,
      0.00260479605648767,
      -0.00015596690797282575,
      0.0034519644054577876,
      -0.015663913852036106,
      -0.005423983814063022,
      0.0,
      0.014584650225304798
    ],
    [
      0.2961761075213124,
      0.02202502045670805,
      -0.001116525068707541,
      -0.0008642178648397971,
      0.0,
      -0.0030915939703838147,
      -0.0026232260415657667,
      0.004780634085306793,
      -3.1494471831547364e-05,
      0.15130256436317877,
      0.005521236784273753,
      0.2961761075213124,
      0.0,
      0.04927930537220339
    ],
    [
      0.5216021543357607,
      0.03601368563973069,
      0.00026911992166136855,
      -0.0005635854358853492,
      0.0,
      0.00037809473451067064,
      0.00039611118242170924,
      0.008108030161793107,
      -7.285176522952085e-05,
      0.25987490386656315,
      0.008387557552414368,
      0.5216021543357607,
      0.0,
      0.07242385842443463
    ],
    [
      -0.028696502770100114,
      0.0018864191900940708,
      0.0006096356186445374,
      -0.0003695730672503517,
      0.0,
      0.002114478602835573,
      0.0029500054518984908,
      -0.0006850004553939194,
      3.4070366484775914e-05,
      -0.016891585589533797,
      0.011801691219192653,
      -0.028696502770100114,
      0.0,
      -0.004841718621018034
    ],
    [
      -0.008391517026718854,
      -0.00628119863833461,
      0.00010457527188458487,
      0.0005553792988627858,
      0.0,
      -0.001068547999204665,
      -0.0016404691338093246,
      -0.001481145026762799,
      -6.659090186079198e-05,
      -0.00466968915896482,
      -0.003360375580957804,
      -0.008391517026718854,
      0.0,
      -0.005597838245662771
    ],
    [
      -0.6579216535012368,
      -0.041057402012958905,
      -0.0003905703957849407,
      -5.3306507288396885e-05,
      0.0,
      -0.0015115183925939746,
      -0.0017048117822096812,
      -0.009971743957170105,
      -2.577879585983772e-05,
      -0.3273171749910304,
      0.00016034510743750312,
      -0.6579216535012368,
      0.0,
      -0.09819279444505992
    ],
    [
      -0.013382849496545727,
      -0.004111397064540802,
      0.0037701937066853502,
      0.003082095795667116,
      0.0,
      0.014464998175093696,
      0.013350339886853335,
      0.0007582586759489849,
      0.0003071099840226505,
      -0.019127329158087996,
      0.022141301355229227,
      -0.013382849496545727,
      0.0,
      -0.0030626500698725974
    ],
    [
      -0.0618897397951075,
      -0.00824391422699437,
      -0.0015048461120641557,
      -0.0009398012078977155,
      0.0,
      -0.005890070556573868,
      -0.005153746467129506,
      -0.0013326596764335,
      -3.637122689849809e-05,
      -0.025830304753293763,
      -0.019995098567320083,
      -0.0618897397951075,
      0.0,
      -0.013420616163883892
    ],
    [
      -0.042072015453296085,
      -0.003453792867517708,
      -0.00044470699645577435,
      -0.0006384723291728117,
      0.0,
      3.883203520136719e-05,
      -0.0005516732332506841,
      -0.002781169863776225,
      4.787371914559349e-05,
      -0.020793348984287478,
      -0.008992744018233568,
      -0.042072015453296085,
      0.0,
      -0.011172196476445108
    ]
  ],
  "action_library": [
    {
      "type": "recruit",
      "magnitude": 1.0
    },
    {
      "type": "recruit",
      "magnitude": 2.0
    },
    {
      "type": "recruit",
      "magnitude": 3.0
    },
    {
      "type": "adjust_dose",
      "magnitude": -0.1
    },
    {
      "type": "adjust_dose",
      "magnitude": 0.1
    },
    {
      "type": "hold_enrollment",
      "magnitude": 0.0
    },
    {
      "type": "file_interim_report",
      "magnitude": 0.0
    },
    {
      "type": "implement_amendment",
      "magnitude": 0.0
    },
    {
      "type": "noop",
      "magnitude": 0.0
    }
  ],
  "metadata": {
    "step": 14800,
    "mean_reward": -1.8444917224079707,
    "resume_from_checkpoint": null
  }
}