{
  "format_version": 1,
  "policy_type": "linear_softmax",
  "weights": [
    [
      -0.006172195411134389,
      -0.0017862641886502073,
      -0.0003098821574296681,
      -8.185040384978525e-05,
      0.0,
      -0.0016248869114047163,
      -0.0011211152306499247,
      -0.00044393707624974023,
      -0.0001290866149032562,
      -0.0016854496088069988,
      -0.0034924126942546796
    ],
    [
      0.010780919648189969,
      0.0013803169119754476,
      9.607324013905218e-05,
      2.3120578304271033e-05,
      0.0,
      0.0008460982570897977,
      0.00035957354598753835,
      0.00021762917156722305,
      7.703180013612096e-05,
      0.005018800964118977,
      0.0017234630623461325
    ],
    [
      0.011724194233347014,
      -0.0003941494391330319,
      -0.00018123894070039593,
      -1.6784592254038076e-06,
      0.0,
      -0.0009600714894449031,
      -0.0009511222955551593,
      3.889004623090354e-05,
      -7.137787463557068e-05,
      0.006734859548997315,
      -0.0023737725506922922
    ],
    [
      0.004895059986289012,
      0.0026777802642591582,
      0.00012345557960952128,
      -1.159610317639518e-05,
      0.0,
      0.0007013395599012345,
      0.0004477924745760324,
      0.0003131977573290001,
      0.00015672807137592513,
      0.0016974592834539208,
      0.003885496476133846
    ],
    [
      0.00016174838388017425,
      -0.0009583678826475156,
      7.894734912249853e-05,
      9.039925919837076e-05,
      0.0,
      0.00018381954503489246,
      0.0002225363798930602,
      -0.00018603598103590022,
      -1.0502974080842601e-06,
      -0.00012103387306634641,
      -0.0004566220224950792
    ],
    [
      -0.01816794126549193,
      4.62665822904713e-05,
      0.00012513755500437622,
      7.88724142995382e-05,
      0.0,
      0.0006572053345446244,
      0.0005821283667348553,
      -5.5623695033192565e-05,
      6.539776861526463e-05,
      -0.009559396927469413,
      0.002196834279270134
    ],
    [
      0.0014215995930823829,
      0.0006152776647793613,
      0.00010119473961188459,
      8.63483087079773e-06,
      0.0,
      0.00031342918716406777,
      0.00036278910673957234,
      0.00020672109232144903,
      -3.332113488292874e-05,
      0.00030624494724449503,
      0.001328079637480323
    ],
    [
      -0.0027044805123712552,
      -0.0008635334148507639,
      -7.632073777776328e-05,
      -0.00013184622530220145,
      0.0,
      -0.0002720559237994175,
      -6.140752510160779e-05,
      9.692339852353997e-06,
      -8.218135398287598e-06,
      -0.0011545509313751437,
      -0.0018964286990445676
    ],
    [
      -0.0019389046557909788,
      -0.0007173264980229337,
      4.2633372420494505e-05,
      2.5944108880807725e-05,
      0.0,
      0.00015512244091441674,
      0.00015882517737562894,
      -0.00010053365498209616,
      -5.610358289918348e-05,
      -0.0012369334030967313,
      -0.0009146374887438177
    ]
  ],
  "action_library": [
    {
      "type": "recruit",
      "magnitude": 1.0
    },
    {
      "type": "recruit",
      "magnitude": 2.0
    },
    {
      "type": "recruit",
      "magnitude": 3.0
    },
    {
      "type": "adjust_dose",
      "magnitude": -0.1
    },
    {
      "type": "adjust_dose",
      "magnitude": 0.1
    },
    {
      "type": "hold_enrollment",
      "magnitude": 0.0
    },
    {
      "type": "file_interim_report",
      "magnitude": 0.0
    },
    {
      "type": "implement_amendment",
      "magnitude": 0.0
    },
    {
      "type": "noop",
      "magnitude": 0.0
    }
  ],
  "metadata": {
    "step": 300,
    "mean_reward": -1.1428466291427906
  }
}