{
  "format_version": 1,
  "policy_type": "linear_softmax",
  "weights": [
    [
      0.03834260445473481,
      0.0022092248018445526,
      -0.000686652481207316,
      -5.217108803602633e-06,
      0.0,
      -0.0033445667044162564,
      -0.003462001342105457,
      0.0011112409946992276,
      -0.00010293259435529226,
      0.02253788607340354,
      -0.007903759686823912,
      0.03834260445473481,
      0.0,
      0.009945761623916874
    ],
    [
      0.09838134310421968,
      0.011487728755834708,
      -0.0003256601184461785,
      -0.00026141725979646934,
      0.0,
      -0.0012427761960108648,
      -0.0007514450426642006,
      0.002378194910438019,
      -5.530342763340103e-05,
      0.04987784885909925,
      0.006577028518852209,
      0.09838134310421968,
      0.0,
      0.017475577764452823
    ],
    [
      0.1200039982468056,
      0.005991491125663803,
      0.0004706325402949962,
      -0.00010964255341702055,
      0.0,
      0.00216962553383644,
      0.0020675477489096664,
      0.0019095658656391318,
      5.79676419922589e-05,
      0.05823597922255191,
      0.0024964468341408547,
      0.1200039982468056,
      0.0,
      0.018175317424428558
    ],
    [
      -0.0009983332847410154,
      0.0034730206202136012,
      2.178499812477393e-05,
      -0.00016866714383458148,
      0.0,
      0.0005152584823804817,
      0.0005415724628979033,
      -0.00021302398118505365,
      2.9023540865594763e-05,
      -0.000929799702884461,
      0.007381168191582693,
      -0.0009983332847410154,
      0.0,
      7.941835019121697e-05
    ],
    [
      0.0018360081563329267,
      -0.002288132242813823,
      -5.485731785687597e-05,
      0.0001732738520319945,
      0.0,
      -0.0003080199690313827,
      -0.0004695512056945328,
      -0.0004484124407166934,
      2.512599326674129e-06,
      0.001266783179311004,
      -0.001338507274128721,
      0.0018360081563329267,
      0.0,
      -0.0007630299863582673
    ],
    [
      -0.22387508566988976,
      -0.015130850682260805,
      1.4819018657621895e-05,
      2.317128988980488e-05,
      0.0,
      0.0003551161832497539,
      0.0003379304893572841,
      -0.003660018965574931,
      1.954794068828954e-05,
      -0.11214604719467262,
      0.002672304643115488,
      -0.22387508566988976,
      0.0,
      -0.03589430621524181
    ],
    [
      -0.006313141410696977,
      -0.003062167506402834,
      0.0009070594421415163,
      0.0004775951647800868,
      0.0,
      0.003889549255308262,
      0.0038021194040532024,
      -3.6012390454327e-05,
      8.700924305144456e-05,
      -0.006666744805744222,
      0.002659340345399309,
      -0.006313141410696977,
      0.0,
      -0.0020134894791937357
    ],
    [
      -0.017249328008184957,
      0.0003546730710286998,
      -0.0002283551029576497,
      -0.00021969738870259798,
      0.0,
      -0.0013111879466942732,
      -0.0010583662257293255,
      0.0006630628113877063,
      -1.8183532431090897e-06,
      -0.007790810669178237,
      -0.005501116391716279,
      -0.017249328008184957,
      0.0,
      -0.00380482810545127
    ],
    [
      -0.010128065588579873,
      -0.003034987943107784,
      -0.00011877097875087958,
      9.060114785238514e-05,
      0.0,
      -0.0007229986386221494,
      -0.0010078062890245402,
      -0.0017045968042330706,
      -3.600659069245934e-05,
      -0.0043850949618857655,
      -0.007042905180421832,
      -0.010128065588579873,
      0.0,
      -0.00320042137674456
    ]
  ],
  "action_library": [
    {
      "type": "recruit",
      "magnitude": 1.0
    },
    {
      "type": "recruit",
      "magnitude": 2.0
    },
    {
      "type": "recruit",
      "magnitude": 3.0
    },
    {
      "type": "adjust_dose",
      "magnitude": -0.1
    },
    {
      "type": "adjust_dose",
      "magnitude": 0.1
    },
    {
      "type": "hold_enrollment",
      "magnitude": 0.0
    },
    {
      "type": "file_interim_report",
      "magnitude": 0.0
    },
    {
      "type": "implement_amendment",
      "magnitude": 0.0
    },
    {
      "type": "noop",
      "magnitude": 0.0
    }
  ],
  "metadata": {
    "step": 2700,
    "mean_reward": -4.020431821713964,
    "resume_from_checkpoint": null
  }
}