{
  "format_version": 1,
  "policy_type": "linear_softmax",
  "weights": [
    [
      0.045198039098633035,
      0.0021969379192364833,
      -0.001036956332615806,
      -0.000189327484782732,
      0.0,
      -0.004735797423688271,
      -0.004784912783281165,
      0.0018124974016929657,
      -0.000121643101696231,
      0.027449329659621276,
      -0.016665304400517934,
      0.045198039098633035,
      0.0,
      0.015618867646843235
    ],
    [
      0.20281611167367058,
      0.019132101761634802,
      -0.000832518852687069,
      -0.0006061603200444391,
      0.0,
      -0.001956586862820041,
      -0.0015128435153459953,
      0.0036561438713554485,
      -2.3120235625508672e-06,
      0.10310422781710117,
      0.007005390036463517,
      0.20281611167367058,
      0.0,
      0.0349705346278137
    ],
    [
      0.29151149613228344,
      0.02308006748709154,
      0.0008424404725167124,
      -0.00011258411401232514,
      0.0,
      0.003195128771769534,
      0.003219706397466575,
      0.005077596025036805,
      5.8677495859145845e-05,
      0.14232213974617408,
      0.012583932503657235,
      0.29151149613228344,
      0.0,
      0.044727020034598726
    ],
    [
      -0.009824798954950384,
      0.003583195081347681,
      0.0004909089546675749,
      -7.630798533484132e-05,
      0.0,
      0.0017505564535883866,
      0.002132589744899029,
      -0.0003397696532931583,
      2.4604669347821165e-05,
      -0.006380241736729955,
      0.013174489641729509,
      -0.009824798954950384,
      0.0,
      -0.0008023944017518565
    ],
    [
      -0.001858430496207387,
      -0.004098867647627672,
      0.0003026905054276649,
      0.00031059247407873834,
      0.0,
      0.0006147623038624914,
      5.6251052761600685e-05,
      -0.0007824303046837006,
      -2.169566097996296e-06,
      -0.0024541039352982685,
      -0.0036661481627559087,
      -0.001858430496207387,
      0.0,
      -0.004009933925112684
    ],
    [
      -0.450779097265407,
      -0.031206698118301263,
      -0.00034908385228315386,
      -6.420645211420168e-05,
      0.0,
      -0.0014429422342770897,
      -0.0013900812016393797,
      -0.0074335111909924366,
      -4.615073100530337e-05,
      -0.22408835081614675,
      0.0020155432065178582,
      -0.450779097265407,
      0.0,
      -0.07060943093352118
    ],
    [
      -0.007353705149907304,
      -0.0017766690866402367,
      0.001948789725769666,
      0.0015337539218389755,
      0.0,
      0.007952239183605493,
      0.00747539316266243,
      0.0007287760106551869,
      0.0001731713448628459,
      -0.010284240211322989,
      0.01516972422821043,
      -0.007353705149907304,
      0.0,
      -0.0017159704419227307
    ],
    [
      -0.04419349167676233,
      -0.007957786666632992,
      -0.0011773723156222474,
      -0.0007158544896456007,
      0.0,
      -0.004572632963636813,
      -0.004182431401888144,
      -0.0006448240212692647,
      -4.771012479010205e-05,
      -0.01767082934559135,
      -0.022219436052741865,
      -0.04419349167676233,
      0.0,
      -0.010901890049451943
    ],
    [
      -0.025516123361353445,
      -0.002952280730108893,
      -0.00018889830517332965,
      -7.990554998357775e-05,
      0.0,
      -0.0008047272284036989,
      -0.0010136714556349157,
      -0.002074478138501838,
      -3.646796291762964e-05,
      -0.01199793117780773,
      -0.007398191000563004,
      -0.025516123361353445,
      0.0,
      -0.007276802557493432
    ]
  ],
  "action_library": [
    {
      "type": "recruit",
      "magnitude": 1.0
    },
    {
      "type": "recruit",
      "magnitude": 2.0
    },
    {
      "type": "recruit",
      "magnitude": 3.0
    },
    {
      "type": "adjust_dose",
      "magnitude": -0.1
    },
    {
      "type": "adjust_dose",
      "magnitude": 0.1
    },
    {
      "type": "hold_enrollment",
      "magnitude": 0.0
    },
    {
      "type": "file_interim_report",
      "magnitude": 0.0
    },
    {
      "type": "implement_amendment",
      "magnitude": 0.0
    },
    {
      "type": "noop",
      "magnitude": 0.0
    }
  ],
  "metadata": {
    "step": 7200,
    "mean_reward": -1.9579520590464776,
    "resume_from_checkpoint": null
  }
}