{
  "format_version": 1,
  "policy_type": "linear_softmax",
  "weights": [
    [
      0.0007099426275572591,
      0.003258237620421441,
      -0.0013130443203676402,
      -0.0002066020051682317,
      0.0,
      -0.00554715707109462,
      -0.005096916225493727,
      0.002524261209975134,
      -0.00016819332175303437,
      0.006790613665375779,
      -0.016257445939561802,
      0.0007099426275572591,
      0.0,
      0.015037937846495458
    ],
    [
      0.29351291582633265,
      0.024387579774280275,
      -0.0009516849600567824,
      -0.0008369413474873389,
      0.0,
      -0.0021572042673355957,
      -0.001942172330264344,
      0.004888455105771178,
      1.9022180490581043e-05,
      0.14895270546227257,
      0.009055768368425487,
      0.29351291582633265,
      0.0,
      0.049331643675643494
    ],
    [
      0.4938695417909763,
      0.03195076598213775,
      0.0002076375522869842,
      -0.0005260325933534277,
      0.0,
      0.00020447757739812272,
      0.0002721821170973812,
      0.007880838848116837,
      -6.47663445843511e-05,
      0.24624465631799497,
      0.005461906201862011,
      0.4938695417909763,
      0.0,
      0.06887570437803651
    ],
    [
      -0.026079001242913492,
      0.0026285376523021687,
      0.0007402583164320086,
      -0.000280572525526573,
      0.0,
      0.0025638570081715703,
      0.003112376735557654,
      -0.00034676641358295476,
      2.4753818610567114e-05,
      -0.0158818313705979,
      0.01240770240518516,
      -0.026079001242913492,
      0.0,
      -0.004532712610120732
    ],
    [
      -0.006017299123924978,
      -0.004979111335124833,
      7.711952923942583e-05,
      0.000558678642703677,
      0.0,
      -0.001413943154130993,
      -0.0019028570891063254,
      -0.0014011848074739436,
      -7.267685866442604e-05,
      -0.003514577072922073,
      -0.001361380423600921,
      -0.006017299123924978,
      0.0,
      -0.004801648482338241
    ],
    [
      -0.640758561914425,
      -0.04047583219311144,
      -0.0003983040940334485,
      -8.420874546651988e-05,
      0.0,
      -0.0013083763524271074,
      -0.001414892664643812,
      -0.009837232058480756,
      -1.3207511905863038e-05,
      -0.31881995654222,
      -0.0006554652923272646,
      -0.640758561914425,
      0.0,
      -0.09665653795131465
    ],
    [
      -0.01730752019629439,
      -0.006894150128815099,
      0.003440793564876021,
      0.002854028495888112,
      0.0,
      0.01309708741741699,
      0.012165645900343568,
      0.0004362345374816446,
      0.0002705449486936461,
      -0.0197721132157815,
      0.016466890920164547,
      -0.01730752019629439,
      0.0,
      -0.004415880934928002
    ],
    [
      -0.06214794282820808,
      -0.008971995277219494,
      -0.0014731064771630175,
      -0.0008923647072022609,
      0.0,
      -0.006123720620678959,
      -0.0054187434449718555,
      -0.0015506076617848418,
      -6.433877404417109e-05,
      -0.025830388440003415,
      -0.02076544256198182,
      -0.06214794282820808,
      0.0,
      -0.013396608867688434
    ],
    [
      -0.03578207493909558,
      -0.0009040320948699267,
      -0.00032966911121353176,
      -0.0005859852143874468,
      0.0,
      0.00068497946268057,
      0.00022537700148154326,
      -0.002593998760022284,
      6.886186315704847e-05,
      -0.018169108804117626,
      -0.004352533678165886,
      -0.03578207493909558,
      0.0,
      -0.00944189705378505
    ]
  ],
  "action_library": [
    {
      "type": "recruit",
      "magnitude": 1.0
    },
    {
      "type": "recruit",
      "magnitude": 2.0
    },
    {
      "type": "recruit",
      "magnitude": 3.0
    },
    {
      "type": "adjust_dose",
      "magnitude": -0.1
    },
    {
      "type": "adjust_dose",
      "magnitude": 0.1
    },
    {
      "type": "hold_enrollment",
      "magnitude": 0.0
    },
    {
      "type": "file_interim_report",
      "magnitude": 0.0
    },
    {
      "type": "implement_amendment",
      "magnitude": 0.0
    },
    {
      "type": "noop",
      "magnitude": 0.0
    }
  ],
  "metadata": {
    "step": 13900,
    "mean_reward": -1.1258163696823908,
    "resume_from_checkpoint": null
  }
}