{
  "format_version": 1,
  "policy_type": "linear_softmax",
  "weights": [
    [
      0.04239187775555455,
      0.0025215306395409186,
      -0.0006275036448840202,
      8.224122842183343e-06,
      0.0,
      -0.003254266465636895,
      -0.003401107047200108,
      0.001541549925578298,
      -0.00010136636804303345,
      0.024380460050586535,
      -0.007495530466747063,
      0.04239187775555455,
      0.0,
      0.01169420795325967
    ],
    [
      0.11377160362710893,
      0.01111800833914809,
      -0.0003854024674973298,
      -0.00035124518123115967,
      0.0,
      -0.0007265750656592012,
      -0.00035164340984532083,
      0.0023914983455471444,
      -8.567040436214057e-06,
      0.05745308682816034,
      0.004760104231468885,
      0.11377160362710893,
      0.0,
      0.02002726468337038
    ],
    [
      0.14645501548135756,
      0.008324404003468046,
      0.000589302913704597,
      -3.491881147436775e-05,
      0.0,
      0.002733503287150128,
      0.0025844510204228446,
      0.0023886893664367727,
      6.030663682586953e-05,
      0.07130212770467909,
      0.0035063038005699594,
      0.14645501548135756,
      0.0,
      0.02202319978103538
    ],
    [
      -0.0049780693571417345,
      0.0012964568856195322,
      4.018997561016958e-06,
      -0.00015256675185456637,
      0.0,
      0.00021051774606817202,
      0.0003734888638035791,
      -0.00036814290527196493,
      7.178534842572996e-07,
      -0.002598453330846376,
      0.005042342742270832,
      -0.0049780693571417345,
      0.0,
      -0.000409721108585724
    ],
    [
      0.00304321790297582,
      -0.0020231636496729497,
      0.00011614355446042269,
      0.00014573379290410305,
      0.0,
      0.00014963834373520868,
      -8.985946937069045e-05,
      -0.00033545537007693065,
      3.066626685700375e-06,
      0.0009486211324566216,
      -0.0027552784671167037,
      0.00304321790297582,
      0.0,
      -0.001483854861976406
    ],
    [
      -0.2665775039871263,
      -0.01710603027730456,
      1.8080532146513124e-05,
      4.148931774818087e-05,
      0.0,
      4.883727138357677e-05,
      3.3670048385360654e-05,
      -0.004332088248813074,
      1.6344440080764392e-06,
      -0.13340738455548745,
      0.0021624461112651323,
      -0.2665775039871263,
      0.0,
      -0.04299977954227252
    ],
    [
      -0.00336007008229019,
      -0.0008777461684404952,
      0.0010694976946131712,
      0.0006714607197538563,
      0.0,
      0.004684807803599975,
      0.0044711076488816595,
      -4.6013228375078696e-05,
      0.00011546934868799505,
      -0.005668917327295061,
      0.008005324154341374,
      -0.00336007008229019,
      0.0,
      -0.0008718165310249061
    ],
    [
      -0.01995762158218697,
      -0.0012084259932071304,
      -0.0006526007037473519,
      -0.0003902993131103162,
      0.0,
      -0.0030753324517260017,
      -0.002679047065722665,
      0.00042416360063684893,
      -4.4871651264725916e-05,
      -0.007586483582820396,
      -0.008705604671706101,
      -0.01995762158218697,
      0.0,
      -0.0046803941659815445
    ],
    [
      -0.010788449758249882,
      -0.00204503377915146,
      -0.0001315368763570048,
      6.212210442208614e-05,
      0.0,
      -0.0007711304689149882,
      -0.0009410605893546965,
      -0.0016642014856619787,
      -2.6389849947924942e-05,
      -0.0048230569194324035,
      -0.004520107434346538,
      -0.010788449758249882,
      0.0,
      -0.003299106207824158
    ]
  ],
  "action_library": [
    {
      "type": "recruit",
      "magnitude": 1.0
    },
    {
      "type": "recruit",
      "magnitude": 2.0
    },
    {
      "type": "recruit",
      "magnitude": 3.0
    },
    {
      "type": "adjust_dose",
      "magnitude": -0.1
    },
    {
      "type": "adjust_dose",
      "magnitude": 0.1
    },
    {
      "type": "hold_enrollment",
      "magnitude": 0.0
    },
    {
      "type": "file_interim_report",
      "magnitude": 0.0
    },
    {
      "type": "implement_amendment",
      "magnitude": 0.0
    },
    {
      "type": "noop",
      "magnitude": 0.0
    }
  ],
  "metadata": {
    "step": 3300,
    "mean_reward": -1.4841596213509094,
    "resume_from_checkpoint": null
  }
}