{
  "format_version": 1,
  "policy_type": "linear_softmax",
  "weights": [
    [
      0.04679809619045103,
      0.0024911786654777967,
      -0.0009591457846934028,
      -0.00019875843834303456,
      0.0,
      -0.004428355972232627,
      -0.004482458024226227,
      0.0017762420834747208,
      -0.00011967642976963867,
      0.027908496132656314,
      -0.015260641702720328,
      0.04679809619045103,
      0.0,
      0.015748513970844064
    ],
    [
      0.19719259431583389,
      0.018175750673299865,
      -0.0008571150482686341,
      -0.0006426576094970763,
      0.0,
      -0.0019203332066440341,
      -0.0014820183142346861,
      0.0037069831807736227,
      1.081320503278518e-06,
      0.10038008604803607,
      0.0044549007854772175,
      0.19719259431583389,
      0.0,
      0.03362085364372003
    ],
    [
      0.28476172519875875,
      0.023109958701350453,
      0.0008620831104889438,
      -8.955651239766639e-05,
      0.0,
      0.0032518924709068753,
      0.0032860507785252633,
      0.005112366347334099,
      5.814180942836203e-05,
      0.13878069222873152,
      0.012559447441181702,
      0.28476172519875875,
      0.0,
      0.04355920558113555
    ],
    [
      -0.00887070019193701,
      0.00353062385515256,
      0.0005538749972053671,
      -4.3467848685050766e-05,
      0.0,
      0.002040045691075457,
      0.0024270636764311534,
      -0.00021444398348903292,
      3.4449555972803794e-05,
      -0.006231277016334066,
      0.01396899815792223,
      -0.00887070019193701,
      0.0,
      -0.0005093715946332792
    ],
    [
      -0.004251361869229215,
      -0.005525858506945925,
      0.00012383749672708523,
      0.00028203649579669395,
      0.0,
      -0.00015396821639284685,
      -0.0006668327930137822,
      -0.0009771175311634832,
      -1.5024897499173452e-05,
      -0.0028077894670973484,
      -0.006397730865464931,
      -0.004251361869229215,
      0.0,
      -0.004597737019061792
    ],
    [
      -0.4419024369242334,
      -0.029633900448872843,
      -0.00027880112496848794,
      -7.657887113911855e-05,
      0.0,
      -0.0011423228974107005,
      -0.0011009081067599941,
      -0.007157206705782324,
      -3.7647208937154735e-05,
      -0.22000898825421536,
      0.0038211153319902408,
      -0.4419024369242334,
      0.0,
      -0.06921418184589632
    ],
    [
      -0.006380580544046128,
      -0.0010760440961095448,
      0.0018652257132653004,
      0.001473021195184086,
      0.0,
      0.0076873272873199255,
      0.007209315431494386,
      0.0006834826206994599,
      0.00017062809520482892,
      -0.009479571859807358,
      0.01605140835511966,
      -0.006380580544046128,
      0.0,
      -0.0010807535974194356
    ],
    [
      -0.04385395772617997,
      -0.008476121159010369,
      -0.0011223850487215485,
      -0.0006836330963286174,
      0.0,
      -0.004458481275404383,
      -0.0040855522923416146,
      -0.0007765397732135219,
      -5.220698305538999e-05,
      -0.017677652127644262,
      -0.022967178504852356,
      -0.04385395772617997,
      0.0,
      -0.010826782701055552
    ],
    [
      -0.023493378449417457,
      -0.00259558768434246,
      -0.00018757431103461406,
      -2.0405314590217458e-05,
      0.0,
      -0.0008758038812176513,
      -0.0011046603558744642,
      -0.0021537662386335145,
      -3.974526184791677e-05,
      -0.010863995684325676,
      -0.00623031899865368,
      -0.023493378449417457,
      0.0,
      -0.006699746437631467
    ]
  ],
  "action_library": [
    {
      "type": "recruit",
      "magnitude": 1.0
    },
    {
      "type": "recruit",
      "magnitude": 2.0
    },
    {
      "type": "recruit",
      "magnitude": 3.0
    },
    {
      "type": "adjust_dose",
      "magnitude": -0.1
    },
    {
      "type": "adjust_dose",
      "magnitude": 0.1
    },
    {
      "type": "hold_enrollment",
      "magnitude": 0.0
    },
    {
      "type": "file_interim_report",
      "magnitude": 0.0
    },
    {
      "type": "implement_amendment",
      "magnitude": 0.0
    },
    {
      "type": "noop",
      "magnitude": 0.0
    }
  ],
  "metadata": {
    "step": 7000,
    "mean_reward": -1.4112356606893477,
    "resume_from_checkpoint": null
  }
}