{
  "format_version": 1,
  "policy_type": "linear_softmax",
  "weights": [
    [
      0.03855158922036175,
      0.00327410977786093,
      -0.0007265401594378971,
      -5.767381249787907e-05,
      0.0,
      -0.003568356292284369,
      -0.00362582547197948,
      0.0012103912662184545,
      -0.00011026520188560273,
      0.022722100281728014,
      -0.007207753219919448,
      0.03855158922036175,
      0.0,
      0.009985040495719954
    ],
    [
      0.09468714259340853,
      0.010873975742375227,
      -0.00034277088027492375,
      -0.0002258985368998448,
      0.0,
      -0.0013678828420067663,
      -0.0008547373061567579,
      0.0023509453373549666,
      -6.112000166103719e-05,
      0.04816934824026504,
      0.0057323946402255905,
      0.09468714259340853,
      0.0,
      0.016743113625203365
    ],
    [
      0.11600621791364665,
      0.006080798177597207,
      0.00044726068320324815,
      -7.785584717665342e-05,
      0.0,
      0.0020250972029393307,
      0.0020297541500792914,
      0.001913577027774197,
      5.756398491314737e-05,
      0.05618293151502329,
      0.0025077068012107,
      0.11600621791364665,
      0.0,
      0.017555982392710574
    ],
    [
      0.0006979946252949589,
      0.004098428472386674,
      7.0222462849977456e-06,
      -0.0001568650931210661,
      0.0,
      0.0004686823014629878,
      0.0004527226261674208,
      -0.00011745281589617027,
      2.280501730427011e-05,
      0.00010018569433768909,
      0.008324793618496579,
      0.0006979946252949589,
      0.0,
      0.0005121924865629799
    ],
    [
      0.0007506451956202368,
      -0.002851913850016932,
      -4.0409789047502675e-05,
      0.0001720111355748375,
      0.0,
      -0.0002696358239400966,
      -0.00043552494425720705,
      -0.0006560402659821212,
      9.583193528353963e-06,
      0.0006483659327193899,
      -0.0019949485169881865,
      0.0007506451956202368,
      0.0,
      -0.0010950404779484096
    ],
    [
      -0.21672767069654833,
      -0.01499528592022286,
      6.43224752316145e-05,
      4.347442288156493e-05,
      0.0,
      0.0005462655603848846,
      0.0004570434910342227,
      -0.0035873840035622125,
      2.207712285480495e-05,
      -0.10868152494131131,
      0.002854566049875177,
      -0.21672767069654833,
      0.0,
      -0.03482071608328033
    ],
    [
      -0.006764222665008103,
      -0.002817685830193702,
      0.0008211352924132176,
      0.00045662516405545634,
      0.0,
      0.0036593470204674744,
      0.0035574259409168873,
      4.6605813072021344e-05,
      8.17051339664982e-05,
      -0.006549461767651001,
      0.0021412477012203142,
      -0.006764222665008103,
      0.0,
      -0.002066856282922284
    ],
    [
      -0.017164322469094214,
      -0.0001125441359272845,
      -0.0001962495160091712,
      -0.00025422359414182356,
      0.0,
      -0.0010549404763044864,
      -0.0008326627021994498,
      0.0005736256349360842,
      9.403870098330364e-06,
      -0.007944137761026206,
      -0.005617639379991162,
      -0.017164322469094214,
      0.0,
      -0.003761299327341847
    ],
    [
      -0.010037373717681115,
      -0.0035498824338591793,
      -3.37703523635737e-05,
      0.0001004061613254075,
      0.0,
      -0.00043857665071894475,
      -0.0007481957836049291,
      -0.001734267993915206,
      -3.175311911876484e-05,
      -0.004647807194084543,
      -0.0067403676941297196,
      -0.010037373717681115,
      0.0,
      -0.003052416828704254
    ]
  ],
  "action_library": [
    {
      "type": "recruit",
      "magnitude": 1.0
    },
    {
      "type": "recruit",
      "magnitude": 2.0
    },
    {
      "type": "recruit",
      "magnitude": 3.0
    },
    {
      "type": "adjust_dose",
      "magnitude": -0.1
    },
    {
      "type": "adjust_dose",
      "magnitude": 0.1
    },
    {
      "type": "hold_enrollment",
      "magnitude": 0.0
    },
    {
      "type": "file_interim_report",
      "magnitude": 0.0
    },
    {
      "type": "implement_amendment",
      "magnitude": 0.0
    },
    {
      "type": "noop",
      "magnitude": 0.0
    }
  ],
  "metadata": {
    "step": 2600,
    "mean_reward": -1.845497141512009,
    "resume_from_checkpoint": null
  }
}