{
  "format_version": 1,
  "policy_type": "linear_softmax",
  "weights": [
    [
      0.03129226771449614,
      0.0020032829086216474,
      -0.0007464174961811596,
      -9.136596678740125e-05,
      0.0,
      -0.0033524271507379944,
      -0.0033451855200772956,
      0.0019034972411531973,
      -0.0001324041616326152,
      0.01967763183550896,
      -0.017327862523055845,
      0.03129226771449614,
      0.0,
      0.015440734908582401
    ],
    [
      0.23602271631448643,
      0.02023859714599528,
      -0.0011446416947278467,
      -0.0005364062966896415,
      0.0,
      -0.0036320944631060095,
      -0.003288587061713784,
      0.004177260773614546,
      -6.347799962369498e-05,
      0.12133673894044654,
      0.003951937713756384,
      0.23602271631448643,
      0.0,
      0.03952554097885643
    ],
    [
      0.3606652404748253,
      0.026128894951540707,
      0.0006129627133882627,
      -0.0003553447094067663,
      0.0,
      0.0029406086076456542,
      0.003030129425613512,
      0.006538707970218104,
      6.193754354748312e-05,
      0.17762181098949031,
      0.016242023143337798,
      0.3606652404748253,
      0.0,
      0.05395215788317942
    ],
    [
      -0.013914796997604909,
      0.004769523750536112,
      0.000625726112393548,
      -0.0002783789906679307,
      0.0,
      0.0021327120928296183,
      0.0029958997791999574,
      -0.00014701484234285294,
      5.8800618821442086e-05,
      -0.009536239356079187,
      0.01316525822358284,
      -0.013914796997604909,
      0.0,
      -0.001992569611953325
    ],
    [
      -0.005992559532289161,
      -0.005754337349945779,
      6.530078423921497e-05,
      0.0004237643185862469,
      0.0,
      -0.0008497973846150241,
      -0.0015690480745613115,
      -0.0014304351928995488,
      -3.712632396301463e-05,
      -0.0034649061936061322,
      -0.005011613374200769,
      -0.005992559532289161,
      0.0,
      -0.004669512915582345
    ],
    [
      -0.5188457987962043,
      -0.03426852321709962,
      -0.0003366571606799334,
      -4.9214306376986945e-05,
      0.0,
      -0.0015722945135086955,
      -0.0015163625772817023,
      -0.008349409962590062,
      -5.540575089898382e-05,
      -0.2581026141140331,
      0.0014203580231828925,
      -0.5188457987962043,
      0.0,
      -0.07988492337370531
    ],
    [
      -0.015181594565573279,
      -0.006560368454196838,
      0.002123622621219389,
      0.0018743292752856826,
      0.0,
      0.008777809710921606,
      0.007936598786830845,
      9.983015818158903e-05,
      0.0001974768085715536,
      -0.014291509777325394,
      0.010649029435950426,
      -0.015181594565573279,
      0.0,
      -0.004060180561845582
    ],
    [
      -0.047475694520590354,
      -0.0057990268737146185,
      -0.0010383112245161198,
      -0.0006977250717485745,
      0.0,
      -0.004448825406255995,
      -0.004033277577857095,
      -0.00043603045684657404,
      -3.9946782808134666e-05,
      -0.019986752768125896,
      -0.019224832574789668,
      -0.047475694520590354,
      0.0,
      -0.010952522954484198
    ],
    [
      -0.026569780091541543,
      -0.000758042861737243,
      -0.00016158465513533706,
      -0.00028965825219463343,
      0.0,
      4.308506826785372e-06,
      -0.000210167180153053,
      -0.0023564056884883694,
      1.0146047985963499e-05,
      -0.01325415955627485,
      -0.003864298067764696,
      -0.026569780091541543,
      0.0,
      -0.007358724353046079
    ]
  ],
  "action_library": [
    {
      "type": "recruit",
      "magnitude": 1.0
    },
    {
      "type": "recruit",
      "magnitude": 2.0
    },
    {
      "type": "recruit",
      "magnitude": 3.0
    },
    {
      "type": "adjust_dose",
      "magnitude": -0.1
    },
    {
      "type": "adjust_dose",
      "magnitude": 0.1
    },
    {
      "type": "hold_enrollment",
      "magnitude": 0.0
    },
    {
      "type": "file_interim_report",
      "magnitude": 0.0
    },
    {
      "type": "implement_amendment",
      "magnitude": 0.0
    },
    {
      "type": "noop",
      "magnitude": 0.0
    }
  ],
  "metadata": {
    "step": 9200,
    "mean_reward": -1.8065617412535953,
    "resume_from_checkpoint": null
  }
}