{
  "format_version": 1,
  "policy_type": "linear_softmax",
  "weights": [
    [
      -0.006578000546705985,
      -0.0020219312905723845,
      -0.00034815021977490274,
      -9.084962688859088e-05,
      0.0,
      -0.0017119157164952282,
      -0.001326768284085856,
      -0.0004498131360339168,
      -0.00013095959848959219,
      -0.0016086838024501437,
      -0.0035977409023594813
    ],
    [
      0.014201116918609499,
      0.0015893739345712312,
      7.685235050082224e-05,
      2.051858254732421e-05,
      0.0,
      0.000726605602525924,
      0.0002451738152981201,
      0.00023632333222372377,
      5.0541904122422406e-05,
      0.0068722680846539696,
      0.0016685617503063015
    ],
    [
      0.0169330806420163,
      0.0006835882611803158,
      -0.00010372390593409723,
      2.8492150185801184e-05,
      0.0,
      -0.000616705459742397,
      -0.000577199241661403,
      0.00026754410220995744,
      -9.433205117816623e-06,
      0.008991294893899448,
      -0.001108412115314385
    ],
    [
      0.005041285300350557,
      0.0026628388763252054,
      7.6225592177398e-05,
      -5.3784048931334745e-06,
      0.0,
      0.0006353648743447698,
      0.00032335634809066926,
      0.0002927835630589166,
      0.00014791682441584264,
      0.0018803524846270913,
      0.004320782294137145
    ],
    [
      -0.0003356588630054753,
      -0.001122007809002354,
      2.9867546362870986e-05,
      5.3229856278328335e-06,
      0.0,
      -2.6143463133700122e-05,
      0.00014518049582392748,
      -0.00024142564705527893,
      -3.027899396615926e-05,
      -0.00032218083959032525,
      -0.0011124078298681485
    ],
    [
      -0.0243027516884301,
      -0.0005469140176051522,
      0.000194741902821466,
      0.00012786803399177852,
      0.0,
      0.0008524348738793668,
      0.0007478525572723913,
      -0.00019812560718913207,
      8.158975714720491e-05,
      -0.012913788457288862,
      0.0023007082084050825
    ],
    [
      0.0010476279374198203,
      0.000204506596548527,
      9.052723410645408e-05,
      -1.3330790017334028e-05,
      0.0,
      -3.0156734740549503e-05,
      0.0002712149111382757,
      0.00011402158559719098,
      -0.00010392810508621737,
      0.0001484753015802413,
      0.000814399235187341
    ],
    [
      -0.003561767372563247,
      -0.0007405169943511871,
      -7.276411507894027e-05,
      -0.00011563719038806136,
      0.0,
      -0.00020385860303387984,
      -0.00016766928142658398,
      0.00010400535590306268,
      2.324222917753567e-05,
      -0.0015021744149032363,
      -0.0019391130173153383
    ],
    [
      -0.0024449323276914074,
      -0.0007089375570942322,
      5.6423614818928304e-05,
      4.299425983438312e-05,
      0.0,
      0.00037437462639568886,
      0.0003388586795504501,
      -0.00012531354871452098,
      -2.86908122032202e-05,
      -0.0015455632505281625,
      -0.0013467776231785346
    ]
  ],
  "action_library": [
    {
      "type": "recruit",
      "magnitude": 1.0
    },
    {
      "type": "recruit",
      "magnitude": 2.0
    },
    {
      "type": "recruit",
      "magnitude": 3.0
    },
    {
      "type": "adjust_dose",
      "magnitude": -0.1
    },
    {
      "type": "adjust_dose",
      "magnitude": 0.1
    },
    {
      "type": "hold_enrollment",
      "magnitude": 0.0
    },
    {
      "type": "file_interim_report",
      "magnitude": 0.0
    },
    {
      "type": "implement_amendment",
      "magnitude": 0.0
    },
    {
      "type": "noop",
      "magnitude": 0.0
    }
  ],
  "metadata": {
    "step": 400,
    "mean_reward": -2.4907175498552996
  }
}