{
  "format_version": 1,
  "policy_type": "linear_softmax",
  "weights": [
    [
      0.007545648359798147,
      0.0003565657638979483,
      -0.0011192238948855055,
      -0.00013246022564832662,
      0.0,
      -0.0053441771445109825,
      -0.004813511817084925,
      0.002011795016596356,
      -0.0002070978773226979,
      0.009752142300543143,
      -0.020393718948373354,
      0.007545648359798147,
      0.0,
      0.01423507652490177
    ],
    [
      0.278962185201762,
      0.02425227630690622,
      -0.0010840695795975212,
      -0.0008339684630640546,
      0.0,
      -0.002753671790670021,
      -0.002176852122018214,
      0.0052436964234986675,
      -5.451930882094283e-07,
      0.14206206339140867,
      0.007851292654988788,
      0.278962185201762,
      0.0,
      0.04681056491412777
    ],
    [
      0.4584494241390759,
      0.032707549038513424,
      0.00031201951200426057,
      -0.00043402189575292494,
      0.0,
      0.001519174206984095,
      0.001449613526155056,
      0.007928943495231985,
      2.6587319750442476e-08,
      0.2276202052513757,
      0.012309712853151515,
      0.4584494241390759,
      0.0,
      0.06555979017407285
    ],
    [
      -0.025599758178187854,
      0.0023106042381321017,
      0.0005427801089557859,
      -0.00038168319404597407,
      0.0,
      0.001641363461707924,
      0.002272931391206863,
      -0.0003124122893123025,
      4.91588086663456e-06,
      -0.014513344433655843,
      0.009793152737165307,
      -0.025599758178187854,
      0.0,
      -0.004666512197483638
    ],
    [
      -0.0038663916124363116,
      -0.004466399904284046,
      0.000356294467204706,
      0.00063458236802913,
      0.0,
      0.00014556745168733628,
      -0.000398039892483198,
      -0.0016777191025312214,
      -1.4739097295844982e-05,
      -0.0035224981370658584,
      -0.0002872752100478708,
      -0.0038663916124363116,
      0.0,
      -0.003972551856387545
    ],
    [
      -0.6084246807309353,
      -0.03989561438232858,
      -0.00029521569958991636,
      -2.2368288481536216e-05,
      0.0,
      -0.0012413631855452848,
      -0.0014015760891285336,
      -0.00955995069770532,
      -2.3870198771491884e-05,
      -0.3032558431142515,
      -0.00046384677764180763,
      -0.6084246807309353,
      0.0,
      -0.09250316491008578
    ],
    [
      -0.017003925906356184,
      -0.006244341933071485,
      0.0030207445001014465,
      0.002544603200295227,
      0.0,
      0.011747165424181971,
      0.010860127224671555,
      0.00045709341881873127,
      0.000254739059869184,
      -0.01836120605114287,
      0.014977511216661826,
      -0.017003925906356184,
      0.0,
      -0.004292418339106881
    ],
    [
      -0.05545888609575569,
      -0.007593655567449105,
      -0.0011032306324867476,
      -0.000796200063026488,
      0.0,
      -0.004295819330107526,
      -0.00399145095743926,
      -0.0013075885108251644,
      -5.2145426890795796e-06,
      -0.024033241658804376,
      -0.0177699553530669,
      -0.05545888609575569,
      0.0,
      -0.012004378504990736
    ],
    [
      -0.03460361517695832,
      -0.0014269835603166053,
      -0.0006300987817064961,
      -0.0005784834383050689,
      0.0,
      -0.001418239093727505,
      -0.0018012412638792256,
      -0.002783857753771817,
      -8.214618888248412e-06,
      -0.01574827754840562,
      -0.006016873172838169,
      -0.03460361517695832,
      0.0,
      -0.009166405805047783
    ]
  ],
  "action_library": [
    {
      "type": "recruit",
      "magnitude": 1.0
    },
    {
      "type": "recruit",
      "magnitude": 2.0
    },
    {
      "type": "recruit",
      "magnitude": 3.0
    },
    {
      "type": "adjust_dose",
      "magnitude": -0.1
    },
    {
      "type": "adjust_dose",
      "magnitude": 0.1
    },
    {
      "type": "hold_enrollment",
      "magnitude": 0.0
    },
    {
      "type": "file_interim_report",
      "magnitude": 0.0
    },
    {
      "type": "implement_amendment",
      "magnitude": 0.0
    },
    {
      "type": "noop",
      "magnitude": 0.0
    }
  ],
  "metadata": {
    "step": 12500,
    "mean_reward": -1.6765656863320073,
    "resume_from_checkpoint": null
  }
}