{
  "format_version": 1,
  "policy_type": "linear_softmax",
  "weights": [
    [
      0.003960637813727288,
      0.003615046060839275,
      -0.001189275085640393,
      -0.00017603499258599098,
      0.0,
      -0.00507633207882965,
      -0.004609906020803272,
      0.0025679585165639903,
      -0.00016530014676889893,
      0.007877330099751953,
      -0.015762187096043365,
      0.003960637813727288,
      0.0,
      0.015094613882889518
    ],
    [
      0.29153629468713355,
      0.024888607095953513,
      -0.001028046425379038,
      -0.0008691743369853903,
      0.0,
      -0.0023204510341574038,
      -0.0019871086501521058,
      0.005123284192224981,
      1.4119543446625083e-05,
      0.14820230077818142,
      0.00921877792515175,
      0.29153629468713355,
      0.0,
      0.049065879457068355
    ],
    [
      0.4840611566251093,
      0.03115871155987318,
      0.0003517853204799378,
      -0.0004435594524268304,
      0.0,
      0.0005287632789199485,
      0.0006652548637762224,
      0.007766897733103572,
      -6.530929200310227e-05,
      0.2407330852163718,
      0.00562653423956874,
      0.4840611566251093,
      0.0,
      0.06758489643699575
    ],
    [
      -0.024982720495788438,
      0.0027142022591443806,
      0.000653265414522422,
      -0.0002914999657371548,
      0.0,
      0.002155701394978786,
      0.0027627060093783043,
      -0.0003901382158937489,
      1.9868831631491157e-05,
      -0.014951195725881578,
      0.012597597665607127,
      -0.024982720495788438,
      0.0,
      -0.00426616080811665
    ],
    [
      -0.006497330185789085,
      -0.005105005567946561,
      -1.1602443046629916e-05,
      0.0005355511519784432,
      0.0,
      -0.0016272151557765679,
      -0.0022610749089247086,
      -0.001516374602111582,
      -6.414016409840013e-05,
      -0.0033529492765240736,
      -0.0014378392284930448,
      -0.006497330185789085,
      0.0,
      -0.004632732513534763
    ],
    [
      -0.6339192711899054,
      -0.040351905858307766,
      -0.00035498169028532844,
      -8.333941915314702e-05,
      0.0,
      -0.0011444564652952859,
      -0.0012399830533082175,
      -0.009794905574682959,
      -1.132902696009969e-05,
      -0.315607281350154,
      -0.000930786894935504,
      -0.6339192711899054,
      0.0,
      -0.09593614868694728
    ],
    [
      -0.016038219491743038,
      -0.006751775805900279,
      0.0033947072891193702,
      0.0028167225071690453,
      0.0,
      0.013433354141886964,
      0.01231246190077759,
      0.0004007278009127779,
      0.00029291765577480226,
      -0.018977578494570643,
      0.01663144491815579,
      -0.016038219491743038,
      0.0,
      -0.004155488423750721
    ],
    [
      -0.06253692166850529,
      -0.009530141790100364,
      -0.0014108487665258965,
      -0.0008879881360458133,
      0.0,
      -0.005981036784616252,
      -0.0052687465426746625,
      -0.0016600906934149432,
      -6.566340312175954e-05,
      -0.026272713475764067,
      -0.021618403943541746,
      -0.06253692166850529,
      0.0,
      -0.013436872381793459
    ],
    [
      -0.03558362609423301,
      -0.0006377379535545241,
      -0.0004050036132444212,
      -0.0006006773562131669,
      0.0,
      3.167270288944564e-05,
      -0.00037360359806905117,
      -0.0024973591567020886,
      4.483600209933859e-05,
      -0.017650997771410527,
      -0.0043251375854702874,
      -0.03558362609423301,
      0.0,
      -0.009317986962810155
    ]
  ],
  "action_library": [
    {
      "type": "recruit",
      "magnitude": 1.0
    },
    {
      "type": "recruit",
      "magnitude": 2.0
    },
    {
      "type": "recruit",
      "magnitude": 3.0
    },
    {
      "type": "adjust_dose",
      "magnitude": -0.1
    },
    {
      "type": "adjust_dose",
      "magnitude": 0.1
    },
    {
      "type": "hold_enrollment",
      "magnitude": 0.0
    },
    {
      "type": "file_interim_report",
      "magnitude": 0.0
    },
    {
      "type": "implement_amendment",
      "magnitude": 0.0
    },
    {
      "type": "noop",
      "magnitude": 0.0
    }
  ],
  "metadata": {
    "step": 13600,
    "mean_reward": -1.6486954183153142,
    "resume_from_checkpoint": null
  }
}