{
  "format_version": 1,
  "policy_type": "linear_softmax",
  "weights": [
    [
      -0.0021565566997708715,
      -0.0010497620194808298,
      0.00027577181843969456,
      0.0003608553216083905,
      -4.371977693711072e-05,
      -0.0009234315992692865,
      0.0,
      -0.0001676131977801876,
      -0.00048118516369301847,
      -0.00039052738462252,
      -0.0021842102122086792
    ],
    [
      0.005506530263324843,
      0.0027188387237674565,
      0.0031576280364050955,
      0.002929141820535077,
      0.0001770152671258243,
      0.0005343364086805716,
      0.0,
      0.001356512491230624,
      0.0009673375926853465,
      0.0013491814359757463,
      0.000727884531318682
    ],
    [
      0.005796147212702394,
      0.002623583076744116,
      0.002975669259005459,
      0.002991827575901048,
      -5.778099532434863e-05,
      -8.38570723663985e-06,
      0.0,
      0.0014690516267727497,
      0.0010651412065006472,
      0.0014611257057729407,
      1.6158278324471865e-05
    ],
    [
      0.0007773488769427799,
      -2.2500997533684766e-05,
      0.0001928585132652182,
      4.501631984178061e-05,
      0.00011231951722853467,
      0.00020581365794728374,
      0.0,
      2.29599963390105e-05,
      5.6568990642615084e-05,
      0.00025123855683017657,
      0.0010632114806899415
    ],
    [
      -0.00015931189344179449,
      -0.0006537382167940574,
      -0.000287493814659232,
      -0.0003106292100955376,
      -2.4811719022589725e-05,
      3.0387390347362095e-05,
      0.0,
      -0.00022398359803967976,
      -0.00017722042606859966,
      -0.00015779634899698824,
      -0.0004084882978213252
    ],
    [
      -0.0013714787743564249,
      -0.0003486274558542337,
      -0.001830416511606243,
      -0.0018873352055520994,
      2.9927486958750995e-05,
      0.0005013063483252575,
      0.0,
      -0.0005249315996718665,
      -0.00018782996070184314,
      -0.00022326905122652544,
      0.0019593804733438287
    ],
    [
      -0.0005547672978589621,
      -0.00032743138030155494,
      -0.0008731603562858907,
      -0.0007682560472632334,
      -7.903361319700302e-06,
      0.0001031240677640871,
      0.0,
      -0.00031807033429999935,
      -0.00010671279367950778,
      6.348093516909887e-05,
      0.00036013701814511655
    ],
    [
      -0.005701017547026515,
      -0.0022559344419725933,
      -0.002243054632456957,
      -0.0020419828044286794,
      -0.00011906526287272179,
      -2.4901160282139582e-05,
      0.0,
      -0.0011328979446911477,
      -0.0008597742091954196,
      -0.001994872254089209,
      -0.0014661009768941087
    ],
    [
      -0.0021368941405154477,
      -0.0006844272885746132,
      -0.0013678023121071483,
      -0.001318637770546735,
      -6.598115583663815e-05,
      -0.0004182494062765005,
      0.0,
      -0.00048102743985950947,
      -0.00027632523649021934,
      -0.0003585615948127104,
      -6.79722948979095e-05
    ]
  ],
  "action_library": [
    {
      "type": "recruit",
      "magnitude": 1.0
    },
    {
      "type": "recruit",
      "magnitude": 2.0
    },
    {
      "type": "recruit",
      "magnitude": 3.0
    },
    {
      "type": "adjust_dose",
      "magnitude": -0.1
    },
    {
      "type": "adjust_dose",
      "magnitude": 0.1
    },
    {
      "type": "hold_enrollment",
      "magnitude": 0.0
    },
    {
      "type": "file_interim_report",
      "magnitude": 0.0
    },
    {
      "type": "implement_amendment",
      "magnitude": 0.0
    },
    {
      "type": "noop",
      "magnitude": 0.0
    }
  ],
  "metadata": {
    "step": 100,
    "mean_reward": -5.035348090277777
  }
}