{
  "format_version": 1,
  "policy_type": "linear_softmax",
  "weights": [
    [
      0.04567259827597187,
      0.003379015948734821,
      -0.0006690677033352381,
      -1.5434778290818486e-05,
      0.0,
      -0.0034255310348033775,
      -0.0037064990424370893,
      0.0021384722695454964,
      -0.00011717561882771643,
      0.02634978092897035,
      -0.010167562133265473,
      0.04567259827597187,
      0.0,
      0.013649132587331771
    ],
    [
      0.1484879503371181,
      0.013650583715327992,
      -0.0007802383004322615,
      -0.0005164628941782693,
      0.0,
      -0.0018389794253267507,
      -0.001421571391822318,
      0.0026273406046186587,
      -3.0022812963870195e-05,
      0.07635641847248534,
      0.002821310397276684,
      0.1484879503371181,
      0.0,
      0.025573690766976177
    ],
    [
      0.19912998798791826,
      0.014967876136307474,
      0.000615437352382845,
      -3.841415554586372e-05,
      0.0,
      0.0026189883449663797,
      0.0024578256492811686,
      0.0038570701437829393,
      4.647723954698756e-05,
      0.09732436770253283,
      0.007924922081380613,
      0.19912998798791826,
      0.0,
      0.030556012026902654
    ],
    [
      -0.0043032284282850525,
      0.002794518958150256,
      0.0002449094584199337,
      -0.00011862658227367967,
      0.0,
      0.0010756111049571937,
      0.0013812975939184581,
      -0.0004092657836670814,
      3.559365754735185e-05,
      -0.002972999741053618,
      0.009553744053099765,
      -0.0043032284282850525,
      0.0,
      0.0001756951242507247
    ],
    [
      0.0015129053211476078,
      -0.003548554538965944,
      0.00026008210859006383,
      0.00025173588786889337,
      0.0,
      0.0004829539902418521,
      0.00034035089956777504,
      -0.0005565445563339097,
      2.092433386050155e-05,
      -0.0007927303033570312,
      -0.0031932539185935134,
      0.0015129053211476078,
      0.0,
      -0.002586696320162797
    ],
    [
      -0.34021435927297916,
      -0.024277022016067604,
      -6.700131780189785e-05,
      6.605929466220018e-05,
      0.0,
      -0.0005117548664111596,
      -0.0004544375536625009,
      -0.006038875310813165,
      -1.8388898471422716e-05,
      -0.16984781763068765,
      0.001679944974462266,
      -0.34021435927297916,
      0.0,
      -0.05436813158506896
    ],
    [
      -0.0013631780692844213,
      0.0005431299163124115,
      0.0012903430247842617,
      0.0008845779751652399,
      0.0,
      0.00537809013370221,
      0.004948175759703826,
      0.0006141458356364335,
      0.0001208805067952056,
      -0.005126773684586741,
      0.012503020963403251,
      -0.0013631780692844213,
      0.0,
      -0.0001554605958100933
    ],
    [
      -0.033808154522284556,
      -0.005574743081195987,
      -0.0008754542602030142,
      -0.0006190907354754355,
      0.0,
      -0.0036556933145738737,
      -0.003161084139713803,
      -0.0006799330493436581,
      -4.4579820815919426e-05,
      -0.013873631438221656,
      -0.016860903796498357,
      -0.033808154522284556,
      0.0,
      -0.008029671623210754
    ],
    [
      -0.015114521629319849,
      -0.0019348050386036194,
      -1.9010362404677224e-05,
      0.00010565598806773241,
      0.0,
      -0.00012368493275246288,
      -0.00038405777483552315,
      -0.0015524101534257566,
      -1.3708586671117763e-05,
      -0.007416614306080622,
      -0.004261222621265442,
      -0.015114521629319849,
      0.0,
      -0.004814570381208268
    ]
  ],
  "action_library": [
    {
      "type": "recruit",
      "magnitude": 1.0
    },
    {
      "type": "recruit",
      "magnitude": 2.0
    },
    {
      "type": "recruit",
      "magnitude": 3.0
    },
    {
      "type": "adjust_dose",
      "magnitude": -0.1
    },
    {
      "type": "adjust_dose",
      "magnitude": 0.1
    },
    {
      "type": "hold_enrollment",
      "magnitude": 0.0
    },
    {
      "type": "file_interim_report",
      "magnitude": 0.0
    },
    {
      "type": "implement_amendment",
      "magnitude": 0.0
    },
    {
      "type": "noop",
      "magnitude": 0.0
    }
  ],
  "metadata": {
    "step": 4600,
    "mean_reward": -1.6838366316237525,
    "resume_from_checkpoint": null
  }
}