{
  "format_version": 1,
  "policy_type": "linear_softmax",
  "weights": [
    [
      0.027415499967936085,
      0.0008053537085044932,
      -0.0003589951164790362,
      5.874203409356074e-05,
      0.0,
      -0.0019539274295030593,
      -0.001899829628020203,
      0.000619920549865057,
      -6.71070813447031e-05,
      0.015683436425891827,
      -0.004008574293601903,
      0.027415499967936085,
      0.0,
      0.006992309789109013
    ],
    [
      0.062075171411046196,
      0.008076107466591589,
      -0.0005616056681712601,
      -0.0002945717259402352,
      0.0,
      -0.0026624431004481264,
      -0.0021977474833186224,
      0.001928621068450431,
      -9.180744500470912e-05,
      0.03279361536106514,
      0.003038524921078063,
      0.062075171411046196,
      0.0,
      0.010952202951342164
    ],
    [
      0.07475573997465858,
      0.004172985657664561,
      0.00047434522826943736,
      -1.468585727248093e-05,
      0.0,
      0.002132392667278295,
      0.002078413389491792,
      0.0014519144769662327,
      5.89243977246387e-05,
      0.03545059327586785,
      0.0020326779872147124,
      0.07475573997465858,
      0.0,
      0.011205168625832814
    ],
    [
      0.007047751697509255,
      0.006858176924355736,
      0.00017584515651855443,
      -9.943715086582625e-05,
      0.0,
      0.0014592311295103361,
      0.0013528252669315277,
      0.00041834463091931074,
      5.27983693579882e-05,
      0.0023916734014857843,
      0.011528596090767437,
      0.007047751697509255,
      0.0,
      0.002566534729708516
    ],
    [
      -0.0013832246982088455,
      -0.004837228840722523,
      -0.00012830374329955954,
      0.00023859968111301593,
      0.0,
      -0.0007525795906133068,
      -0.0007793203156188995,
      -0.0012467066654793402,
      -1.9441779105618927e-05,
      0.0003000744728625037,
      -0.006043922625143076,
      -0.0013832246982088455,
      0.0,
      -0.0015822207340326383
    ],
    [
      -0.14330501521354339,
      -0.008960641244683024,
      0.000149228609192123,
      2.911590502248973e-06,
      0.0,
      0.0009461192122242065,
      0.0008315638870494205,
      -0.002448597906380187,
      3.724217691055384e-05,
      -0.07244818239489609,
      0.0038084932205469085,
      -0.14330501521354339,
      0.0,
      -0.02356056676870109
    ],
    [
      7.215321797088471e-05,
      0.0005144816007212761,
      0.0007564173307806044,
      0.0003945982403866028,
      0.0,
      0.003335116734785924,
      0.0031630496150036255,
      0.0008363287963118791,
      7.980668875142124e-05,
      -0.002960809749919616,
      0.005120627771650316,
      7.215321797088471e-05,
      0.0,
      -0.0003043641014888384
    ],
    [
      -0.015330194311110788,
      -0.0014719454247526895,
      -0.0003995314258087017,
      -0.0003260213558165218,
      0.0,
      -0.001984420614759965,
      -0.0017098667172431086,
      7.343301995216694e-05,
      -1.98922558169922e-05,
      -0.006202642439938971,
      -0.006352639327102228,
      -0.015330194311110788,
      0.0,
      -0.00312033543636533
    ],
    [
      -0.011347882046256605,
      -0.0051572898476793414,
      -0.00010740037100215843,
      3.9864543799634815e-05,
      0.0,
      -0.0005194890084742955,
      -0.0008390880142755279,
      -0.0016332579706055369,
      -3.052307147257824e-05,
      -0.005007758352417978,
      -0.009123783745410396,
      -0.011347882046256605,
      0.0,
      -0.00314872905540463
    ]
  ],
  "action_library": [
    {
      "type": "recruit",
      "magnitude": 1.0
    },
    {
      "type": "recruit",
      "magnitude": 2.0
    },
    {
      "type": "recruit",
      "magnitude": 3.0
    },
    {
      "type": "adjust_dose",
      "magnitude": -0.1
    },
    {
      "type": "adjust_dose",
      "magnitude": 0.1
    },
    {
      "type": "hold_enrollment",
      "magnitude": 0.0
    },
    {
      "type": "file_interim_report",
      "magnitude": 0.0
    },
    {
      "type": "implement_amendment",
      "magnitude": 0.0
    },
    {
      "type": "noop",
      "magnitude": 0.0
    }
  ],
  "metadata": {
    "step": 1600,
    "mean_reward": -2.2213527370528543,
    "resume_from_checkpoint": null
  }
}