{
  "format_version": 1,
  "policy_type": "linear_softmax",
  "weights": [
    [
      0.007945925744665485,
      0.0017957620227053205,
      -0.001051858899150766,
      -0.0001480164710824712,
      0.0,
      -0.0050446656828522715,
      -0.004559319619213617,
      0.0022115779627928677,
      -0.00019327342415555334,
      0.009611472109275057,
      -0.018299403204928146,
      0.007945925744665485,
      0.0,
      0.014623686481188227
    ],
    [
      0.2802345378952633,
      0.023608508827357204,
      -0.0012790321986584704,
      -0.0009255344075885046,
      0.0,
      -0.0035781310556594623,
      -0.002966759375633484,
      0.004997257535238124,
      -2.3351464636902094e-05,
      0.14350280676278027,
      0.006015975623084417,
      0.2802345378952633,
      0.0,
      0.04686798479993198
    ],
    [
      0.46129547393458803,
      0.030322417134024747,
      0.0004729976658056012,
      -0.00040294504480761187,
      0.0,
      0.0022719998112822088,
      0.0021807437956095194,
      0.0076938712425659705,
      1.5540623711009062e-05,
      0.22848536432746203,
      0.008203168744644676,
      0.46129547393458803,
      0.0,
      0.0650121899556404
    ],
    [
      -0.024121623969816222,
      0.0031592435863309104,
      0.0006415965412496431,
      -0.00033424719649619673,
      0.0,
      0.002023356229308608,
      0.0026712451088362183,
      -0.00021262340247090255,
      8.99319140026008e-06,
      -0.014322961452134068,
      0.012292783791906329,
      -0.024121623969816222,
      0.0,
      -0.004136828889924219
    ],
    [
      -0.0028283576780976706,
      -0.0039973516067240795,
      0.00030119133237413963,
      0.0006200157298882808,
      0.0,
      -8.084944251083594e-05,
      -0.0006703167808614713,
      -0.0015615309752393949,
      -2.2251892765426894e-05,
      -0.002814482570193759,
      0.0008934824024602704,
      -0.0028283576780976706,
      0.0,
      -0.0035229030659964956
    ],
    [
      -0.6143326938580227,
      -0.04008652094152797,
      -0.00032896668695303274,
      -2.5758878481712775e-05,
      0.0,
      -0.0012893946337762293,
      -0.001413639429057941,
      -0.009557264479344608,
      -2.057572679081603e-05,
      -0.3059878088631497,
      -0.0006833992698145572,
      -0.6143326938580227,
      0.0,
      -0.09328436381233936
    ],
    [
      -0.01608156899383618,
      -0.006116594096448287,
      0.0030774994724304633,
      0.0025862545297325188,
      0.0,
      0.01197584554004434,
      0.01103487597425722,
      0.0005187878287379588,
      0.0002646775840892484,
      -0.01811863351193017,
      0.01584447830057212,
      -0.01608156899383618,
      0.0,
      -0.004005219873517112
    ],
    [
      -0.056818218736793574,
      -0.007828673032941451,
      -0.0011953520119092592,
      -0.0008120355719376534,
      0.0,
      -0.004854351938336806,
      -0.004394740158870393,
      -0.0014328113558087702,
      -2.4972473097967642e-05,
      -0.024253754261322147,
      -0.01822238484414725,
      -0.056818218736793574,
      0.0,
      -0.012236434057962188
    ],
    [
      -0.035293474337945566,
      -0.0008567918927762011,
      -0.0006380752151883047,
      -0.000557732689226666,
      0.0,
      -0.001423808827499528,
      -0.0018820895150659205,
      -0.0026572643564713003,
      -4.786417753854948e-06,
      -0.016102002540787128,
      -0.006044701543778574,
      -0.035293474337945566,
      0.0,
      -0.009318111537021313
    ]
  ],
  "action_library": [
    {
      "type": "recruit",
      "magnitude": 1.0
    },
    {
      "type": "recruit",
      "magnitude": 2.0
    },
    {
      "type": "recruit",
      "magnitude": 3.0
    },
    {
      "type": "adjust_dose",
      "magnitude": -0.1
    },
    {
      "type": "adjust_dose",
      "magnitude": 0.1
    },
    {
      "type": "hold_enrollment",
      "magnitude": 0.0
    },
    {
      "type": "file_interim_report",
      "magnitude": 0.0
    },
    {
      "type": "implement_amendment",
      "magnitude": 0.0
    },
    {
      "type": "noop",
      "magnitude": 0.0
    }
  ],
  "metadata": {
    "step": 12700,
    "mean_reward": -4.0768450220695795,
    "resume_from_checkpoint": null
  }
}