{
  "format_version": 1,
  "policy_type": "linear_softmax",
  "weights": [
    [
      0.012042749141826035,
      0.0026446730455746215,
      -6.497436832810898e-06,
      -5.835024198648207e-05,
      0.0,
      -0.00018013583047461447,
      -6.667550345313502e-05,
      0.00040584465795232054,
      3.4746817501921325e-06,
      0.006068577018475384,
      0.002431685002896037,
      0.012042749141826035,
      0.0,
      0.002782840991948891
    ],
    [
      0.014276441508183498,
      0.0014628510321081161,
      -2.7223909528648312e-05,
      -3.084713659078876e-05,
      0.0,
      6.476361033149348e-05,
      9.114028400906376e-05,
      0.00043538386774982877,
      9.808371819810208e-06,
      0.0071101637883682674,
      0.0010997052066299817,
      0.014276441508183498,
      0.0,
      0.0026321228298502616
    ],
    [
      0.01655668695132348,
      -0.0005471543512427766,
      8.597805740216056e-05,
      -4.3357895006084495e-05,
      0.0,
      0.000259431245060846,
      0.0002562378866903271,
      0.00020200138085599758,
      1.1014980897903927e-05,
      0.007883605260275955,
      -0.0031685681556308264,
      0.01655668695132348,
      0.0,
      0.0019026970588320196
    ],
    [
      0.005533973271004067,
      0.003232461341778383,
      -6.662165412058318e-05,
      -8.710383547445119e-05,
      0.0,
      -1.6436332928399523e-05,
      -7.891675843735039e-05,
      0.00016490734640073798,
      1.0662974684749178e-05,
      0.0028980285732277938,
      0.0048754008758778045,
      0.005533973271004067,
      0.0,
      0.001595649486398503
    ],
    [
      -0.0033848506796762333,
      -0.0018391925533201405,
      -0.00010693416566162807,
      3.4078478100110704e-05,
      0.0,
      -0.0004964942597115419,
      -0.0005192758894606228,
      -0.0004699407277724898,
      -1.5704453679409135e-05,
      -0.0010834907776399072,
      -0.004260680656797718,
      -0.0033848506796762333,
      0.0,
      -0.0012692568155514754
    ],
    [
      -0.0400751595124056,
      -0.002198725189171518,
      4.985765927515486e-06,
      7.958300009518924e-05,
      0.0,
      0.00014178209021436215,
      0.0002297691187985713,
      -0.0005600854605041365,
      -4.491683870147812e-06,
      -0.02014617245350564,
      0.0006664758904668409,
      -0.0400751595124056,
      0.0,
      -0.006154197320340043
    ],
    [
      0.0039217455457437045,
      0.0008996340858682508,
      0.00024004836379212279,
      0.00017693284856244696,
      0.0,
      0.0009731064256651917,
      0.0010098149130458275,
      0.00022179488724227158,
      1.2529938786146934e-05,
      0.0010403358503213703,
      0.003457653076838512,
      0.0039217455457437045,
      0.0,
      0.000632032592881327
    ],
    [
      -0.00250245734554452,
      -0.0013754507693144646,
      -0.000169351268448426,
      -0.0001180236095905194,
      0.0,
      -0.0008374710015492406,
      -0.0008294543179794066,
      -0.0001292689431033827,
      -1.9509784349022576e-05,
      -0.0006710339630523416,
      -0.0008865322665591477,
      -0.00250245734554452,
      0.0,
      -0.0006665021879267797
    ],
    [
      -0.006369128880454457,
      -0.002279096642280471,
      4.561624747029761e-05,
      4.7088391890579084e-05,
      0.0,
      9.145405339190305e-05,
      -9.263973321327547e-05,
      -0.00027063700882115583,
      -7.785026040222866e-06,
      -0.0031000132964708583,
      -0.004215138973721489,
      -0.006369128880454457,
      0.0,
      -0.0014553866360927062
    ]
  ],
  "action_library": [
    {
      "type": "recruit",
      "magnitude": 1.0
    },
    {
      "type": "recruit",
      "magnitude": 2.0
    },
    {
      "type": "recruit",
      "magnitude": 3.0
    },
    {
      "type": "adjust_dose",
      "magnitude": -0.1
    },
    {
      "type": "adjust_dose",
      "magnitude": 0.1
    },
    {
      "type": "hold_enrollment",
      "magnitude": 0.0
    },
    {
      "type": "file_interim_report",
      "magnitude": 0.0
    },
    {
      "type": "implement_amendment",
      "magnitude": 0.0
    },
    {
      "type": "noop",
      "magnitude": 0.0
    }
  ],
  "metadata": {
    "step": 400,
    "mean_reward": -9.376156688569129,
    "resume_from_checkpoint": null
  }
}