{
  "format_version": 1,
  "policy_type": "linear_softmax",
  "weights": [
    [
      0.04244818195564952,
      0.0012242124895071732,
      -0.00107350969433164,
      -0.00016126064722376285,
      0.0,
      -0.004867302425378239,
      -0.004759865183634278,
      0.0019305462508401503,
      -0.00012730775465294943,
      0.026361931977338573,
      -0.018402799778944736,
      0.04244818195564952,
      0.0,
      0.015311000060891863
    ],
    [
      0.20929165131834515,
      0.018892588725150573,
      -0.0008427705759166415,
      -0.000605837146004583,
      0.0,
      -0.0020220245189498595,
      -0.0015739973700620476,
      0.003733495036747784,
      -1.8771285081086207e-05,
      0.10635274945177005,
      0.005473106505631157,
      0.20929165131834515,
      0.0,
      0.035764468043445456
    ],
    [
      0.3069594116892287,
      0.024317328683162342,
      0.000648811943771579,
      -0.0002008113721959649,
      0.0,
      0.002483254723086755,
      0.0026161953089180712,
      0.005350404482519946,
      4.820516464901217e-05,
      0.15071648780581456,
      0.013606291332643163,
      0.3069594116892287,
      0.0,
      0.04702302259810246
    ],
    [
      -0.012159133441740588,
      0.00259926694519866,
      0.0005326262564109395,
      -6.0452079810754444e-05,
      0.0,
      0.0018021916317127382,
      0.002091913491583111,
      -0.0005217159922391792,
      2.8554542238468988e-05,
      -0.007718311671477735,
      0.01236380657787392,
      -0.012159133441740588,
      0.0,
      -0.0016173418607456312
    ],
    [
      -0.0015086942905298618,
      -0.0040811366722835925,
      0.00039217365952273504,
      0.000313482648042851,
      0.0,
      0.0010966513044484065,
      0.0005517386706167401,
      -0.0010062091854923171,
      1.6710059841959385e-05,
      -0.0026556905133312022,
      -0.0025863676339737615,
      -0.0015086942905298618,
      0.0,
      -0.003777788329580844
    ],
    [
      -0.4681559580878143,
      -0.0316356304466997,
      -0.000363095687602557,
      -0.00010520971004568124,
      0.0,
      -0.0013642937344440582,
      -0.001289678433138519,
      -0.0076658677895625905,
      -3.939105460244563e-05,
      -0.2326798769322171,
      0.001270931480123375,
      -0.4681559580878143,
      0.0,
      -0.072891018348227
    ],
    [
      -0.007724537154909956,
      -0.0019072411018735583,
      0.0019068818859674078,
      0.0015682268200326132,
      0.0,
      0.007875913532056477,
      0.007322632692974808,
      0.0006272678853304307,
      0.0001745035981282458,
      -0.010258841893295154,
      0.016135262632406038,
      -0.007724537154909956,
      0.0,
      -0.0019576638077471826
    ],
    [
      -0.045474436822969005,
      -0.008034410213880223,
      -0.0011284159758124543,
      -0.0006625932600728701,
      0.0,
      -0.004710602468542406,
      -0.004388816541594666,
      -0.0005827833712201307,
      -5.687343203656659e-05,
      -0.018442355872413333,
      -0.02278015526132326,
      -0.045474436822969005,
      0.0,
      -0.011167026035524611
    ],
    [
      -0.023676485165262832,
      -0.001374978408282389,
      -7.27018120093607e-05,
      -8.554525272184997e-05,
      0.0,
      -0.0002937880439898773,
      -0.0005701226356632075,
      -0.0018651373169240807,
      -2.5629838484639246e-05,
      -0.011676092352190835,
      -0.005080075854436313,
      -0.023676485165262832,
      0.0,
      -0.006687652320612192
    ]
  ],
  "action_library": [
    {
      "type": "recruit",
      "magnitude": 1.0
    },
    {
      "type": "recruit",
      "magnitude": 2.0
    },
    {
      "type": "recruit",
      "magnitude": 3.0
    },
    {
      "type": "adjust_dose",
      "magnitude": -0.1
    },
    {
      "type": "adjust_dose",
      "magnitude": 0.1
    },
    {
      "type": "hold_enrollment",
      "magnitude": 0.0
    },
    {
      "type": "file_interim_report",
      "magnitude": 0.0
    },
    {
      "type": "implement_amendment",
      "magnitude": 0.0
    },
    {
      "type": "noop",
      "magnitude": 0.0
    }
  ],
  "metadata": {
    "step": 7600,
    "mean_reward": -4.31257204478524,
    "resume_from_checkpoint": null
  }
}