{
  "format_version": 1,
  "policy_type": "linear_softmax",
  "weights": [
    [
      0.027194029765434828,
      0.0024804223998197467,
      -0.0008199777158851387,
      -0.00016134149731411194,
      0.0,
      -0.0036248952152373557,
      -0.003565037709026083,
      0.0018871125161330276,
      -0.00013364446316269985,
      0.017904314056868095,
      -0.01762238916809861,
      0.027194029765434828,
      0.0,
      0.015353844770948599
    ],
    [
      0.24389395975249023,
      0.02127572873943685,
      -0.0012505642003521275,
      -0.0006082325010680993,
      0.0,
      -0.0038609432159398688,
      -0.0034529044361219768,
      0.004607974986107152,
      -7.743640523945131e-05,
      0.12589574730060366,
      0.0050113370930451265,
      0.24389395975249023,
      0.0,
      0.041020566270863354
    ],
    [
      0.37483864322160126,
      0.02755483261873864,
      0.0007960925495862728,
      -0.00032505062709835926,
      0.0,
      0.0035379071415289577,
      0.0035463191443019767,
      0.006485341021907802,
      7.284515047433481e-05,
      0.18400170761888718,
      0.015381480679301618,
      0.37483864322160126,
      0.0,
      0.0555927142044685
    ],
    [
      -0.01595435934354336,
      0.005065416588028399,
      0.0007244016232421858,
      -0.00031434459541738297,
      0.0,
      0.0022055072859832013,
      0.0031751295411097326,
      3.0387800260962148e-05,
      5.1458205021712655e-05,
      -0.010940275641665324,
      0.01269541870211492,
      -0.01595435934354336,
      0.0,
      -0.002572880741644593
    ],
    [
      -0.0016853815255284724,
      -0.004047029635041298,
      0.00022563454210028716,
      0.0004969640254808551,
      0.0,
      -0.00027770670971848316,
      -0.001053294902721213,
      -0.0013290160333951238,
      -2.026019687003113e-05,
      -0.0020528455855190674,
      -0.0008918278829983278,
      -0.0016853815255284724,
      0.0,
      -0.0034698602946884403
    ],
    [
      -0.5322883422092293,
      -0.03526677770315123,
      -0.0002610735550628493,
      -5.329099769801328e-05,
      0.0,
      -0.0012764934466571627,
      -0.0012464411724798044,
      -0.008564421608101115,
      -4.626726581540142e-05,
      -0.26517233386523825,
      0.0013408954564235953,
      -0.5322883422092293,
      0.0,
      -0.08201286077363423
    ],
    [
      -0.01550400694529598,
      -0.006883333962492378,
      0.002272622344159245,
      0.002003472744646323,
      0.0,
      0.009079639665566503,
      0.00820229378977619,
      0.00024908130276768886,
      0.00018925860297009796,
      -0.0149165736621304,
      0.010566515376244213,
      -0.01550400694529598,
      0.0,
      -0.0043370574053676276
    ],
    [
      -0.04830289042510773,
      -0.00683726909316627,
      -0.0010710083912802628,
      -0.0007103616731634486,
      0.0,
      -0.004288956848204699,
      -0.00390590649620943,
      -0.0006845339341658739,
      -2.099052214705649e-05,
      -0.020370375851159816,
      -0.018562078052077137,
      -0.04830289042510773,
      0.0,
      -0.010919573758567653
    ],
    [
      -0.0321916522908137,
      -0.0033419899521728,
      -0.0006161271965076026,
      -0.0003278148783677705,
      0.0,
      -0.001494058657321113,
      -0.0017001577586292966,
      -0.0026819260515145186,
      -1.4963105231505932e-05,
      -0.014349364370643125,
      -0.00791935220395615,
      -0.0321916522908137,
      0.0,
      -0.00865489227237641
    ]
  ],
  "action_library": [
    {
      "type": "recruit",
      "magnitude": 1.0
    },
    {
      "type": "recruit",
      "magnitude": 2.0
    },
    {
      "type": "recruit",
      "magnitude": 3.0
    },
    {
      "type": "adjust_dose",
      "magnitude": -0.1
    },
    {
      "type": "adjust_dose",
      "magnitude": 0.1
    },
    {
      "type": "hold_enrollment",
      "magnitude": 0.0
    },
    {
      "type": "file_interim_report",
      "magnitude": 0.0
    },
    {
      "type": "implement_amendment",
      "magnitude": 0.0
    },
    {
      "type": "noop",
      "magnitude": 0.0
    }
  ],
  "metadata": {
    "step": 9700,
    "mean_reward": -1.7793727929715302,
    "resume_from_checkpoint": null
  }
}