{
  "format_version": 1,
  "policy_type": "linear_softmax",
  "weights": [
    [
      0.05227282862366932,
      0.005165842230311562,
      -0.001030056741887674,
      -0.00019388839906669183,
      0.0,
      -0.004772862795120056,
      -0.004766954144449674,
      0.0016984109572015804,
      -0.00012300998792258807,
      0.031074240068512747,
      -0.009099057570998192,
      0.05227282862366932,
      0.0,
      0.01688649442089837
    ],
    [
      0.17723817389675525,
      0.01657955266818922,
      -0.0009792765346817557,
      -0.0005804982004180949,
      0.0,
      -0.0026013074759875803,
      -0.0020966081278718032,
      0.003475358095999403,
      -4.775786314728357e-05,
      0.09121614097210456,
      0.002142372198639093,
      0.17723817389675525,
      0.0,
      0.030230847967755433
    ],
    [
      0.24723488781603362,
      0.017382482341628775,
      0.0008631248217209651,
      -8.922568832702732e-05,
      0.0,
      0.003156726523031433,
      0.0029685390275773593,
      0.004494489635700052,
      5.70973970525967e-05,
      0.11998048332058012,
      0.0058763934304912205,
      0.24723488781603362,
      0.0,
      0.03718643540976533
    ],
    [
      -0.0055818295325223396,
      0.004228830835273366,
      0.0005704744900534481,
      -9.949201570545076e-05,
      0.0,
      0.00260091449501852,
      0.0028604947162797754,
      -6.960006085687795e-05,
      6.36196403619977e-05,
      -0.004983203529997017,
      0.015742068848201046,
      -0.0055818295325223396,
      0.0,
      0.00012583729888777372
    ],
    [
      -0.0004321268298306617,
      -0.0041342403453899276,
      0.0001907599398837803,
      0.00035495316593143794,
      0.0,
      0.0002698102170370427,
      -0.00017175534496455272,
      -0.0008660686589370188,
      -1.55501801544531e-05,
      -0.0010758566646292792,
      -0.00490347194962533,
      -0.0004321268298306617,
      0.0,
      -0.003472203589202492
    ],
    [
      -0.4062434022615929,
      -0.027550273450038774,
      -0.0003179083842880728,
      -3.492116175790432e-05,
      0.0,
      -0.00130041460702672,
      -0.001235702460374167,
      -0.0068418089103976796,
      -4.0886842078375347e-05,
      -0.20191809646748532,
      0.0017453519914898974,
      -0.4062434022615929,
      0.0,
      -0.06442808363084879
    ],
    [
      -0.004947430835791803,
      -0.0015375502948400482,
      0.0016329539469498516,
      0.0013114256318748048,
      0.0,
      0.006495890918281166,
      0.006148401770571652,
      0.0007759580662731019,
      0.00013775219269374347,
      -0.007918279596876434,
      0.01370820293716023,
      -0.004947430835791803,
      0.0,
      -0.0007514672134872128
    ],
    [
      -0.03906833006850255,
      -0.007063743258615233,
      -0.0008866369606470263,
      -0.0006748127504382783,
      0.0,
      -0.003825131995067894,
      -0.0034797274384099964,
      -0.0007458888381281392,
      -3.5597848363726645e-05,
      -0.016437825888431446,
      -0.019949368954870126,
      -0.03906833006850255,
      0.0,
      -0.009792691243299236
    ],
    [
      -0.020472770808220003,
      -0.0030709007265192897,
      -4.343457710350277e-05,
      6.459417907209439e-06,
      0.0,
      -2.362528016590785e-05,
      -0.00022668799835859487,
      -0.0019208502868544295,
      4.333491558088909e-06,
      -0.009937602213779345,
      -0.005262490930488116,
      -0.020472770808220003,
      0.0,
      -0.005985169420468133
    ]
  ],
  "action_library": [
    {
      "type": "recruit",
      "magnitude": 1.0
    },
    {
      "type": "recruit",
      "magnitude": 2.0
    },
    {
      "type": "recruit",
      "magnitude": 3.0
    },
    {
      "type": "adjust_dose",
      "magnitude": -0.1
    },
    {
      "type": "adjust_dose",
      "magnitude": 0.1
    },
    {
      "type": "hold_enrollment",
      "magnitude": 0.0
    },
    {
      "type": "file_interim_report",
      "magnitude": 0.0
    },
    {
      "type": "implement_amendment",
      "magnitude": 0.0
    },
    {
      "type": "noop",
      "magnitude": 0.0
    }
  ],
  "metadata": {
    "step": 6000,
    "mean_reward": -1.6650228429920306,
    "resume_from_checkpoint": null
  }
}