{
  "format_version": 1,
  "policy_type": "linear_softmax",
  "weights": [
    [
      -0.007759536959029174,
      -0.0037960328131826358,
      -0.0005776035404563605,
      -7.709456723925911e-05,
      0.0,
      -0.0022471186317486336,
      -0.002245246246208693,
      -0.00035186351400863676,
      -0.00021753445986714742,
      -0.001090295422529452,
      -0.006224210799624345,
      -0.007759536959029174,
      0.0,
      -0.0017665662578392157
    ],
    [
      0.02254998324332979,
      0.002623454077362874,
      8.36855536559326e-05,
      1.9584626640129988e-05,
      0.0,
      0.00045549833637177807,
      0.00023265512460236737,
      0.0006004291033788488,
      5.308285647597998e-05,
      0.01089760836272147,
      0.00267470816376574,
      0.02254998324332979,
      0.0,
      0.00509300824932449
    ],
    [
      0.03163062643121897,
      0.002808057223399223,
      -1.8004538828196216e-05,
      3.129503830949669e-05,
      0.0,
      -3.142988219598895e-05,
      6.844797474439641e-05,
      0.0007903238855441452,
      -3.5449706857549683e-06,
      0.015932325550576488,
      0.00028990077055006825,
      0.03163062643121897,
      0.0,
      0.006781595426043275
    ],
    [
      0.005235043691441049,
      0.002991576294493907,
      0.00018303322995266672,
      5.1261562583615276e-05,
      0.0,
      0.0006657072775434577,
      0.0007172705136345125,
      0.00028460396913128735,
      6.396914186370802e-05,
      0.001728286643379549,
      0.004641280669331621,
      0.005235043691441049,
      0.0,
      0.001626114724337826
    ],
    [
      0.0011108556460065232,
      -0.0010259078458142773,
      8.021994160322485e-06,
      -5.230304222996856e-06,
      0.0,
      0.000245730059184509,
      0.00042276039522871835,
      -0.0003720581656769072,
      3.891992983357639e-05,
      0.0004434981541855722,
      -0.0004447462404679879,
      0.0011108556460065232,
      0.0,
      7.838250348792909e-05
    ],
    [
      -0.04502796583260795,
      -0.002000925419286144,
      0.00016840556971863397,
      7.015981801588885e-05,
      0.0,
      0.0008632404437363261,
      0.0006209152484676948,
      -0.0007607389811732466,
      7.451556989587916e-05,
      -0.02312528951011297,
      0.0023477608798744684,
      -0.04502796583260795,
      0.0,
      -0.00886814130935946
    ],
    [
      0.0019551523882905156,
      0.0012845743708912252,
      0.00017786075945048138,
      8.77950805033816e-05,
      0.0,
      0.0007047910248402791,
      0.0007897279936244808,
      0.00022180004055011047,
      5.055317411220116e-05,
      0.0002260849363037095,
      0.002283773356002557,
      0.0019551523882905156,
      0.0,
      0.000364743054393221
    ],
    [
      -0.006882014202772102,
      -0.001637733261727001,
      -0.00011143322458155783,
      -0.0001345428501487685,
      0.0,
      -0.0009795692689317222,
      -0.0009015425106463578,
      -7.353855131807247e-05,
      -0.00010015360878218118,
      -0.0029449517556336255,
      -0.003714315398599808,
      -0.006882014202772102,
      0.0,
      -0.002003665757820635
    ],
    [
      -0.002812144405877837,
      -0.0012470626261371202,
      8.603419692807606e-05,
      -4.3228404441488045e-05,
      0.0,
      0.0003231506411999982,
      0.00029501150655287725,
      -0.00033895778642752697,
      4.019236715373887e-05,
      -0.002067266958890843,
      -0.001854151400832238,
      -0.002812144405877837,
      0.0,
      -0.001305470632567456
    ]
  ],
  "action_library": [
    {
      "type": "recruit",
      "magnitude": 1.0
    },
    {
      "type": "recruit",
      "magnitude": 2.0
    },
    {
      "type": "recruit",
      "magnitude": 3.0
    },
    {
      "type": "adjust_dose",
      "magnitude": -0.1
    },
    {
      "type": "adjust_dose",
      "magnitude": 0.1
    },
    {
      "type": "hold_enrollment",
      "magnitude": 0.0
    },
    {
      "type": "file_interim_report",
      "magnitude": 0.0
    },
    {
      "type": "implement_amendment",
      "magnitude": 0.0
    },
    {
      "type": "noop",
      "magnitude": 0.0
    }
  ],
  "metadata": {
    "step": 700,
    "mean_reward": -2.358048648843291,
    "resume_from_checkpoint": null,
    "iteration": 2,
    "benchmark_previous": {
      "episodes": 12,
      "policies": [
        "random",
        "heuristic",
        "trained"
      ]
    },
    "disease_metrics": {
      "random": {
        "type2_diabetes": {
          "total_reward": -1.4636011147052372,
          "composite_efficiency": 0.2764769716381783,
          "efficacy": 0.17901527205548326,
          "safety": -0.75,
          "compliance": -0.7,
          "cost": -0.255,
          "progress": 0.1213235294117647,
          "correction_triggers": 7.75,
          "stage_transitions": 0.0
        },
        "hypertension": {
          "total_reward": -2.8655515958825024,
          "composite_efficiency": 0.2500548365529594,
          "efficacy": 0.2609400772288191,
          "safety": -0.75,
          "compliance": -0.7,
          "cost": -0.735,
          "progress": 0.055723622782446317,
          "correction_triggers": 14.0,
          "stage_transitions": 0.0
        },
        "nsclc": {
          "total_reward": -2.3680542380844742,
          "composite_efficiency": 0.29269954011117383,
          "efficacy": 0.08408673175860883,
          "safety": -0.5,
          "compliance": -0.4,
          "cost": -0.263125,
          "progress": 0.07137254901960785,
          "correction_triggers": 11.75,
          "stage_transitions": 0.0
        }
      },
      "heuristic": {
        "type2_diabetes": {
          "total_reward": -0.50839254155073,
          "composite_efficiency": 0.24909998304051836,
          "efficacy": 0.23244988128362853,
          "safety": -1.0,
          "compliance": -1.0,
          "cost": -0.2175,
          "progress": 0.12,
          "correction_triggers": 2.0,
          "stage_transitions": 0.0
        },
        "hypertension": {
          "total_reward": -0.8666626561275919,
          "composite_efficiency": 0.2669103374334948,
          "efficacy": 0.26361095839989584,
          "safety": -1.0,
          "compliance": -1.0,
          "cost": -0.230625,
          "progress": 0.12,
          "correction_triggers": 3.5,
          "stage_transitions": 0.0
        },
        "nsclc": {
          "total_reward": -0.5330464580566001,
          "composite_efficiency": 0.23903715997689795,
          "efficacy": 0.1620101198382856,
          "safety": -1.0,
          "compliance": -1.0,
          "cost": -0.2175,
          "progress": 0.12,
          "correction_triggers": 2.0,
          "stage_transitions": 0.0
        }
      },
      "trained": {
        "type2_diabetes": {
          "total_reward": -0.50839254155073,
          "composite_efficiency": 0.24909998304051836,
          "efficacy": 0.23244988128362853,
          "safety": -1.0,
          "compliance": -1.0,
          "cost": -0.2175,
          "progress": 0.12,
          "correction_triggers": 2.0,
          "stage_transitions": 0.0
        },
        "hypertension": {
          "total_reward": -0.8766700464910487,
          "composite_efficiency": 0.2526140654856994,
          "efficacy": 0.26361095839989584,
          "safety": -1.0,
          "compliance": -1.0,
          "cost": -0.230625,
          "progress": 0.12,
          "correction_triggers": 3.5,
          "stage_transitions": 0.0
        },
        "nsclc": {
          "total_reward": -0.5330464580566001,
          "composite_efficiency": 0.23903715997689795,
          "efficacy": 0.1620101198382856,
          "safety": -1.0,
          "compliance": -1.0,
          "cost": -0.2175,
          "progress": 0.12,
          "correction_triggers": 2.0,
          "stage_transitions": 0.0
        }
      }
    },
    "phase_metrics": {
      "random": {
        "stage1": {
          "composite_efficiency": 0.3386217488210177,