{
  "format_version": 1,
  "policy_type": "linear_softmax",
  "weights": [
    [
      0.04313802664624822,
      0.0027790282036568637,
      -0.000698573796135756,
      -2.0968414559743287e-05,
      0.0,
      -0.0036944196013801896,
      -0.0038359007781259787,
      0.0015599572620656477,
      -0.00011497393329585276,
      0.02510229907427555,
      -0.008560354742937475,
      0.04313802664624822,
      0.0,
      0.01182865923775007
    ],
    [
      0.11887799927941549,
      0.011186591745818054,
      -0.0005728074473141011,
      -0.0005001132834681399,
      0.0,
      -0.0013041107885106377,
      -0.0008248573458942826,
      0.002102656408963357,
      -1.8167526416598772e-05,
      0.060669554734417354,
      0.0033273987926421347,
      0.11887799927941549,
      0.0,
      0.02083155887902521
    ],
    [
      0.1525913353609657,
      0.009087006924697109,
      0.0005149682715156078,
      -4.266231730224723e-05,
      0.0,
      0.002320196842935365,
      0.0021753052709984518,
      0.002656480547960742,
      3.479752134015397e-05,
      0.07467771743696903,
      0.0028921714492534134,
      0.1525913353609657,
      0.0,
      0.022698772004835385
    ],
    [
      -0.004813973801266949,
      0.0014733669837042366,
      0.00014022996093871764,
      -0.00011532839289456103,
      0.0,
      0.0006923995947793085,
      0.0009574384081742149,
      -0.00016050415216227947,
      1.054422660212955e-05,
      -0.0031425656164965825,
      0.006053680027296273,
      -0.004813973801266949,
      0.0,
      -0.00041198949903613785
    ],
    [
      0.0021036701366164024,
      -0.0030226297755255177,
      0.00015050904461066125,
      0.0001922419600376294,
      0.0,
      0.0003096554691521082,
      0.0001621779990291433,
      -0.0005013836358704922,
      1.0983447900354983e-05,
      0.00034507101373230605,
      -0.003808775724447276,
      0.0021036701366164024,
      0.0,
      -0.0017033196480755956
    ],
    [
      -0.27732874841821353,
      -0.01724075544337855,
      4.165511451936221e-05,
      3.1792269437596905e-05,
      0.0,
      8.440974754333654e-05,
      5.0271703650468906e-05,
      -0.00440258182750491,
      8.000164611110502e-06,
      -0.13892439466702214,
      0.00439032429993482,
      -0.27732874841821353,
      0.0,
      -0.044445926532976215
    ],
    [
      -0.0021375460381034077,
      -0.0011178047646442921,
      0.0011049663463745397,
      0.0007601620273630232,
      0.0,
      0.004898740584061786,
      0.004634501795750514,
      7.207580938740546e-05,
      0.0001250513502624657,
      -0.005064123359460289,
      0.009294573615573277,
      -0.0021375460381034077,
      0.0,
      -0.0004676799782289637
    ],
    [
      -0.020060534317658966,
      -0.00048107000467900084,
      -0.0006121656677768689,
      -0.00040715939517181637,
      0.0,
      -0.002848375213578766,
      -0.0024955608902128847,
      0.0002916860546756691,
      -3.404276647440043e-05,
      -0.007887516204040351,
      -0.0074419167793584986,
      -0.020060534317658966,
      0.0,
      -0.0042659847436215745
    ],
    [
      -0.012370228848001614,
      -0.002663733869648934,
      -6.878182673214786e-05,
      0.00010203554655825812,
      0.0,
      -0.0004584966350023302,
      -0.0008233761633696765,
      -0.0016183864675150946,
      -2.2192484529362383e-05,
      -0.00577604241237405,
      -0.006147100937956895,
      -0.012370228848001614,
      0.0,
      -0.00406408971967188
    ]
  ],
  "action_library": [
    {
      "type": "recruit",
      "magnitude": 1.0
    },
    {
      "type": "recruit",
      "magnitude": 2.0
    },
    {
      "type": "recruit",
      "magnitude": 3.0
    },
    {
      "type": "adjust_dose",
      "magnitude": -0.1
    },
    {
      "type": "adjust_dose",
      "magnitude": 0.1
    },
    {
      "type": "hold_enrollment",
      "magnitude": 0.0
    },
    {
      "type": "file_interim_report",
      "magnitude": 0.0
    },
    {
      "type": "implement_amendment",
      "magnitude": 0.0
    },
    {
      "type": "noop",
      "magnitude": 0.0
    }
  ],
  "metadata": {
    "step": 3500,
    "mean_reward": -4.844838282700317,
    "resume_from_checkpoint": null
  }
}