{
  "format_version": 1,
  "policy_type": "linear_softmax",
  "weights": [
    [
      0.0153881142617074,
      4.6892970302391004e-05,
      -0.0011087952698194937,
      -0.00013941767841517614,
      0.0,
      -0.004891664291433528,
      -0.004817916827874847,
      0.0020592103830891248,
      -0.0001673998840579522,
      0.012928739390532346,
      -0.022648670941228282,
      0.0153881142617074,
      0.0,
      0.013621276661246315
    ],
    [
      0.2566818096298671,
      0.02125269978515541,
      -0.0011492790880488503,
      -0.0007245557789660119,
      0.0,
      -0.003076240038053264,
      -0.0026661725767668245,
      0.00464763805245503,
      -5.105919000259707e-05,
      0.13156066983808926,
      0.0024427441879536424,
      0.2566818096298671,
      0.0,
      0.042481751104635326
    ],
    [
      0.4228858205099313,
      0.033489638198375554,
      0.0006159800284005623,
      -0.00033821422819904564,
      0.0,
      0.0027408514684150696,
      0.0028033540505964147,
      0.007566767795780235,
      3.699584603995322e-05,
      0.20934619467816024,
      0.020874967606938546,
      0.4228858205099313,
      0.0,
      0.06286642877493054
    ],
    [
      -0.021206051156288062,
      0.0029498483179406353,
      0.0007257710930958348,
      -0.0003437145229782981,
      0.0,
      0.0023537676437931994,
      0.003403986763361613,
      0.00012412475851071553,
      3.9376888989444013e-05,
      -0.013357177679837231,
      0.010735308104867431,
      -0.021206051156288062,
      0.0,
      -0.003967672908577221
    ],
    [
      -0.0017267342226240836,
      -0.004620302492341613,
      0.00045314736533846704,
      0.0005679463407417994,
      0.0,
      0.0006186943778144166,
      -0.00017564217306060122,
      -0.0017160617803317713,
      9.978144362093538e-07,
      -0.002795978883138,
      4.3431128475359384e-05,
      -0.0017267342226240836,
      0.0,
      -0.003539843965541736
    ],
    [
      -0.5711345646923798,
      -0.036650508487569185,
      -0.0003039735923643508,
      -7.796449569706124e-05,
      0.0,
      -0.0014266090526599043,
      -0.001476713750457456,
      -0.009067343134468964,
      -3.355538910280669e-05,
      -0.2846500455483493,
      0.0019519255202567914,
      -0.5711345646923798,
      0.0,
      -0.08679407302372844
    ],
    [
      -0.01681742964489202,
      -0.008016696987866879,
      0.002446200186979069,
      0.0021895469350278495,
      0.0,
      0.009342244072889328,
      0.008677272965143907,
      1.2016507674003952e-05,
      0.00019990022118505015,
      -0.016251185272209298,
      0.010854280860032806,
      -0.01681742964489202,
      0.0,
      -0.004568680203339096
    ],
    [
      -0.048132133044787535,
      -0.004912124091060076,
      -0.0010207281498218583,
      -0.00073921864611232,
      0.0,
      -0.003913828938925576,
      -0.0037485378630887152,
      -0.0006749745511723575,
      2.1821650820810587e-06,
      -0.020704633942673866,
      -0.01526114224825869,
      -0.048132133044787535,
      0.0,
      -0.0104478499178361
    ],
    [
      -0.03593883164053325,
      -0.003539447212936366,
      -0.0006583225737593734,
      -0.0003944079254017518,
      0.0,
      -0.0017472152418397677,
      -0.0019996305878534123,
      -0.002951378031536013,
      -2.7438472569384165e-05,
      -0.016076582580573723,
      -0.008992844219038405,
      -0.03593883164053325,
      0.0,
      -0.00965133652178886
    ]
  ],
  "action_library": [
    {
      "type": "recruit",
      "magnitude": 1.0
    },
    {
      "type": "recruit",
      "magnitude": 2.0
    },
    {
      "type": "recruit",
      "magnitude": 3.0
    },
    {
      "type": "adjust_dose",
      "magnitude": -0.1
    },
    {
      "type": "adjust_dose",
      "magnitude": 0.1
    },
    {
      "type": "hold_enrollment",
      "magnitude": 0.0
    },
    {
      "type": "file_interim_report",
      "magnitude": 0.0
    },
    {
      "type": "implement_amendment",
      "magnitude": 0.0
    },
    {
      "type": "noop",
      "magnitude": 0.0
    }
  ],
  "metadata": {
    "step": 11000,
    "mean_reward": -2.425482951525055,
    "resume_from_checkpoint": null
  }
}