{
  "format_version": 1,
  "policy_type": "linear_softmax",
  "weights": [
    [
      -0.06098210869308338,
      -0.027409227447138293,
      -0.012620170975933414,
      -0.009140539577863895,
      -0.0017445811931406387,
      -0.022857404819621327,
      -9.543982188729723e-06,
      -0.010992256206570029,
      -0.011824500222194051,
      -0.007214943792110534,
      -0.04896830472294882
    ],
    [
      0.06685024235019209,
      0.02845993121155294,
      0.03964143133497919,
      0.037500214002651626,
      0.0008280295229780503,
      0.00412301415171068,
      7.05551095907843e-05,
      0.01833275565358444,
      0.011365001623592717,
      0.017202628306908163,
      0.0038932689063441188
    ],
    [
      0.1421063455050346,
      0.0455890806503041,
      0.06389920299932121,
      0.06152580636945068,
      0.0006636299054578792,
      0.0038678868800102015,
      0.0001520198026412751,
      0.028228213121056726,
      0.017590388866467636,
      0.04208355123564388,
      0.005733967817427531
    ],
    [
      -0.023185720626058705,
      -0.004957927961804547,
      -0.010261122061141615,
      -0.010893212466287253,
      0.00040857423675864007,
      0.003496964172446923,
      -0.00015233542044015247,
      -0.004165398312420984,
      -0.0019573437797720705,
      -0.009450916133487685,
      0.00475523191576618
    ],
    [
      0.013112141872339616,
      0.003317490141171041,
      -0.003655564015629644,
      -0.003698601063398161,
      -0.00019061296205351085,
      0.0032829165283214585,
      -9.341632279058749e-05,
      -0.0013816157551301421,
      0.0015316881614289238,
      0.0013472839312075313,
      0.015127741993701573
    ],
    [
      -0.058546862101933064,
      -0.021852962216009943,
      -0.04321676567007789,
      -0.04279215063087097,
      0.0004651875456770359,
      0.0037732280311529674,
      4.879889702470885e-05,
      -0.01709214633456367,
      -0.009417400158579751,
      -0.013099138494654888,
      0.014682945332120924
    ],
    [
      -0.0005541465338571184,
      0.0013403475054165703,
      -0.004593285376246457,
      -0.004597670941507386,
      0.0001610423403213569,
      0.0027274701298258576,
      3.8605412659622714e-05,
      -0.0008542445112497678,
      0.0003240754189230214,
      -0.001325601964607709,
      0.01194917525643276
    ],
    [
      -0.06681629528838245,
      -0.019372541678692755,
      -0.02029396217588585,
      -0.01886296061665488,
      -0.0005368206908722688,
      -0.0013799291911349176,
      -5.9076301642287525e-05,
      -0.00907415886411841,
      -0.005938757139976719,
      -0.024325306984737744,
      -0.0173690248952174
    ],
    [
      -0.011983596484251647,
      -0.005114190204798181,
      -0.008899764059386207,
      -0.00904088507552033,
      -5.4448705126521995e-05,
      0.0029658541172883517,
      4.39280514536633e-06,
      -0.0030011487905875524,
      -0.001673152769889601,
      -0.005217556104162126,
      0.010194998396373204
    ]
  ],
  "action_library": [
    {
      "type": "recruit",
      "magnitude": 1.0
    },
    {
      "type": "recruit",
      "magnitude": 2.0
    },
    {
      "type": "recruit",
      "magnitude": 3.0
    },
    {
      "type": "adjust_dose",
      "magnitude": -0.1
    },
    {
      "type": "adjust_dose",
      "magnitude": 0.1
    },
    {
      "type": "hold_enrollment",
      "magnitude": 0.0
    },
    {
      "type": "file_interim_report",
      "magnitude": 0.0
    },
    {
      "type": "implement_amendment",
      "magnitude": 0.0
    },
    {
      "type": "noop",
      "magnitude": 0.0
    }
  ],
  "metadata": {
    "step": 1700,
    "mean_reward": -4.787298015873016
  }
}