{
  "format_version": 1,
  "policy_type": "linear_softmax",
  "weights": [
    [
      0.04803897657280828,
      0.004826241965572038,
      -0.0008460991750573417,
      -0.00010664578654893097,
      0.0,
      -0.004101093804093899,
      -0.004207648935067892,
      0.0022107486067483853,
      -0.00012839302513958117,
      0.028220311164320527,
      -0.009370315328414494,
      0.04803897657280828,
      0.0,
      0.014993476406674859
    ],
    [
      0.1588514637530678,
      0.013401474800688186,
      -0.0008652642718991581,
      -0.0005176050423100353,
      0.0,
      -0.002106016677824578,
      -0.001693150762551522,
      0.0029359162020832813,
      -4.237746416948766e-05,
      0.0819357256094005,
      0.0003866790106300656,
      0.1588514637530678,
      0.0,
      0.027037985885282438
    ],
    [
      0.21292277304677582,
      0.014439284949532769,
      0.0005919279561818272,
      -5.777707032106469e-05,
      0.0,
      0.002296142479105871,
      0.002158438303175399,
      0.0037150658595489013,
      4.059892094928062e-05,
      0.10433320690015696,
      0.004798499806786141,
      0.21292277304677582,
      0.0,
      0.03221892786381666
    ],
    [
      -0.0013176374289376688,
      0.005376976457199889,
      0.0004155810661290605,
      -0.00010236479138190132,
      0.0,
      0.0017742267957476005,
      0.0020973348516383807,
      -0.00016505135891563906,
      5.3873496095800206e-05,
      -0.0023326459508352902,
      0.01525046910044258,
      -0.0013176374289376688,
      0.0,
      0.0011759142842765094
    ],
    [
      0.0014654078801551499,
      -0.0043090905017569335,
      0.0002460156811256077,
      0.00032939270233621015,
      0.0,
      0.00033448262711603156,
      2.5372581732318353e-05,
      -0.0005637054034735826,
      8.756352772143207e-06,
      -0.000621201263660834,
      -0.004890146529031959,
      0.0014654078801551499,
      0.0,
      -0.0031653055772632773
    ],
    [
      -0.3667015136992242,
      -0.02653580101837865,
      -0.00024655182218631726,
      -3.539337895182923e-05,
      0.0,
      -0.0010064323334995273,
      -0.0009653587232658296,
      -0.006411507524484082,
      -2.280907013646797e-05,
      -0.18234978668412227,
      0.0005076255480764021,
      -0.3667015136992242,
      0.0,
      -0.058531934919655734
    ],
    [
      -0.001112565046295101,
      0.0014499035685972155,
      0.0015245565113719598,
      0.0010655382404165315,
      0.0,
      0.006424579892016889,
      0.005973812055317662,
      0.0006553425347206798,
      0.0001466536412985306,
      -0.005831612608391418,
      0.013895152685786737,
      -0.001112565046295101,
      0.0,
      -0.00012095339818242543
    ],
    [
      -0.03627439721651214,
      -0.0070397186179565665,
      -0.000809939799581605,
      -0.0006387849820496356,
      0.0,
      -0.003603346665855842,
      -0.003128467851026641,
      -0.0008557957471849895,
      -4.497873442277302e-05,
      -0.015408954250391694,
      -0.01858550397424703,
      -0.03627439721651214,
      0.0,
      -0.008900290601221971
    ],
    [
      -0.015872507861837918,
      -0.0016092716034983446,
      -1.0226146084020762e-05,
      6.364010881065479e-05,
      0.0,
      -1.2542312712532744e-05,
      -0.00026033151995187164,
      -0.0015210131690429917,
      -1.1324117247444999e-05,
      -0.007945042916476474,
      -0.0019924603200286196,
      -0.015872507861837918,
      0.0,
      -0.004707819943726579
    ]
  ],
  "action_library": [
    {
      "type": "recruit",
      "magnitude": 1.0
    },
    {
      "type": "recruit",
      "magnitude": 2.0
    },
    {
      "type": "recruit",
      "magnitude": 3.0
    },
    {
      "type": "adjust_dose",
      "magnitude": -0.1
    },
    {
      "type": "adjust_dose",
      "magnitude": 0.1
    },
    {
      "type": "hold_enrollment",
      "magnitude": 0.0
    },
    {
      "type": "file_interim_report",
      "magnitude": 0.0
    },
    {
      "type": "implement_amendment",
      "magnitude": 0.0
    },
    {
      "type": "noop",
      "magnitude": 0.0
    }
  ],
  "metadata": {
    "step": 5100,
    "mean_reward": -6.735721349792511,
    "resume_from_checkpoint": null
  }
}