{
  "format_version": 1,
  "policy_type": "linear_softmax",
  "weights": [
    [
      -0.0037540314995078605,
      -0.0016921361064772876,
      -3.711169230348918e-05,
      0.000255406518078031,
      -0.0001580663195881222,
      -0.0016126323472402026,
      0.0,
      -0.0004468985725261805,
      -0.000788935418224153,
      -0.0006414382020634504,
      -0.0033865887422196306
    ],
    [
      0.008085198320067167,
      0.003726618440162835,
      0.004540915238320284,
      0.0040628983574905134,
      0.0002788286893667169,
      0.0008424051409464423,
      0.0,
      0.0018701160561314972,
      0.0013049103573367334,
      0.00195616604236035,
      0.00044781651827568254
    ],
    [
      0.011680565830158642,
      0.004650025057299789,
      0.00526243716275122,
      0.0052719561979883865,
      -0.00015428305316213148,
      -9.340618795159302e-05,
      0.0,
      0.002498142644311627,
      0.001747557692773083,
      0.003157331024913728,
      0.000754506402023406
    ],
    [
      -0.0019285043570753807,
      -0.0012208468697794443,
      -0.0006718984508757918,
      -0.0006529249741091455,
      1.6541065705686273e-05,
      0.0003134598599068172,
      0.0,
      -0.00037231265489611333,
      -0.0002882384587275279,
      -0.0008008772660732301,
      0.00029476148635410574
    ],
    [
      -0.0008555162652293194,
      -0.0011386853657476966,
      -0.0008817025310422824,
      -0.0009024757324732515,
      -4.9054802941894615e-05,
      -0.00041322217026988953,
      0.0,
      -0.0006918240284449048,
      -0.0004721749095734059,
      -0.0002557776911256978,
      -0.0007747335707001057
    ],
    [
      -0.0033386341333563004,
      -0.00121892268492602,
      -0.0036987862385081173,
      -0.003831536925822977,
      8.182360965066873e-05,
      0.0004016243554326091,
      0.0,
      -0.0012343516019319085,
      -0.000514142874886224,
      -0.0002647692402905415,
      0.0024211832285811847
    ],
    [
      0.0002273485093830279,
      0.0011024136875535265,
      -0.0006842077803777756,
      -0.000504883374566355,
      -3.7115703958041056e-05,
      0.0011029197350776365,
      0.0,
      0.00012053838346888347,
      0.0005390153498092326,
      -0.0002491895467065523,
      0.0028557053670474762
    ],
    [
      -0.010132400878541725,
      -0.004311439689026038,
      -0.0030772504233396655,
      -0.002801223241347922,
      -6.96351575786192e-05,
      -4.865927522444344e-05,
      0.0,
      -0.0017275769352287822,
      -0.0015987261187794457,
      -0.003410448828942428,
      -0.0032541024463698972
    ],
    [
      1.597447410177713e-05,
      0.00010297353094034722,
      -0.0007523952846243327,
      -0.0008972168252372357,
      9.096167250573728e-05,
      -0.0004924891106773816,
      0.0,
      -1.5833290884122473e-05,
      7.073438027170446e-05,
      0.000509003707927795,
      0.0006414517570077958
    ]
  ],
  "action_library": [
    {
      "type": "recruit",
      "magnitude": 1.0
    },
    {
      "type": "recruit",
      "magnitude": 2.0
    },
    {
      "type": "recruit",
      "magnitude": 3.0
    },
    {
      "type": "adjust_dose",
      "magnitude": -0.1
    },
    {
      "type": "adjust_dose",
      "magnitude": 0.1
    },
    {
      "type": "hold_enrollment",
      "magnitude": 0.0
    },
    {
      "type": "file_interim_report",
      "magnitude": 0.0
    },
    {
      "type": "implement_amendment",
      "magnitude": 0.0
    },
    {
      "type": "noop",
      "magnitude": 0.0
    }
  ],
  "metadata": {
    "step": 200,
    "mean_reward": -3.621000669642857
  }
}