{
  "format_version": 1,
  "policy_type": "linear_softmax",
  "weights": [
    [
      -0.007740298232558788,
      -0.003943037996078014,
      -0.0005780068102729218,
      -3.8580975597030164e-05,
      0.0,
      -0.0023833291625364474,
      -0.002389504397438439,
      -0.00038595736549602004,
      -0.0002330527183712569,
      -0.0010129031255723473,
      -0.005698982183167292,
      -0.007740298232558788,
      0.0,
      -0.0017646100307778018
    ],
    [
      0.026789415962451057,
      0.0034002165754547908,
      0.00014764101416974023,
      1.3875112360890747e-05,
      0.0,
      0.0009180486180707055,
      0.0006773869465456691,
      0.0008187794823765348,
      0.00010187734730850232,
      0.01266293057291115,
      0.0034893951493904746,
      0.026789415962451057,
      0.0,
      0.0060057655896669036
    ],
    [
      0.03549220013031689,
      0.0028270306590239473,
      2.666384464335003e-06,
      1.6831499050319842e-05,
      0.0,
      0.0001711022174744048,
      0.00027792064482974485,
      0.0008125639899341628,
      2.1261618930435137e-05,
      0.0177148718771067,
      0.0001752588709844822,
      0.03549220013031689,
      0.0,
      0.007555309292163436
    ],
    [
      0.005563790960421502,
      0.0031846467413027737,
      0.00020527202540313185,
      6.4646835482588e-05,
      0.0,
      0.0008018005461933449,
      0.0008550565612810084,
      0.0002950372283753723,
      7.753740982173838e-05,
      0.0018105385111436556,
      0.004727542780180875,
      0.005563790960421502,
      0.0,
      0.001636605853428725
    ],
    [
      -7.936884796500715e-05,
      -0.0013904823203400624,
      -5.55069308164174e-05,
      -2.0643953046535074e-05,
      0.0,
      -4.016054291857231e-05,
      0.00013454642054310306,
      -0.0004406606129223959,
      1.436861850535117e-05,
      0.0001043771364346477,
      -0.00117892436819096,
      -7.936884796500715e-05,
      0.0,
      -0.00022815375685040134
    ],
    [
      -0.05070692297322462,
      -0.0024957278757461294,
      0.00010759312302901005,
      6.277529745753783e-05,
      0.0,
      0.0004652699368202476,
      0.00022095946275899856,
      -0.0008915094019930921,
      2.9842376201809854e-05,
      -0.025624986241399313,
      0.002464274060860186,
      -0.05070692297322462,
      0.0,
      -0.010009430583704345
    ],
    [
      0.002913624533163673,
      0.0017130534068621225,
      0.00025891494470706183,
      7.413895129457709e-05,
      0.0,
      0.001126365843483696,
      0.001226553476527526,
      0.0003663428674358751,
      9.806723097102115e-05,
      0.00021676585696645445,
      0.003029341397822866,
      0.002913624533163673,
      0.0,
      0.0005498876144815878
    ],
    [
      -0.010016161124035377,
      -0.002417782165637163,
      -0.00020769792049799623,
      -0.0001633991114339238,
      0.0,
      -0.0013576978076929901,
      -0.001266318901080123,
      -0.00021096591625725886,
      -0.0001392691711498215,
      -0.004038723314793024,
      -0.005743364480526322,
      -0.010016161124035377,
      0.0,
      -0.0026537490246734377
    ],
    [
      -0.0022162804085692606,
      -0.0008779170248422217,
      0.00011912416981405666,
      -9.643655568424018e-06,
      0.0,
      0.0002986003511056172,
      0.00026339978603250947,
      -0.0003636302714531705,
      2.9367287782220877e-05,
      -0.0018328712727979928,
      -0.00126454122735423,
      -0.0022162804085692606,
      0.0,
      -0.0010916249537346269
    ]
  ],
  "action_library": [
    {
      "type": "recruit",
      "magnitude": 1.0
    },
    {
      "type": "recruit",
      "magnitude": 2.0
    },
    {
      "type": "recruit",
      "magnitude": 3.0
    },
    {
      "type": "adjust_dose",
      "magnitude": -0.1
    },
    {
      "type": "adjust_dose",
      "magnitude": 0.1
    },
    {
      "type": "hold_enrollment",
      "magnitude": 0.0
    },
    {
      "type": "file_interim_report",
      "magnitude": 0.0
    },
    {
      "type": "implement_amendment",
      "magnitude": 0.0
    },
    {
      "type": "noop",
      "magnitude": 0.0
    }
  ],
  "metadata": {
    "step": 800,
    "mean_reward": -2.0682334740388884,
    "resume_from_checkpoint": null,
    "iteration": 2,
    "benchmark_previous": {
      "episodes": 12,
      "policies": [
        "random",
        "heuristic",
        "trained"
      ]
    },
    "disease_metrics": {
      "random": {
        "type2_diabetes": {
          "total_reward": -1.4636011147052372,
          "composite_efficiency": 0.2764769716381783,
          "efficacy": 0.17901527205548326,
          "safety": -0.75,
          "compliance": -0.7,
          "cost": -0.255,
          "progress": 0.1213235294117647,
          "correction_triggers": 7.75,
          "stage_transitions": 0.0
        },
        "hypertension": {
          "total_reward": -2.8655515958825024,
          "composite_efficiency": 0.2500548365529594,
          "efficacy": 0.2609400772288191,
          "safety": -0.75,
          "compliance": -0.7,
          "cost": -0.735,
          "progress": 0.055723622782446317,
          "correction_triggers": 14.0,
          "stage_transitions": 0.0
        },
        "nsclc": {
          "total_reward": -2.3680542380844742,
          "composite_efficiency": 0.29269954011117383,
          "efficacy": 0.08408673175860883,
          "safety": -0.5,
          "compliance": -0.4,
          "cost": -0.263125,
          "progress": 0.07137254901960785,
          "correction_triggers": 11.75,
          "stage_transitions": 0.0
        }
      },
      "heuristic": {
        "type2_diabetes": {
          "total_reward": -0.50839254155073,
          "composite_efficiency": 0.24909998304051836,
          "efficacy": 0.23244988128362853,
          "safety": -1.0,
          "compliance": -1.0,
          "cost": -0.2175,
          "progress": 0.12,
          "correction_triggers": 2.0,
          "stage_transitions": 0.0
        },
        "hypertension": {
          "total_reward": -0.8666626561275919,
          "composite_efficiency": 0.2669103374334948,
          "efficacy": 0.26361095839989584,
          "safety": -1.0,
          "compliance": -1.0,
          "cost": -0.230625,
          "progress": 0.12,
          "correction_triggers": 3.5,
          "stage_transitions": 0.0
        },
        "nsclc": {
          "total_reward": -0.5330464580566001,
          "composite_efficiency": 0.23903715997689795,
          "efficacy": 0.1620101198382856,
          "safety": -1.0,
          "compliance": -1.0,
          "cost": -0.2175,
          "progress": 0.12,
          "correction_triggers": 2.0,
          "stage_transitions": 0.0
        }
      },
      "trained": {
        "type2_diabetes": {
          "total_reward": -0.50839254155073,
          "composite_efficiency": 0.24909998304051836,
          "efficacy": 0.23244988128362853,
          "safety": -1.0,
          "compliance": -1.0,
          "cost": -0.2175,
          "progress": 0.12,
          "correction_triggers": 2.0,
          "stage_transitions": 0.0
        },
        "hypertension": {
          "total_reward": -0.8766700464910487,
          "composite_efficiency": 0.2526140654856994,
          "efficacy": 0.26361095839989584,
          "safety": -1.0,
          "compliance": -1.0,
          "cost": -0.230625,
          "progress": 0.12,
          "correction_triggers": 3.5,
          "stage_transitions": 0.0
        },
        "nsclc": {
          "total_reward": -0.5330464580566001,
          "composite_efficiency": 0.23903715997689795,
          "efficacy": 0.1620101198382856,
          "safety": -1.0,
          "compliance": -1.0,
          "cost": -0.2175,
          "progress": 0.12,
          "correction_triggers": 2.0,
          "stage_transitions": 0.0
        }
      }
    },
    "phase_metrics": {
      "random": {
        "stage1": {
          "composite_efficiency": 0.3386217488210177,