{
  "format_version": 1,
  "policy_type": "linear_softmax",
  "weights": [
    [
      -0.01716419326279153,
      -0.008698857072811544,
      -0.0017359340687813337,
      -0.0007033318144216875,
      -0.000366029193899924,
      -0.007410070819654219,
      2.4517831905911718e-05,
      -0.0029594847277614766,
      -0.0038212569040038486,
      -0.0012380849093561624,
      -0.016200645837577222
    ],
    [
      0.020785828874211328,
      0.009866499817203228,
      0.01310165941278754,
      0.01233895727657456,
      0.00031355436434563825,
      0.001835928215636976,
      2.6662849131301754e-05,
      0.005786746524977333,
      0.004099370083547086,
      0.004085732001663991,
      0.0015791266632639172
    ],
    [
      0.039874211538795404,
      0.013097212621210656,
      0.018181462555568066,
      0.017643630006129597,
      -0.00010169294054441434,
      0.0009721134298417991,
      8.999823240778701e-06,
      0.008321689493072144,
      0.005300419386385726,
      0.01102743485035629,
      0.0013802166355758685
    ],
    [
      -0.006134473327714154,
      -0.0022204573655231646,
      -0.002608259373612627,
      -0.002914396064492593,
      0.00018397072775806376,
      0.0012965162448575905,
      -3.0210391105551042e-05,
      -0.0012654424498127668,
      -0.0007354121576722688,
      -0.002751850745662886,
      -7.15149185821675e-06
    ],
    [
      0.0030231769047087895,
      -7.989648126397005e-05,
      -0.0014539355432185176,
      -0.001468151081818469,
      -6.24472717522955e-06,
      0.0003138046268478892,
      -3.8104082642069355e-05,
      -0.0007189825124587248,
      -8.264645561744439e-05,
      0.0008329702249702306,
      0.0029971518700893
    ],
    [
      -0.012666417547516741,
      -0.004571019265258746,
      -0.011571053469684189,
      -0.011775135759044274,
      0.0003264418915158229,
      0.002070361714458309,
      -8.420087828582496e-06,
      -0.003918597983537932,
      -0.00208704450634164,
      -0.001972735798612982,
      0.0078897339674636
    ],
    [
      0.001377426932591159,
      0.001972732895633021,
      -0.0016244630413558526,
      -0.0016938645636234125,
      0.00010869100396427943,
      0.0011707711665929707,
      8.275104532171841e-07,
      -0.000299757664138288,
      0.0005782598304081535,
      3.7845850087661404e-05,
      0.006515046700187798
    ],
    [
      -0.026774060529309078,
      -0.008803899673119696,
      -0.008756707191155476,
      -0.008096138139697557,
      -0.0002879776327369212,
      -0.00041007727264731283,
      -7.901026719117866e-06,
      -0.004015953618950904,
      -0.002824741627814753,
      -0.00912759141387655,
      -0.008898888164995645
    ],
    [
      -0.002321499582975533,
      -0.0005623154760696986,
      -0.003532769280547979,
      -0.0033315698596063713,
      -0.0001707134932273125,
      0.00016065269406602512,
      2.362757356411142e-05,
      -0.0009302170613892591,
      -0.0004269476488910442,
      -0.0008937200595696456,
      0.004745409657850708
    ]
  ],
  "action_library": [
    {
      "type": "recruit",
      "magnitude": 1.0
    },
    {
      "type": "recruit",
      "magnitude": 2.0
    },
    {
      "type": "recruit",
      "magnitude": 3.0
    },
    {
      "type": "adjust_dose",
      "magnitude": -0.1
    },
    {
      "type": "adjust_dose",
      "magnitude": 0.1
    },
    {
      "type": "hold_enrollment",
      "magnitude": 0.0
    },
    {
      "type": "file_interim_report",
      "magnitude": 0.0
    },
    {
      "type": "implement_amendment",
      "magnitude": 0.0
    },
    {
      "type": "noop",
      "magnitude": 0.0
    }
  ],
  "metadata": {
    "step": 600,
    "mean_reward": -4.64074503968254
  }
}