{
  "format_version": 1,
  "policy_type": "linear_softmax",
  "weights": [
    [
      0.04675235786920948,
      0.004379134305645578,
      -0.0006561918288499462,
      -3.772652142356581e-05,
      0.0,
      -0.0034082856062813208,
      -0.0036335993760697274,
      0.0021393551649728664,
      -0.0001064303688677638,
      0.026773083486009937,
      -0.007696927114042983,
      0.04675235786920948,
      0.0,
      0.013516405817522349
    ],
    [
      0.13816507338916548,
      0.01262963114932358,
      -0.0007985038720166859,
      -0.0005403551680901482,
      0.0,
      -0.0022658858139436872,
      -0.0018397880199489043,
      0.0022946231959077726,
      -4.9552993674388875e-05,
      0.07126861291807722,
      0.003212065373193181,
      0.13816507338916548,
      0.0,
      0.023944976479638398
    ],
    [
      0.18445910356656925,
      0.014481843336165794,
      0.0005840843469455748,
      -4.342566545520871e-05,
      0.0,
      0.002557296300302702,
      0.0024577535761481388,
      0.0037794263384057962,
      4.487908219564757e-05,
      0.09017394248727101,
      0.00764194822011941,
      0.18445910356656925,
      0.0,
      0.028360793744800092
    ],
    [
      -0.004474717337661125,
      0.0019468786130912741,
      0.00019413688443624893,
      -0.00011714767015028102,
      0.0,
      0.000874175303439811,
      0.0010579294513500949,
      -0.0002539329829025544,
      2.8538483641839742e-05,
      -0.0028605264903076998,
      0.008288469327329835,
      -0.004474717337661125,
      0.0,
      7.897923190187526e-05
    ],
    [
      0.004253435929648022,
      -0.001540505698595323,
      0.00029841592031647896,
      0.00022721708989356407,
      0.0,
      0.000958697926329923,
      0.0008835589706022001,
      -0.0003985388035803883,
      4.926791689673951e-05,
      0.0002730253248369495,
      -0.0007408723963851256,
      0.004253435929648022,
      0.0,
      -0.0017307588053446438
    ],
    [
      -0.3177775142680873,
      -0.02158476480675776,
      -2.9387560061579648e-05,
      6.625686477952091e-05,
      0.0,
      -0.0004671549158461354,
      -0.0005067789690130234,
      -0.005407316907150428,
      -2.0506823007461728e-05,
      -0.15883668871794235,
      0.003171724903788634,
      -0.3177775142680873,
      0.0,
      -0.05078840969384029
    ],
    [
      -0.000895757290785479,
      -0.00039263284243472784,
      0.0012301186233678576,
      0.0008707979249061252,
      0.0,
      0.005197776533616909,
      0.004828219627778425,
      0.000667942394274991,
      0.00011998223791928869,
      -0.004618416441816769,
      0.011278806822593013,
      -0.000895757290785479,
      0.0,
      -0.00030902610499791
    ],
    [
      -0.029594338463957915,
      -0.00483358805133024,
      -0.0007675376620530784,
      -0.0005448886767859479,
      0.0,
      -0.003156074330354571,
      -0.0026803835577309766,
      -0.0006367710065411398,
      -4.5900518312900904e-05,
      -0.01211668000254639,
      -0.014575600770430797,
      -0.029594338463957915,
      0.0,
      -0.0066726401932855495
    ],
    [
      -0.020887643394098133,
      -0.0050859960051082955,
      -5.513485208485757e-05,
      0.00011927182232593982,
      0.0,
      -0.0002905453972636183,
      -0.000566911703116235,
      -0.0021847873933869494,
      -2.0277016790999847e-05,
      -0.010056352563581198,
      -0.010579614366165266,
      -0.020887643394098133,
      0.0,
      -0.0064003204763935645
    ]
  ],
  "action_library": [
    {
      "type": "recruit",
      "magnitude": 1.0
    },
    {
      "type": "recruit",
      "magnitude": 2.0
    },
    {
      "type": "recruit",
      "magnitude": 3.0
    },
    {
      "type": "adjust_dose",
      "magnitude": -0.1
    },
    {
      "type": "adjust_dose",
      "magnitude": 0.1
    },
    {
      "type": "hold_enrollment",
      "magnitude": 0.0
    },
    {
      "type": "file_interim_report",
      "magnitude": 0.0
    },
    {
      "type": "implement_amendment",
      "magnitude": 0.0
    },
    {
      "type": "noop",
      "magnitude": 0.0
    }
  ],
  "metadata": {
    "step": 4200,
    "mean_reward": -1.9607759968816358,
    "resume_from_checkpoint": null
  }
}