{
  "format_version": 1,
  "policy_type": "linear_softmax",
  "weights": [
    [
      -0.05495338884609506,
      -0.02387804253222874,
      -0.011115417498379626,
      -0.008036740358786957,
      -0.001524365740826689,
      -0.020641793604467027,
      -3.0538383411551616e-06,
      -0.009800812953263164,
      -0.010426759858380161,
      -0.006503215037220094,
      -0.04405587564150811
    ],
    [
      0.06137212633918945,
      0.02651838811327176,
      0.03657069566074698,
      0.03470897159893726,
      0.0006079475782623242,
      0.0035290449635074967,
      7.952240043376043e-05,
      0.01691756958920746,
      0.010596573449101959,
      0.01582743848940091,
      0.003399066914879301
    ],
    [
      0.13303293708463734,
      0.04270365537088985,
      0.05975406889554049,
      0.05758628355537625,
      0.0005809223348093415,
      0.00417501238851997,
      0.00015076753876815447,
      0.026536071309020946,
      0.016474970328734392,
      0.03903984231069741,
      0.0059501189960127765
    ],
    [
      -0.02078467654275161,
      -0.0052131436763185055,
      -0.009562042019075468,
      -0.010048758960687203,
      0.00028078054370079896,
      0.0032427108694062417,
      -0.00016806769609044534,
      -0.003820761235233549,
      -0.002069593815996405,
      -0.008496046402449888,
      0.0036105377811301883
    ],
    [
      0.008442902735350841,
      0.0011703140015662,
      -0.005589737647320046,
      -0.005319923096715311,
      -0.00031544228091375334,
      0.002085230786920916,
      -9.722353144848232e-05,
      -0.002295263238553201,
      0.0005745149998295762,
      0.0005667010925369641,
      0.012488934673917516
    ],
    [
      -0.05518789137560911,
      -0.020253631310838283,
      -0.039888301361996906,
      -0.039630523412421924,
      0.0006085661250023106,
      0.003520675977690328,
      5.5409670909408274e-05,
      -0.015809218394163334,
      -0.008746727123160613,
      -0.012187478715513464,
      0.013452299964587733
    ],
    [
      -0.00022019704961898513,
      0.0011398428501054837,
      -0.0042500016716005805,
      -0.004298333285018904,
      7.513961933578349e-05,
      0.0023882584003917435,
      3.4713658838159116e-05,
      -0.0007529447579476843,
      0.000210995522958557,
      -0.0011491925820748326,
      0.010838163841058278
    ],
    [
      -0.06296267082371107,
      -0.0186524154057081,
      -0.01899564242541534,
      -0.017687445922407032,
      -0.000513957010396259,
      -0.001183859275831149,
      -5.2401513344137545e-05,
      -0.00873336067138325,
      -0.005717928742850767,
      -0.023140943258327402,
      -0.015972178915046258
    ],
    [
      -0.008739141521392711,
      -0.0035349674107386466,
      -0.006923621932500216,
      -0.007273530118276734,
      0.00020040883102616394,
      0.00288471949386157,
      3.3331027473816174e-07,
      -0.0022412796476838017,
      -0.0008960447602362772,
      -0.003957105897050656,
      0.010288932384968575
    ]
  ],
  "action_library": [
    {
      "type": "recruit",
      "magnitude": 1.0
    },
    {
      "type": "recruit",
      "magnitude": 2.0
    },
    {
      "type": "recruit",
      "magnitude": 3.0
    },
    {
      "type": "adjust_dose",
      "magnitude": -0.1
    },
    {
      "type": "adjust_dose",
      "magnitude": 0.1
    },
    {
      "type": "hold_enrollment",
      "magnitude": 0.0
    },
    {
      "type": "file_interim_report",
      "magnitude": 0.0
    },
    {
      "type": "implement_amendment",
      "magnitude": 0.0
    },
    {
      "type": "noop",
      "magnitude": 0.0
    }
  ],
  "metadata": {
    "step": 1600,
    "mean_reward": -4.300010119047619
  }
}