{
  "format_version": 1,
  "policy_type": "linear_softmax",
  "weights": [
    [
      0.04613048434549904,
      0.004206384030330873,
      -0.0007929142583873902,
      -8.767511711462819e-05,
      0.0,
      -0.0040131972820258216,
      -0.004219958483308382,
      0.0021303911120691393,
      -0.00013101056785156653,
      0.027035013261091017,
      -0.010529020642480104,
      0.04613048434549904,
      0.0,
      0.01423977086260479
    ],
    [
      0.15605608525963444,
      0.014624556575926257,
      -0.0007721786562003148,
      -0.0004907274410563828,
      0.0,
      -0.0017546793567594613,
      -0.001360217173145414,
      0.002954285228066828,
      -3.23633173935359e-05,
      0.08020496186339844,
      0.003337453728172522,
      0.15605608525963444,
      0.0,
      0.026944537854499687
    ],
    [
      0.20526774844251452,
      0.013059825448671701,
      0.000482787064519447,
      -6.619018256509183e-05,
      0.0,
      0.0020048768709450076,
      0.0018561850443414344,
      0.0035044041461713728,
      2.9765320286445017e-05,
      0.10107923410435275,
      0.003620273567069636,
      0.20526774844251452,
      0.0,
      0.030983667450626695
    ],
    [
      -0.0019129196749342928,
      0.0047324229113330524,
      0.0003907760571401686,
      -7.414708463237583e-05,
      0.0,
      0.0015839286385068195,
      0.0018803904859667306,
      -8.264514354081403e-05,
      4.594595355538453e-05,
      -0.0024054059433966392,
      0.013558448509602927,
      -0.0019129196749342928,
      0.0,
      0.0010835938045246308
    ],
    [
      -0.0002469392324759128,
      -0.005076610120384252,
      0.00015202050800679442,
      0.0002469053085924154,
      0.0,
      0.00011537381702161357,
      -0.00010937661780765075,
      -0.000733990510710446,
      1.133248081371612e-05,
      -0.001246403257800317,
      -0.005884957121334241,
      -0.0002469392324759128,
      0.0,
      -0.0034849766162188367
    ],
    [
      -0.35315970109519224,
      -0.024123182424845756,
      -8.417796834895573e-05,
      3.693638722553727e-05,
      0.0,
      -0.0003728579342398047,
      -0.0003336122715119891,
      -0.006043299224749477,
      -8.465873494993736e-06,
      -0.17631936994864147,
      0.003314821548713221,
      -0.35315970109519224,
      0.0,
      -0.05614271513191493
    ],
    [
      -0.0013669138597429597,
      0.001264064118870769,
      0.0014326213908083048,
      0.0009543846054165577,
      0.0,
      0.005880335567919368,
      0.005493521029561575,
      0.0007020798224307744,
      0.00013323427665134602,
      -0.005692308206563508,
      0.013006454874285742,
      -0.0013669138597429597,
      0.0,
      -0.00018082969842467828
    ],
    [
      -0.03643280878743495,
      -0.008018392667437103,
      -0.0007832071797303142,
      -0.0006056429295640174,
      0.0,
      -0.0033600834858479554,
      -0.0028691079274534006,
      -0.0009956756545175006,
      -3.579425097964553e-05,
      -0.015601173564131715,
      -0.01978318436872255,
      -0.03643280878743495,
      0.0,
      -0.009155125404649389
    ],
    [
      -0.014335035397868741,
      -0.00066906787246588,
      -2.5726957807725664e-05,
      8.615645369798644e-05,
      0.0,
      -8.369683551975048e-05,
      -0.0003378240866428965,
      -0.001435549775219914,
      -1.2644021587150192e-05,
      -0.007054548308308964,
      -0.0006402900953073681,
      -0.014335035397868741,
      0.0,
      -0.004287923121047575
    ]
  ],
  "action_library": [
    {
      "type": "recruit",
      "magnitude": 1.0
    },
    {
      "type": "recruit",
      "magnitude": 2.0
    },
    {
      "type": "recruit",
      "magnitude": 3.0
    },
    {
      "type": "adjust_dose",
      "magnitude": -0.1
    },
    {
      "type": "adjust_dose",
      "magnitude": 0.1
    },
    {
      "type": "hold_enrollment",
      "magnitude": 0.0
    },
    {
      "type": "file_interim_report",
      "magnitude": 0.0
    },
    {
      "type": "implement_amendment",
      "magnitude": 0.0
    },
    {
      "type": "noop",
      "magnitude": 0.0
    }
  ],
  "metadata": {
    "step": 4900,
    "mean_reward": -4.505663489819807,
    "resume_from_checkpoint": null
  }
}