{
  "format_version": 1,
  "policy_type": "linear_softmax",
  "weights": [
    [
      -0.00767543861408022,
      -0.0034449675661685645,
      -0.0004722679381166051,
      -1.8919047761903278e-05,
      0.0,
      -0.0016304618103554587,
      -0.0018575061384872257,
      -0.00027093438849143885,
      -0.00015712459069632025,
      -0.0014408817134884898,
      -0.004688371836140434,
      -0.00767543861408022,
      0.0,
      -0.0018889608361296068
    ],
    [
      0.029781897558231834,
      0.0034278311057549986,
      0.00021029282942989908,
      4.1508501125762516e-06,
      0.0,
      0.0014871132562587477,
      0.0010886011237933586,
      0.0007853925994381542,
      0.00016091384492467848,
      0.013824821292259983,
      0.0036053970364679847,
      0.029781897558231834,
      0.0,
      0.006547264746205258
    ],
    [
      0.04101247678939352,
      0.0036892950594225827,
      4.477444578812896e-05,
      5.355230995045195e-05,
      0.0,
      0.00027951564247336995,
      0.00045119116377553614,
      0.0009202363718615302,
      3.051532631549298e-05,
      0.02029696167968556,
      0.0011416246317275322,
      0.04101247678939352,
      0.0,
      0.00889778528637173
    ],
    [
      0.004823936226529551,
      0.002809948564740174,
      0.00011218649289289903,
      4.3098611587405644e-05,
      0.0,
      5.0285784966731695e-05,
      0.0002009376829449034,
      0.0001911812772949261,
      3.5337072079582484e-07,
      0.0019138533439097074,
      0.003982839304392702,
      0.004823936226529551,
      0.0,
      0.0014421774768064487
    ],
    [
      -0.0011060274836399346,
      -0.0021805919608234004,
      -0.00018203184078440275,
      -6.87846263459839e-05,
      0.0,
      -0.0009454444383044211,
      -0.0005196021732945308,
      -0.000513960808667776,
      -7.175554082678587e-05,
      0.00013272629051594163,
      -0.002578888455719762,
      -0.0011060274836399346,
      0.0,
      -0.0005104246866124434
    ],
    [
      -0.05667235061530322,
      -0.002629665445720224,
      0.00015875005479469516,
      0.00011428419014462423,
      0.0,
      0.0009489291703173233,
      0.0005160126080078523,
      -0.0009160703598954044,
      7.11132590964181e-05,
      -0.028770116395215928,
      0.003053221315809074,
      -0.05667235061530322,
      0.0,
      -0.010892644582644497
    ],
    [
      0.0027039805636757197,
      0.0017577467285815628,
      0.00024495236395488294,
      7.307609303802518e-05,
      0.0,
      0.0008955498117332799,
      0.0011474166842574383,
      0.0003769968866176532,
      7.709359197119236e-05,
      0.00011968665293963462,
      0.0035377159240459286,
      0.0027039805636757197,
      0.0,
      0.0003934509266690723
    ],
    [
      -0.010456267436020813,
      -0.00215839513058815,
      -0.00020042220486319538,
      -0.00019603450483203315,
      0.0,
      -0.0011615906838338306,
      -0.0010956554066734725,
      -0.0001266652190810538,
      -0.00011876888760475182,
      -0.004313529757860775,
      -0.005951603748772402,
      -0.010456267436020813,
      0.0,
      -0.0027872060485848453
    ],
    [
      -0.0024122069887865596,
      -0.0012712013551989356,
      8.376579690369831e-05,
      -4.423875893162696e-06,
      0.0,
      7.610326674425882e-05,
      6.860445567613437e-05,
      -0.00044617635907657924,
      7.659626099280606e-06,
      -0.001763521392745777,
      -0.0021019341718105616,
      -0.0024122069887865596,
      0.0,
      -0.0012014422820810172
    ]
  ],
  "action_library": [
    {
      "type": "recruit",
      "magnitude": 1.0
    },
    {
      "type": "recruit",
      "magnitude": 2.0
    },
    {
      "type": "recruit",
      "magnitude": 3.0
    },
    {
      "type": "adjust_dose",
      "magnitude": -0.1
    },
    {
      "type": "adjust_dose",
      "magnitude": 0.1
    },
    {
      "type": "hold_enrollment",
      "magnitude": 0.0
    },
    {
      "type": "file_interim_report",
      "magnitude": 0.0
    },
    {
      "type": "implement_amendment",
      "magnitude": 0.0
    },
    {
      "type": "noop",
      "magnitude": 0.0
    }
  ],
  "metadata": {
    "step": 900,
    "mean_reward": -2.0634692273708453,
    "resume_from_checkpoint": null,
    "iteration": 2,
    "benchmark_previous": {
      "episodes": 12,
      "policies": [
        "random",
        "heuristic",
        "trained"
      ]
    },
    "disease_metrics": {
      "random": {
        "type2_diabetes": {
          "total_reward": -1.4636011147052372,
          "composite_efficiency": 0.2764769716381783,
          "efficacy": 0.17901527205548326,
          "safety": -0.75,
          "compliance": -0.7,
          "cost": -0.255,
          "progress": 0.1213235294117647,
          "correction_triggers": 7.75,
          "stage_transitions": 0.0
        },
        "hypertension": {
          "total_reward": -2.8655515958825024,
          "composite_efficiency": 0.2500548365529594,
          "efficacy": 0.2609400772288191,
          "safety": -0.75,
          "compliance": -0.7,
          "cost": -0.735,
          "progress": 0.055723622782446317,
          "correction_triggers": 14.0,
          "stage_transitions": 0.0
        },
        "nsclc": {
          "total_reward": -2.3680542380844742,
          "composite_efficiency": 0.29269954011117383,
          "efficacy": 0.08408673175860883,
          "safety": -0.5,
          "compliance": -0.4,
          "cost": -0.263125,
          "progress": 0.07137254901960785,
          "correction_triggers": 11.75,
          "stage_transitions": 0.0
        }
      },
      "heuristic": {
        "type2_diabetes": {
          "total_reward": -0.50839254155073,
          "composite_efficiency": 0.24909998304051836,
          "efficacy": 0.23244988128362853,
          "safety": -1.0,
          "compliance": -1.0,
          "cost": -0.2175,
          "progress": 0.12,
          "correction_triggers": 2.0,
          "stage_transitions": 0.0
        },
        "hypertension": {
          "total_reward": -0.8666626561275919,
          "composite_efficiency": 0.2669103374334948,
          "efficacy": 0.26361095839989584,
          "safety": -1.0,
          "compliance": -1.0,
          "cost": -0.230625,
          "progress": 0.12,
          "correction_triggers": 3.5,
          "stage_transitions": 0.0
        },
        "nsclc": {
          "total_reward": -0.5330464580566001,
          "composite_efficiency": 0.23903715997689795,
          "efficacy": 0.1620101198382856,
          "safety": -1.0,
          "compliance": -1.0,
          "cost": -0.2175,
          "progress": 0.12,
          "correction_triggers": 2.0,
          "stage_transitions": 0.0
        }
      },
      "trained": {
        "type2_diabetes": {
          "total_reward": -0.50839254155073,
          "composite_efficiency": 0.24909998304051836,
          "efficacy": 0.23244988128362853,
          "safety": -1.0,
          "compliance": -1.0,
          "cost": -0.2175,
          "progress": 0.12,
          "correction_triggers": 2.0,
          "stage_transitions": 0.0
        },
        "hypertension": {
          "total_reward": -0.8766700464910487,
          "composite_efficiency": 0.2526140654856994,
          "efficacy": 0.26361095839989584,
          "safety": -1.0,
          "compliance": -1.0,
          "cost": -0.230625,
          "progress": 0.12,
          "correction_triggers": 3.5,
          "stage_transitions": 0.0
        },
        "nsclc": {
          "total_reward": -0.5330464580566001,
          "composite_efficiency": 0.23903715997689795,
          "efficacy": 0.1620101198382856,
          "safety": -1.0,
          "compliance": -1.0,
          "cost": -0.2175,
          "progress": 0.12,
          "correction_triggers": 2.0,
          "stage_transitions": 0.0
        }
      }
    },
    "phase_metrics": {
      "random": {
        "stage1": {
          "composite_efficiency": 0.3386217488210177,