{
  "format_version": 1,
  "policy_type": "linear_softmax",
  "weights": [
    [
      0.01096849942866615,
      0.0009421486245093826,
      -0.00020194544184935144,
      -0.00015829289778719372,
      0.0,
      -0.0011560334470237358,
      -0.0011663160468459795,
      -8.086111006254482e-06,
      -1.6699701439064273e-05,
      0.00634170151836652,
      -0.0020278926418992767,
      0.01096849942866615,
      0.0,
      0.002523313836210614
    ],
    [
      0.023853547024481763,
      0.003351495344268167,
      -0.0001825830895439091,
      -0.00016303340710743992,
      0.0,
      -0.0005401141315419487,
      -0.0002709057356336782,
      0.0006845915015401031,
      -7.3809953573794235e-06,
      0.012485584809683552,
      0.0017901552484119712,
      0.023853547024481763,
      0.0,
      0.004520424920015175
    ],
    [
      0.02810487320829757,
      0.0007406299999754612,
      0.00014771399854487062,
      2.8010128575706378e-05,
      0.0,
      0.00039409480855331073,
      0.0004324864639419048,
      0.00031054031667600567,
      1.1487577101351531e-05,
      0.01352178356426332,
      -0.0015081426793176309,
      0.02810487320829757,
      0.0,
      0.003897323796572384
    ],
    [
      0.005036404493789923,
      0.003093712119496347,
      1.9570951829614554e-05,
      -6.919802268973983e-05,
      0.0,
      0.000429483019053287,
      0.00038788736139379755,
      0.00022884976295899507,
      1.3349818711638681e-05,
      0.0023744585184631993,
      0.004626855279274219,
      0.005036404493789923,
      0.0,
      0.0015088881966694148
    ],
    [
      -0.0010396809185971268,
      -0.0010844113168767323,
      1.0496289403374785e-05,
      0.0001647331481850025,
      0.0,
      -6.719798934260365e-05,
      -7.236103526848405e-05,
      -0.00018261130858666943,
      -1.5154951347548275e-05,
      -0.00025047998021490904,
      -0.0023203175737469225,
      -0.0010396809185971268,
      0.0,
      -0.0007115376782507819
    ],
    [
      -0.05941155677856743,
      -0.0032500997274268525,
      5.323555170859675e-05,
      0.00012092012934081123,
      0.0,
      0.0003623816556201185,
      0.0003282291898538954,
      -0.0007906846530158983,
      8.854426476838516e-06,
      -0.029852933543196545,
      0.0018528781705153075,
      -0.05941155677856743,
      0.0,
      -0.009251403604639125
    ],
    [
      0.0037780055950026913,
      0.0008119454432542708,
      0.00037260042029655624,
      0.0002375058090117286,
      0.0,
      0.0015288378789154041,
      0.001577635873255473,
      0.00042772555551394577,
      2.0343592900292164e-05,
      0.00044712542672571725,
      0.003551391746129754,
      0.0037780055950026913,
      0.0,
      0.0003033020868514114
    ],
    [
      -0.0012485242045575736,
      -0.0010060419037145336,
      -0.00012067475887933557,
      -0.000156929610756443,
      0.0,
      -0.0006838364554149092,
      -0.0007531492589137225,
      -1.59441045745334e-05,
      -6.0714553412820526e-06,
      -0.000356399661745352,
      0.00017410442107120951,
      -0.0012485242045575736,
      0.0,
      -0.00044336008533751387
    ],
    [
      -0.010041567848515783,
      -0.003599378583485505,
      -9.841392151041594e-05,
      -3.7152767724321688e-06,
      0.0,
      -0.0002676153388189215,
      -0.00046350681178320536,
      -0.0006543809595057044,
      -8.728311704846925e-06,
      -0.0047108406523453895,
      -0.006139031970438669,
      -0.010041567848515783,
      0.0,
      -0.002346951468091554
    ]
  ],
  "action_library": [
    {
      "type": "recruit",
      "magnitude": 1.0
    },
    {
      "type": "recruit",
      "magnitude": 2.0
    },
    {
      "type": "recruit",
      "magnitude": 3.0
    },
    {
      "type": "adjust_dose",
      "magnitude": -0.1
    },
    {
      "type": "adjust_dose",
      "magnitude": 0.1
    },
    {
      "type": "hold_enrollment",
      "magnitude": 0.0
    },
    {
      "type": "file_interim_report",
      "magnitude": 0.0
    },
    {
      "type": "implement_amendment",
      "magnitude": 0.0
    },
    {
      "type": "noop",
      "magnitude": 0.0
    }
  ],
  "metadata": {
    "step": 600,
    "mean_reward": -1.9323253161187202,
    "resume_from_checkpoint": null
  }
}