{
  "format_version": 1,
  "policy_type": "linear_softmax",
  "weights": [
    [
      -0.03336764302057773,
      -0.014318086294119549,
      -0.006212723479775671,
      -0.004336146320459245,
      -0.001019329539608162,
      -0.013573844647413959,
      2.5324651439186784e-05,
      -0.005798468567943828,
      -0.006522542773828796,
      -0.0029516008749541174,
      -0.025230294747104285
    ],
    [
      0.03529703450944641,
      0.014989390839587334,
      0.021585858873374077,
      0.020550690251529443,
      0.00045330984976392713,
      0.0019113092181142308,
      2.4527978301403364e-06,
      0.009843084155014293,
      0.0061652797402952444,
      0.00854496113699137,
      0.00023176161550448628
    ],
    [
      0.07633182244728412,
      0.02361225233347301,
      0.03477894674814613,
      0.03387101588611216,
      1.5838969184994022e-05,
      0.0015912744435170555,
      9.65439248880561e-05,
      0.015375662307445347,
      0.009355448600965925,
      0.022376951169003647,
      0.0014593697607988745
    ],
    [
      -0.011960161453737898,
      -0.002959282831577248,
      -0.00527887415728625,
      -0.005757258560223141,
      0.00029254568028690614,
      0.003487982215152562,
      -5.2141550631444663e-05,
      -0.0020932117342876994,
      -0.0008609677559406882,
      -0.005681360324360699,
      0.0017370412151292976
    ],
    [
      0.0026638004347851693,
      -0.0008420386812664193,
      -0.004278383592015011,
      -0.004342982007840623,
      -4.069398196270606e-05,
      0.0003551660142336419,
      -6.04450314246677e-05,
      -0.0019826377539569387,
      -0.0006263829834374753,
      0.0003004575765621877,
      0.00507602949601716
    ],
    [
      -0.02880877481332682,
      -0.010348720991060104,
      -0.022641577525997162,
      -0.022782146847590917,
      0.00042780358150196744,
      0.002634387182120172,
      3.746538065251235e-05,
      -0.008446053190287088,
      -0.004334221847975626,
      -0.005990677746487702,
      0.009936934373220283
    ],
    [
      0.003906190952058193,
      0.004204961292477561,
      -0.0007481927131098307,
      -0.0011448120667236347,
      0.0003981276653860381,
      0.003316927883341393,
      -2.184560537176182e-05,
      0.0006768897667379066,
      0.0014681322807331024,
      -0.00023179718003803264,
      0.011330220943347914
    ],
    [
      -0.039717439831736506,
      -0.012684050787511659,
      -0.012124012703940323,
      -0.011119471860913447,
      -0.00044013701799696053,
      -0.0010405556917806925,
      -2.8702991176113347e-05,
      -0.006048176877180487,
      -0.003971455908457192,
      -0.01409710101650541,
      -0.012061285355616043
    ],
    [
      -0.00434482922419609,
      -0.0016544248800029193,
      -0.005081041449396421,
      -0.004938888473890886,
      -8.746520655600203e-05,
      0.0013173533827157363,
      1.3484237940919969e-06,
      -0.0015270881055414987,
      -0.0006732893523545259,
      -0.002269832740211713,
      0.007520222698702421
    ]
  ],
  "action_library": [
    {
      "type": "recruit",
      "magnitude": 1.0
    },
    {
      "type": "recruit",
      "magnitude": 2.0
    },
    {
      "type": "recruit",
      "magnitude": 3.0
    },
    {
      "type": "adjust_dose",
      "magnitude": -0.1
    },
    {
      "type": "adjust_dose",
      "magnitude": 0.1
    },
    {
      "type": "hold_enrollment",
      "magnitude": 0.0
    },
    {
      "type": "file_interim_report",
      "magnitude": 0.0
    },
    {
      "type": "implement_amendment",
      "magnitude": 0.0
    },
    {
      "type": "noop",
      "magnitude": 0.0
    }
  ],
  "metadata": {
    "step": 1000,
    "mean_reward": -3.574803125
  }
}