{
  "format_version": 1,
  "policy_type": "linear_softmax",
  "weights": [
    [
      0.03594079088735109,
      0.0012870127616710194,
      -0.0009370610058286785,
      -3.346992916873283e-05,
      0.0,
      -0.004216065467850951,
      -0.0042052700895656245,
      0.001702278301557027,
      -0.00016455429268061206,
      0.02288510752308749,
      -0.017363259019239304,
      0.03594079088735109,
      0.0,
      0.015768635895936873
    ],
    [
      0.2283956790431825,
      0.01944007950820778,
      -0.0010567232709999437,
      -0.0005064082587049329,
      0.0,
      -0.0031336089189074635,
      -0.0027702128822016748,
      0.00424573936856702,
      -4.9754985800801475e-05,
      0.1172262172203572,
      0.0029717389385123818,
      0.2283956790431825,
      0.0,
      0.0382849951978387
    ],
    [
      0.3474927962254064,
      0.025552579770956638,
      0.0006978946100367171,
      -0.00029394879946864443,
      0.0,
      0.0029200477660523277,
      0.003039562445312222,
      0.0062043362302224726,
      8.548234937751546e-05,
      0.1704412939889033,
      0.015591032029089423,
      0.3474927962254064,
      0.0,
      0.052328408638970134
    ],
    [
      -0.01520355947502773,
      0.0034014346395638212,
      0.0003736755454706633,
      -0.00023332808983543487,
      0.0,
      0.001176695443330416,
      0.001956339845205588,
      -0.0002902022155598728,
      1.6917517845868194e-05,
      -0.008820720999787344,
      0.011756107721150722,
      -0.01520355947502773,
      0.0,
      -0.002095062516051239
    ],
    [
      -0.003049736090634578,
      -0.00459341313424872,
      0.00026095493202233885,
      0.00031470399574947436,
      0.0,
      0.00024011824543297434,
      -0.00045324521914721157,
      -0.0011648091582433695,
      9.124438906370257e-06,
      -0.0029494654235941308,
      -0.0030392576987848187,
      -0.003049736090634578,
      0.0,
      -0.004035773548007189
    ],
    [
      -0.5080203247467423,
      -0.0341439108668157,
      -0.0003198110434973445,
      -8.786644766283276e-05,
      0.0,
      -0.001519520527093748,
      -0.0014395368485186084,
      -0.008170014218175002,
      -4.9605911982538834e-05,
      -0.2527251845582472,
      0.0005629678251119879,
      -0.5080203247467423,
      0.0,
      -0.07857921980856662
    ],
    [
      -0.014824253380866433,
      -0.004845255829984595,
      0.001970955206492665,
      0.0016943432070226799,
      0.0,
      0.008063043171025387,
      0.00742352910773861,
      9.140778076994853e-05,
      0.00018305137996745978,
      -0.013893556262251885,
      0.011150046697021925,
      -0.014824253380866433,
      0.0,
      -0.003998283706478709
    ],
    [
      -0.04495145923437494,
      -0.0051394483290380455,
      -0.0008246288440691493,
      -0.0006078127764648891,
      0.0,
      -0.0032080962988734235,
      -0.0030055968104051576,
      -0.00027881169316197276,
      -1.0249059000834647e-05,
      -0.01965634142258324,
      -0.017314626365522962,
      -0.04495145923437494,
      0.0,
      -0.010578944558122829
    ],
    [
      -0.025779933228292327,
      -0.0009590785203125377,
      -0.0001652561296272512,
      -0.0002462129014666912,
      0.0,
      -0.00032261341311554397,
      -0.0005455695484180774,
      -0.0023399243959762238,
      -2.041143663242774e-05,
      -0.012507350065884403,
      -0.004314750127340102,
      -0.025779933228292327,
      0.0,
      -0.007094755595517346
    ]
  ],
  "action_library": [
    {
      "type": "recruit",
      "magnitude": 1.0
    },
    {
      "type": "recruit",
      "magnitude": 2.0
    },
    {
      "type": "recruit",
      "magnitude": 3.0
    },
    {
      "type": "adjust_dose",
      "magnitude": -0.1
    },
    {
      "type": "adjust_dose",
      "magnitude": 0.1
    },
    {
      "type": "hold_enrollment",
      "magnitude": 0.0
    },
    {
      "type": "file_interim_report",
      "magnitude": 0.0
    },
    {
      "type": "implement_amendment",
      "magnitude": 0.0
    },
    {
      "type": "noop",
      "magnitude": 0.0
    }
  ],
  "metadata": {
    "step": 8800,
    "mean_reward": -1.7874424740085093,
    "resume_from_checkpoint": null
  }
}