{
  "format_version": 1,
  "policy_type": "linear_softmax",
  "weights": [
    [
      -0.052070459420339124,
      -0.02260322043694065,
      -0.01054429564743761,
      -0.007570843749658356,
      -0.0015430131649430124,
      -0.019635395514341625,
      -8.058337068056676e-06,
      -0.009288685282822522,
      -0.009890473377784589,
      -0.00616071055651332,
      -0.041449787718524984
    ],
    [
      0.054147573238142836,
      0.02369978662741163,
      0.0327307727474177,
      0.031185634492999506,
      0.0004845181915145832,
      0.0026336665536843156,
      7.3106712426245e-05,
      0.015093159183536802,
      0.009337332819200734,
      0.014124691114377483,
      0.001780438027367992
    ],
    [
      0.12368538812746391,
      0.039381428612058525,
      0.05505478206027464,
      0.053180637503674834,
      0.0005429471007002732,
      0.0037281846390227425,
      0.000165044103068744,
      0.02444438448107964,
      0.01508404354963267,
      0.03651314988395458,
      0.005087284557391065
    ],
    [
      -0.018090882450886667,
      -0.00429738565116324,
      -0.007686648341301968,
      -0.008449322746100513,
      0.0005146746583493703,
      0.0035674839546088483,
      -0.0001583215925053185,
      -0.002866442147297942,
      -0.0014016008849983312,
      -0.008046604942631801,
      0.0038054286239503758
    ],
    [
      0.011012005471014268,
      0.002203514060620349,
      -0.0028917815698315725,
      -0.0030145210683839734,
      -3.074586777917186e-05,
      0.0017056137214514525,
      -0.00010314428354741305,
      -0.001255837236395292,
      0.0009675620717213754,
      0.001872496242401716,
      0.011273416817521382
    ],
    [
      -0.0510949448114446,
      -0.018146725445919974,
      -0.03709741356886728,
      -0.03686380477886676,
      0.0006068190963297993,
      0.00375441646590559,
      5.0099673663722946e-05,
      -0.014461818501043335,
      -0.007925180965156693,
      -0.01133090764195673,
      0.013755640630104682
    ],
    [
      6.458468213906102e-05,
      0.0012609861240258017,
      -0.003834648343157957,
      -0.0038951744397061256,
      1.698483712199082e-05,
      0.002575785617094513,
      2.886546491702354e-05,
      -0.000714182384829907,
      0.0003764995558880485,
      -0.0013122786470360942,
      0.00991911409559323
    ],
    [
      -0.05809913607329649,
      -0.01776989813871867,
      -0.018646751060191945,
      -0.0172764611727117,
      -0.0006782755260709686,
      -0.0010662660741586035,
      -3.618396802284256e-05,
      -0.008494553948724861,
      -0.005510717994694821,
      -0.02126492001094752,
      -0.014404803371050092
    ],
    [
      -0.009554128762793842,
      -0.0037284857513730516,
      -0.007084016276905108,
      -0.0072961440412477865,
      8.609067477715274e-05,
      0.00273651063673288,
      -1.1407772932104603e-05,
      -0.002456024163501925,
      -0.0010374647738083747,
      -0.0043949154416494645,
      0.010233268337646206
    ]
  ],
  "action_library": [
    {
      "type": "recruit",
      "magnitude": 1.0
    },
    {
      "type": "recruit",
      "magnitude": 2.0
    },
    {
      "type": "recruit",
      "magnitude": 3.0
    },
    {
      "type": "adjust_dose",
      "magnitude": -0.1
    },
    {
      "type": "adjust_dose",
      "magnitude": 0.1
    },
    {
      "type": "hold_enrollment",
      "magnitude": 0.0
    },
    {
      "type": "file_interim_report",
      "magnitude": 0.0
    },
    {
      "type": "implement_amendment",
      "magnitude": 0.0
    },
    {
      "type": "noop",
      "magnitude": 0.0
    }
  ],
  "metadata": {
    "step": 1500,
    "mean_reward": -4.161702504960318
  }
}