{
  "format_version": 1,
  "policy_type": "linear_softmax",
  "weights": [
    [
      0.027166726509888047,
      0.0015389364441458454,
      -0.0008315473848392416,
      -0.0001485047874504915,
      0.0,
      -0.003595067241541851,
      -0.003540000776855431,
      0.0017167106418573262,
      -0.00013258938559150468,
      0.01791593894332121,
      -0.01969463216304363,
      0.027166726509888047,
      0.0,
      0.014843025658931818
    ],
    [
      0.23944778299607294,
      0.01974591863060722,
      -0.001373397594377153,
      -0.0005831502173661041,
      0.0,
      -0.004379209514895528,
      -0.003973538544181844,
      0.004333865107128769,
      -8.468954302770371e-05,
      0.12409152784628019,
      0.002598368889941698,
      0.23944778299607294,
      0.0,
      0.039992319858686703
    ],
    [
      0.369352230199182,
      0.02715492620093268,
      0.0006468207123805592,
      -0.00032463848648114425,
      0.0,
      0.0029053515793458946,
      0.002875826981712764,
      0.006626478101427958,
      5.594348732866055e-05,
      0.18189080523808812,
      0.015585760568162186,
      0.369352230199182,
      0.0,
      0.05501772909582751
    ],
    [
      -0.015522376387784366,
      0.0048677785199481,
      0.000639593554248337,
      -0.0002989599285698208,
      0.0,
      0.002041400609655989,
      0.0030295877287701244,
      -0.00017516901534471685,
      5.2129082215975444e-05,
      -0.010418529943314948,
      0.012577556142497155,
      -0.015522376387784366,
      0.0,
      -0.0024176166602786625
    ],
    [
      -0.00165505697267793,
      -0.004233252734711428,
      0.0002519837285659457,
      0.0004592400232495382,
      0.0,
      -0.00017894209746804746,
      -0.0009486375348594777,
      -0.0012795984618886882,
      -2.067884432579395e-05,
      -0.002143528411479105,
      -0.0008401120799292848,
      -0.00165505697267793,
      0.0,
      -0.0034947773192960676
    ],
    [
      -0.5274509332539813,
      -0.03499906892975912,
      -0.00024318541402396318,
      -3.47520958118764e-05,
      0.0,
      -0.001210360006854202,
      -0.001172855532722492,
      -0.008453963434556521,
      -4.608242187219101e-05,
      -0.26283062950782365,
      0.0014590749753088641,
      -0.5274509332539813,
      0.0,
      -0.08120069339498487
    ],
    [
      -0.016857375668949407,
      -0.00749108063767368,
      0.0021748073872232296,
      0.0019437076106313279,
      0.0,
      0.008805078506561124,
      0.007951396012775874,
      0.00010055251511277853,
      0.00019354311916375716,
      -0.015290117427391668,
      0.009401752419052235,
      -0.016857375668949407,
      0.0,
      -0.004649281531346556
    ],
    [
      -0.04564056718052178,
      -0.0050797423357661735,
      -0.000921266968260123,
      -0.0006850757098376207,
      0.0,
      -0.0037756562930102294,
      -0.0033917660643046315,
      -0.000459557458821288,
      -1.532385702492717e-05,
      -0.01961804359057833,
      -0.01603424789710791,
      -0.04564056718052178,
      0.0,
      -0.01022929095490495
    ],
    [
      -0.028840430241219937,
      -0.001504415157723762,
      -0.00034380802091757645,
      -0.0003278664083638161,
      0.0,
      -0.000612595541793189,
      -0.0008300122703348081,
      -0.0024093179949156145,
      -2.2516368662734534e-06,
      -0.013597423147098836,
      -0.005053520854882032,
      -0.028840430241219937,
      0.0,
      -0.007861414752633637
    ]
  ],
  "action_library": [
    {
      "type": "recruit",
      "magnitude": 1.0
    },
    {
      "type": "recruit",
      "magnitude": 2.0
    },
    {
      "type": "recruit",
      "magnitude": 3.0
    },
    {
      "type": "adjust_dose",
      "magnitude": -0.1
    },
    {
      "type": "adjust_dose",
      "magnitude": 0.1
    },
    {
      "type": "hold_enrollment",
      "magnitude": 0.0
    },
    {
      "type": "file_interim_report",
      "magnitude": 0.0
    },
    {
      "type": "implement_amendment",
      "magnitude": 0.0
    },
    {
      "type": "noop",
      "magnitude": 0.0
    }
  ],
  "metadata": {
    "step": 9500,
    "mean_reward": -1.8280691682762842,
    "resume_from_checkpoint": null
  }
}