{
  "format_version": 1,
  "policy_type": "linear_softmax",
  "weights": [
    [
      0.022792960667685793,
      0.0005732326612430227,
      -0.0003226606797223541,
      -5.860702093943237e-05,
      0.0,
      -0.001790217844755956,
      -0.001707691146612868,
      0.0003591353433858545,
      -4.913131582908351e-05,
      0.01290904449519786,
      -0.004185606471824345,
      0.022792960667685793,
      0.0,
      0.005598631271455819
    ],
    [
      0.05410729527743067,
      0.009086051111868363,
      -0.0003711981640682416,
      -0.00021600647090561206,
      0.0,
      -0.0018727030495708339,
      -0.0014280130664228808,
      0.0020970595574943012,
      -7.990698206816568e-05,
      0.028348493918437155,
      0.00574963784821911,
      0.05410729527743067,
      0.0,
      0.00978146013038963
    ],
    [
      0.05999286040503006,
      0.002948261964252834,
      0.00026854529813081417,
      -2.7869020067883956e-05,
      0.0,
      0.0012403031588286457,
      0.0011804029376356376,
      0.0012750173564292176,
      3.223046809790875e-05,
      0.02899371921933381,
      0.00019620897352647378,
      0.05999286040503006,
      0.0,
      0.008826361136591255
    ],
    [
      0.01037971590365746,
      0.006849352335126599,
      0.00014841967409807614,
      -7.075498446927607e-05,
      0.0,
      0.0014203953094993123,
      0.0013091780703245756,
      0.0006167391985735575,
      5.0412610284352335e-05,
      0.004218904340964936,
      0.012382175031447168,
      0.01037971590365746,
      0.0,
      0.0035352903915395538
    ],
    [
      -0.00308602704261635,
      -0.004589231324048068,
      5.060823867092267e-05,
      0.00022294900445331641,
      0.0,
      2.0474077025388618e-05,
      7.659783516755198e-05,
      -0.0014428096191756552,
      5.3387208899604745e-06,
      -0.0015871748301336211,
      -0.005349859013305539,
      -0.00308602704261635,
      0.0,
      -0.0018178990195849094
    ],
    [
      -0.12423227282570624,
      -0.00914387005461652,
      -3.0800823560910674e-05,
      2.8803494701772018e-05,
      0.0,
      2.650990250787585e-05,
      -5.756022926598823e-05,
      -0.0022676658916396053,
      9.053617363183905e-06,
      -0.062099465735381,
      -0.000630044565974701,
      -0.12423227282570624,
      0.0,
      -0.02045264090567275
    ],
    [
      0.002097011206282895,
      1.942400212140392e-05,
      0.0006790562286292934,
      0.0003444695824038156,
      0.0,
      0.0028637861557062358,
      0.0026985302191521424,
      0.0005624913305884311,
      6.546763041214772e-05,
      -0.0017840920064714026,
      0.004991741872601026,
      0.002097011206282895,
      0.0,
      -7.808928128575173e-05
    ],
    [
      -0.00929909215263792,
      -0.0001622626951668956,
      -0.0003920774702889074,
      -0.00029484459544424095,
      0.0,
      -0.0019116006727758717,
      -0.0017119716362232955,
      0.00019778040239901178,
      -2.314936666932841e-05,
      -0.00293739311615365,
      -0.0034003145729630956,
      -0.00929909215263792,
      0.0,
      -0.0018549609963900622
    ],
    [
      -0.01275245143912603,
      -0.005580958000780731,
      -2.9892301888689822e-05,
      7.186001026754111e-05,
      0.0,
      3.0529635352103765e-06,
      -0.0003594729837548692,
      -0.0013977476780551179,
      -1.0315382480975528e-05,
      -0.006062036285793936,
      -0.009753939101726212,
      -0.01275245143912603,
      0.0,
      -0.0035381527270429976
    ]
  ],
  "action_library": [
    {
      "type": "recruit",
      "magnitude": 1.0
    },
    {
      "type": "recruit",
      "magnitude": 2.0
    },
    {
      "type": "recruit",
      "magnitude": 3.0
    },
    {
      "type": "adjust_dose",
      "magnitude": -0.1
    },
    {
      "type": "adjust_dose",
      "magnitude": 0.1
    },
    {
      "type": "hold_enrollment",
      "magnitude": 0.0
    },
    {
      "type": "file_interim_report",
      "magnitude": 0.0
    },
    {
      "type": "implement_amendment",
      "magnitude": 0.0
    },
    {
      "type": "noop",
      "magnitude": 0.0
    }
  ],
  "metadata": {
    "step": 1300,
    "mean_reward": -9.117439568820934,
    "resume_from_checkpoint": null
  }
}