{
  "format_version": 1,
  "policy_type": "linear_softmax",
  "weights": [
    [
      0.049489166512233417,
      0.005318517862290584,
      -0.0008933704756072684,
      -0.00012442400869447031,
      0.0,
      -0.004230752145357392,
      -0.004246835783966647,
      0.0023073195481541305,
      -0.0001283999616980799,
      0.02908412159773212,
      -0.008512511110018389,
      0.049489166512233417,
      0.0,
      0.015480242303789332
    ],
    [
      0.15946936665369615,
      0.012637420772523422,
      -0.0009298893043732454,
      -0.0005260490471785711,
      0.0,
      -0.0024040159648758617,
      -0.0018767072605813879,
      0.0027863105839600975,
      -5.045124995776937e-05,
      0.08256395002366788,
      -0.0009168392886948135,
      0.15946936665369615,
      0.0,
      0.026951534091314313
    ],
    [
      0.21678248214797954,
      0.015306396123651216,
      0.0006317359922029939,
      -5.9252998813419506e-05,
      0.0,
      0.0024526834852207726,
      0.0021467410841421613,
      0.0038193005853923647,
      4.571357165365521e-05,
      0.10601841766736857,
      0.005206941255001452,
      0.21678248214797954,
      0.0,
      0.03277013534264979
    ],
    [
      -0.002550457544600803,
      0.004969116300741145,
      0.0003923570990915745,
      -0.00013702650112297984,
      0.0,
      0.0017114284996219916,
      0.0020547056196659266,
      -0.00025210328168097596,
      5.343409904788728e-05,
      -0.002915809316706322,
      0.014162830019412185,
      -0.002550457544600803,
      0.0,
      0.0007473497169087023
    ],
    [
      0.0007692679835281521,
      -0.0046622496981649185,
      0.00023536058420312443,
      0.00037054043836253804,
      0.0,
      0.00013020076107646364,
      -0.0001794765174820921,
      -0.0005081795064001544,
      -8.736658196145192e-07,
      -0.0007537411911225993,
      -0.0051315937970087344,
      0.0007692679835281521,
      0.0,
      -0.003156257917920249
    ],
    [
      -0.3716543852410815,
      -0.026993060429417945,
      -0.00022821220509770666,
      -1.2924346531801694e-05,
      0.0,
      -0.0009174088450361491,
      -0.0008075136325581709,
      -0.006538912724363737,
      -2.2839213436361364e-05,
      -0.18485591977209906,
      0.00048331988587211526,
      -0.3716543852410815,
      0.0,
      -0.05929578092526959
    ],
    [
      -0.0009235700161924204,
      0.00212124642890201,
      0.0015834129576509585,
      0.001078265779269284,
      0.0,
      0.0067254828563338654,
      0.006213848771418033,
      0.0008359568793328746,
      0.00015530563882667906,
      -0.006016494189609848,
      0.014983879971864787,
      -0.0009235700161924204,
      0.0,
      -2.4244597292414716e-05
    ],
    [
      -0.03426269306577359,
      -0.0060726122196935375,
      -0.0007612788203763114,
      -0.0006394656109267064,
      0.0,
      -0.0033834615747978707,
      -0.0029682761311664117,
      -0.0007080641799227358,
      -3.8217541443947854e-05,
      -0.014648628748095993,
      -0.017179346349844873,
      -0.03426269306577359,
      0.0,
      -0.00838935286277396
    ],
    [
      -0.01711917742978936,
      -0.0026247751408324613,
      -3.011582769410737e-05,
      5.033629563612719e-05,
      0.0,
      -8.415707218580214e-05,
      -0.0003364861494714059,
      -0.0017416279044718999,
      -1.3671677172448888e-05,
      -0.008475896071134715,
      -0.003096680586583952,
      -0.01711917742978936,
      0.0,
      -0.005083625151405536
    ]
  ],
  "action_library": [
    {
      "type": "recruit",
      "magnitude": 1.0
    },
    {
      "type": "recruit",
      "magnitude": 2.0
    },
    {
      "type": "recruit",
      "magnitude": 3.0
    },
    {
      "type": "adjust_dose",
      "magnitude": -0.1
    },
    {
      "type": "adjust_dose",
      "magnitude": 0.1
    },
    {
      "type": "hold_enrollment",
      "magnitude": 0.0
    },
    {
      "type": "file_interim_report",
      "magnitude": 0.0
    },
    {
      "type": "implement_amendment",
      "magnitude": 0.0
    },
    {
      "type": "noop",
      "magnitude": 0.0
    }
  ],
  "metadata": {
    "step": 5200,
    "mean_reward": -1.2494489684065722,
    "resume_from_checkpoint": null
  }
}