{
  "format_version": 1,
  "policy_type": "linear_softmax",
  "weights": [
    [
      0.0470282216648032,
      0.004961595541385221,
      -0.0006521233104407508,
      -2.7699594928519233e-05,
      0.0,
      -0.003363615824450079,
      -0.0035843547048512096,
      0.002122506646747823,
      -0.00010399990486343351,
      0.026887696221461498,
      -0.006866048166962216,
      0.0470282216648032,
      0.0,
      0.013584106166800865
    ],
    [
      0.13498850319269737,
      0.012273207098610652,
      -0.0007064430496358468,
      -0.0005130153534856841,
      0.0,
      -0.001857873289073773,
      -0.001466230706564976,
      0.002347256059885648,
      -3.4453581260009604e-05,
      0.06932094818171046,
      0.0024980482971694896,
      0.13498850319269737,
      0.0,
      0.023301011850737404
    ],
    [
      0.1790880304713653,
      0.013450859325961476,
      0.0005352712046603491,
      -3.0384855006381812e-05,
      0.0,
      0.0023314199278677583,
      0.0022369210916704883,
      0.003626185428526597,
      3.57680732472747e-05,
      0.08773503730304098,
      0.006637327717969725,
      0.1790880304713653,
      0.0,
      0.02744632652186948
    ],
    [
      -0.004234665866960876,
      0.002641480271794217,
      0.00021367284948483614,
      -0.00010126038117405725,
      0.0,
      0.0009482292847081121,
      0.0011583992782693128,
      -0.00015697308564454558,
      2.798410525085486e-05,
      -0.0028305924944905516,
      0.008356082344489231,
      -0.004234665866960876,
      0.0,
      0.00014388603001847522
    ],
    [
      0.003921458582770331,
      -0.001357844578388532,
      0.00022621765500229035,
      0.00020090915448556145,
      0.0,
      0.0006386682607555077,
      0.0005532959628211361,
      -0.00038230216810631386,
      3.422791385833364e-05,
      0.00044214692840437576,
      -0.0010754649434555044,
      0.003921458582770331,
      0.0,
      -0.0016348315890375015
    ],
    [
      -0.3120231373968043,
      -0.021193951694899932,
      -4.608601141976307e-05,
      5.727343123669671e-05,
      0.0,
      -0.0005063373426221884,
      -0.0005270969478923941,
      -0.0052986663471809095,
      -1.857313254606562e-05,
      -0.15592606203568227,
      0.002734592545425253,
      -0.3120231373968043,
      0.0,
      -0.050053465105651604
    ],
    [
      -0.0002968458365271966,
      -0.0008290984013678022,
      0.0011964654966163941,
      0.0008288407289405142,
      0.0,
      0.0051282937234106716,
      0.004778156217533679,
      0.0005597740208191338,
      0.00012450084031496273,
      -0.004265537565754736,
      0.011838641391177742,
      -0.0002968458365271966,
      0.0,
      -5.786628403487645e-05
    ],
    [
      -0.0281089431259849,
      -0.004507795171031895,
      -0.0006963763791142988,
      -0.0005466457806897569,
      0.0,
      -0.0029130783920948066,
      -0.0024448457188952313,
      -0.000544580033810362,
      -4.0572310794238324e-05,
      -0.011703457406362703,
      -0.013621355291701406,
      -0.0281089431259849,
      0.0,
      -0.006472624771686282
    ],
    [
      -0.02036262168535606,
      -0.005438452392063617,
      -7.059845515319996e-05,
      0.00013198265062162523,
      0.0,
      -0.0004057063485012042,
      -0.0007042444720908271,
      -0.002273200521237093,
      -2.488200320767841e-05,
      -0.00966017913232608,
      -0.010501823894112444,
      -0.02036262168535606,
      0.0,
      -0.00625654281901531
    ]
  ],
  "action_library": [
    {
      "type": "recruit",
      "magnitude": 1.0
    },
    {
      "type": "recruit",
      "magnitude": 2.0
    },
    {
      "type": "recruit",
      "magnitude": 3.0
    },
    {
      "type": "adjust_dose",
      "magnitude": -0.1
    },
    {
      "type": "adjust_dose",
      "magnitude": 0.1
    },
    {
      "type": "hold_enrollment",
      "magnitude": 0.0
    },
    {
      "type": "file_interim_report",
      "magnitude": 0.0
    },
    {
      "type": "implement_amendment",
      "magnitude": 0.0
    },
    {
      "type": "noop",
      "magnitude": 0.0
    }
  ],
  "metadata": {
    "step": 4100,
    "mean_reward": -1.5508675437099722,
    "resume_from_checkpoint": null
  }
}