{
  "format_version": 1,
  "policy_type": "linear_softmax",
  "weights": [
    [
      0.01484662675556594,
      -0.00023417923519485168,
      -0.0010931838130156146,
      -0.00015597619710953513,
      0.0,
      -0.004788193018218863,
      -0.004789831588546211,
      0.0019953753884224988,
      -0.00016303281781688883,
      0.012578886810998188,
      -0.02278673904976191,
      0.01484662675556594,
      0.0,
      0.0135999660432086
    ],
    [
      0.25783134953456704,
      0.02141689833698774,
      -0.0011999943127111983,
      -0.0007771411470465216,
      0.0,
      -0.003182538276075668,
      -0.002701195564506091,
      0.0047084507682727435,
      -4.989512936612274e-05,
      0.1322739533757663,
      0.002034352448044024,
      0.25783134953456704,
      0.0,
      0.04267304904909955
    ],
    [
      0.4259086461230422,
      0.03319646178144727,
      0.0006480249093518592,
      -0.0003174790546900319,
      0.0,
      0.0027924770660911285,
      0.002885340552333793,
      0.007653823708000595,
      3.626466596660664e-05,
      0.21069902589652953,
      0.020674821476567174,
      0.4259086461230422,
      0.0,
      0.06318804195380547
    ],
    [
      -0.021972060596571242,
      0.0029910500294722713,
      0.0007359230030107117,
      -0.000348625148421908,
      0.0,
      0.002350988751861889,
      0.0033461948480880055,
      0.00010581744757915816,
      3.949332529061676e-05,
      -0.01381332391844839,
      0.010991541188997147,
      -0.021972060596571242,
      0.0,
      -0.004075821494531068
    ],
    [
      -0.002338750840113141,
      -0.004952974816572997,
      0.00045441571244827757,
      0.0005801644754691918,
      0.0,
      0.0006223005425889186,
      -0.00020555550303363618,
      -0.0017448892802776163,
      -3.8363088570985465e-08,
      -0.0030261900078100454,
      -0.0008267402854117296,
      -0.002338750840113141,
      0.0,
      -0.0036823084744251446
    ],
    [
      -0.5737213794073628,
      -0.03688046421798993,
      -0.0002628445862777887,
      -5.8162126736273755e-05,
      0.0,
      -0.0012629502691503408,
      -0.0013461938614055167,
      -0.00917500107639144,
      -3.0296437239868385e-05,
      -0.28609286104097664,
      0.0019776947271020412,
      -0.5737213794073628,
      0.0,
      -0.08724392783508607
    ],
    [
      -0.015572608339303783,
      -0.007345751364426619,
      0.0024209046269121435,
      0.002205263935964895,
      0.0,
      0.00922679750211688,
      0.00866460854938077,
      0.00012934106925799186,
      0.00019291850864736637,
      -0.01548827279101482,
      0.012157497145298183,
      -0.015572608339303783,
      0.0,
      -0.004224831583844585
    ],
    [
      -0.049651273685883915,
      -0.004994571436743701,
      -0.0010080451597133753,
      -0.0007381632290250071,
      0.0,
      -0.0038563173284286356,
      -0.003695425843236356,
      -0.0007478363703841695,
      5.461306459327996e-06,
      -0.0215414909651179,
      -0.0157926712388583,
      -0.049651273685883915,
      0.0,
      -0.010725454694428448
    ],
    [
      -0.03533054954393902,
      -0.0031964690769793005,
      -0.0006952003800050041,
      -0.00038988150840482693,
      0.0,
      -0.001902564970785313,
      -0.002157941589074674,
      -0.002925081654479739,
      -3.087505885246908e-05,
      -0.01558972735992564,
      -0.008429756411977452,
      -0.03533054954393902,
      0.0,
      -0.009508712963797763
    ]
  ],
  "action_library": [
    {
      "type": "recruit",
      "magnitude": 1.0
    },
    {
      "type": "recruit",
      "magnitude": 2.0
    },
    {
      "type": "recruit",
      "magnitude": 3.0
    },
    {
      "type": "adjust_dose",
      "magnitude": -0.1
    },
    {
      "type": "adjust_dose",
      "magnitude": 0.1
    },
    {
      "type": "hold_enrollment",
      "magnitude": 0.0
    },
    {
      "type": "file_interim_report",
      "magnitude": 0.0
    },
    {
      "type": "implement_amendment",
      "magnitude": 0.0
    },
    {
      "type": "noop",
      "magnitude": 0.0
    }
  ],
  "metadata": {
    "step": 11100,
    "mean_reward": -1.7795291508956619,
    "resume_from_checkpoint": null
  }
}