{
  "format_version": 1,
  "policy_type": "linear_softmax",
  "weights": [
    [
      0.05086970420452412,
      0.004840440237604256,
      -0.00098740581131192,
      -0.00017328520003567104,
      0.0,
      -0.004472871420847272,
      -0.004533410603605406,
      0.0016392389345503777,
      -0.00011683596445754452,
      0.03022956978479877,
      -0.009730220861819053,
      0.05086970420452412,
      0.0,
      0.016381852696712634
    ],
    [
      0.1738947008416129,
      0.015721074668225102,
      -0.0009998856657629505,
      -0.0005738661393441206,
      0.0,
      -0.002781148974429256,
      -0.002219393204212863,
      0.0033285836389169102,
      -5.61488153226464e-05,
      0.08971166877912458,
      0.0011000822759328613,
      0.1738947008416129,
      0.0,
      0.029564142284649833
    ],
    [
      0.24434214311918734,
      0.016898379620377064,
      0.0009051762420827672,
      -8.349450330336108e-05,
      0.0,
      0.0033210988914025986,
      0.0031598349474061286,
      0.0045780081003567175,
      6.324848849110252e-05,
      0.11831350742237758,
      0.006510941326598847,
      0.24434214311918734,
      0.0,
      0.03685245908140412
    ],
    [
      -0.004326354484270446,
      0.004804656385536208,
      0.0005304544649888573,
      -0.00010216050145767336,
      0.0,
      0.002398329525072281,
      0.002589164162775403,
      2.5675203366542824e-05,
      5.823358016547793e-05,
      -0.0041736960665810195,
      0.01606988699107939,
      -0.004326354484270446,
      0.0,
      0.0004840835821465137
    ],
    [
      -0.001276287024097376,
      -0.0045335306056549125,
      0.0001678200503484146,
      0.00036136657558028104,
      0.0,
      0.00010759348554529677,
      -0.0002807147172061298,
      -0.0008764326594582065,
      -2.0790459315306512e-05,
      -0.001374855428546164,
      -0.005432941435646777,
      -0.001276287024097376,
      0.0,
      -0.0036153212674548967
    ],
    [
      -0.40023371520028084,
      -0.02652925434568889,
      -0.00030570236416966766,
      -4.180921761961599e-05,
      0.0,
      -0.0011650672484055376,
      -0.001112431538480408,
      -0.006716535887841427,
      -3.640855437581689e-05,
      -0.198992584938765,
      0.002926229094507105,
      -0.40023371520028084,
      0.0,
      -0.06343712776125891
    ],
    [
      -0.004498052051016327,
      -0.0008763183634259977,
      0.0016328901499860218,
      0.0013098360787126026,
      0.0,
      0.0064546002635025995,
      0.006083380999027571,
      0.0007746528251115914,
      0.00013610578494352785,
      -0.007674628287249092,
      0.013916929912928346,
      -0.004498052051016327,
      0.0,
      -0.0005081837662091818
    ],
    [
      -0.03989241500019708,
      -0.007667711257831723,
      -0.0008945569731658876,
      -0.0006809166028582589,
      0.0,
      -0.0038595906519230693,
      -0.0034256526978764614,
      -0.000899980489527129,
      -3.603622700233375e-05,
      -0.016842939485369142,
      -0.020995821447765687,
      -0.03989241500019708,
      0.0,
      -0.010083748157581339
    ],
    [
      -0.018879724405463486,
      -0.0026577363391414787,
      -4.879009299561988e-05,
      -1.5670489674177783e-05,
      0.0,
      -2.943869917638638e-06,
      -0.00026077734782783664,
      -0.001853209665475391,
      8.632166873539726e-06,
      -0.009196041779791404,
      -0.0043650858558153425,
      -0.018879724405463486,
      0.0,
      -0.005638156692407975
    ]
  ],
  "action_library": [
    {
      "type": "recruit",
      "magnitude": 1.0
    },
    {
      "type": "recruit",
      "magnitude": 2.0
    },
    {
      "type": "recruit",
      "magnitude": 3.0
    },
    {
      "type": "adjust_dose",
      "magnitude": -0.1
    },
    {
      "type": "adjust_dose",
      "magnitude": 0.1
    },
    {
      "type": "hold_enrollment",
      "magnitude": 0.0
    },
    {
      "type": "file_interim_report",
      "magnitude": 0.0
    },
    {
      "type": "implement_amendment",
      "magnitude": 0.0
    },
    {
      "type": "noop",
      "magnitude": 0.0
    }
  ],
  "metadata": {
    "step": 5900,
    "mean_reward": -3.985318866860414,
    "resume_from_checkpoint": null
  }
}