{
  "format_version": 1,
  "policy_type": "linear_softmax",
  "weights": [
    [
      0.035945131511415256,
      0.0037373036963605556,
      -0.0005091677938150431,
      -8.427194095908058e-05,
      0.0,
      -0.0022741477199606577,
      -0.0022971149628610594,
      0.0012129146392335511,
      -6.909005035915618e-05,
      0.020311293512172732,
      -0.0038843143364991773,
      0.035945131511415256,
      0.0,
      0.009533032513110301
    ],
    [
      0.0850536557633374,
      0.009798929075531806,
      -0.0002951863689993205,
      -0.0001839135236795729,
      0.0,
      -0.0014100276417814198,
      -0.0009782551785829283,
      0.002490202024072656,
      -6.589801244382182e-05,
      0.043189220383455816,
      0.004993567479297906,
      0.0850536557633374,
      0.0,
      0.015063465924866173
    ],
    [
      0.103085894043983,
      0.004874175996300456,
      0.0004521979848863826,
      -6.825095343635667e-05,
      0.0,
      0.0019540360771151156,
      0.0019677083485161494,
      0.001670041031535201,
      5.661633949052775e-05,
      0.04974895636771585,
      0.0017944260533720952,
      0.103085894043983,
      0.0,
      0.015526650353857184
    ],
    [
      6.385268360626209e-05,
      0.004018523370157185,
      -1.4109319358572461e-05,
      -0.00016784142636531248,
      0.0,
      0.0003378643251186602,
      0.0003717950312661282,
      -0.0001963258571005485,
      2.2280259007819685e-05,
      -0.00019272032124422478,
      0.007220040191723271,
      6.385268360626209e-05,
      0.0,
      0.0003664978930841714
    ],
    [
      0.000956970176047384,
      -0.003025221288705789,
      -0.00016024338350124431,
      0.00017421393856836218,
      0.0,
      -0.0008826589383252116,
      -0.0010619283579929837,
      -0.0008321884669801005,
      -1.1410704696643926e-05,
      0.0014282836574558305,
      -0.002993616353999755,
      0.000956970176047384,
      0.0,
      -0.0011143331962604204
    ],
    [
      -0.19437883946786674,
      -0.013414261516205112,
      5.60324838605943e-05,
      -3.146001184658668e-07,
      0.0,
      0.0004511787209351234,
      0.000353965715759376,
      -0.0032610361198044074,
      2.202932795703114e-05,
      -0.09749248110463495,
      0.002515451440009126,
      -0.19437883946786674,
      0.0,
      -0.031068611272601087
    ],
    [
      -0.0018504046965905937,
      -0.0004129954502484125,
      0.0008540537411614728,
      0.0004421809670010379,
      0.0,
      0.0038187569155661853,
      0.003654148103208598,
      0.0004709796392629542,
      9.008224014264577e-05,
      -0.004274806341010631,
      0.0057664687955392485,
      -0.0018504046965905937,
      0.0,
      -0.0008228685154269391
    ],
    [
      -0.018608416772134328,
      -0.0023646307342012345,
      -0.0002437613740430088,
      -0.00019423019838060983,
      0.0,
      -0.0012069715925966777,
      -0.0009326112221166526,
      -3.907845704083006e-05,
      1.938481186335121e-06,
      -0.008460363574829436,
      -0.007443276797162263,
      -0.018608416772134328,
      0.0,
      -0.004057767575097844
    ],
    [
      -0.010267843241797091,
      -0.003211823148989358,
      -0.00013981597019125126,
      8.242773736999781e-05,
      0.0,
      -0.0007880301460711106,
      -0.0010777074771966299,
      -0.001515508433178448,
      -4.654788028473728e-05,
      -0.004257382579080776,
      -0.007968746472280627,
      -0.010267843241797091,
      0.0,
      -0.0034260661255315927
    ]
  ],
  "action_library": [
    {
      "type": "recruit",
      "magnitude": 1.0
    },
    {
      "type": "recruit",
      "magnitude": 2.0
    },
    {
      "type": "recruit",
      "magnitude": 3.0
    },
    {
      "type": "adjust_dose",
      "magnitude": -0.1
    },
    {
      "type": "adjust_dose",
      "magnitude": 0.1
    },
    {
      "type": "hold_enrollment",
      "magnitude": 0.0
    },
    {
      "type": "file_interim_report",
      "magnitude": 0.0
    },
    {
      "type": "implement_amendment",
      "magnitude": 0.0
    },
    {
      "type": "noop",
      "magnitude": 0.0
    }
  ],
  "metadata": {
    "step": 2300,
    "mean_reward": -6.632233903647132,
    "resume_from_checkpoint": null
  }
}