{
  "format_version": 1,
  "policy_type": "linear_softmax",
  "weights": [
    [
      -0.010201647199674762,
      -0.004184007878572214,
      -0.0005717021464628344,
      -3.541389103130274e-05,
      0.0,
      -0.0019277616315211015,
      -0.0018385289711991728,
      -0.00043546572286502956,
      -0.000189480257283655,
      -0.0022256778791701955,
      -0.006000827490140042,
      -0.010201647199674762,
      0.0,
      -0.0023962442325148017
    ],
    [
      0.03554759409172836,
      0.004183709078367849,
      0.00011934870085575833,
      9.682440386490019e-06,
      0.0,
      0.0011757754111214518,
      0.0006023688837454873,
      0.0008842423331333092,
      0.00013500610587556555,
      0.017159821783725833,
      0.003706864987443748,
      0.03554759409172836,
      0.0,
      0.008082498620452778
    ],
    [
      0.05104868415169219,
      0.004249961148574701,
      8.872246386177097e-05,
      0.00010230506441069259,
      0.0,
      0.0005729292053296747,
      0.000564879221436693,
      0.001136168914787159,
      6.478321384831916e-05,
      0.025115110036904906,
      0.0016143867433427606,
      0.05104868415169219,
      0.0,
      0.011198413141234225
    ],
    [
      0.0036352352196733994,
      0.0022551662876963024,
      6.706939610030329e-05,
      9.715867302321046e-06,
      0.0,
      -0.000379939985507136,
      -0.00019078545157303662,
      2.79072167812027e-05,
      -4.099147858387342e-05,
      0.0015279118087154866,
      0.003351151474635453,
      0.0036352352196733994,
      0.0,
      0.0008616898247856347
    ],
    [
      0.0005930442536967437,
      -0.0013958479622754023,
      -7.322872298419657e-05,
      -8.195788136048609e-05,
      0.0,
      -0.0005198372376317862,
      -0.0001913005254825909,
      -0.00031850440658980495,
      -3.0373411919780504e-05,
      0.0004600007243796293,
      -0.0006555889066405075,
      0.0005930442536967437,
      0.0,
      -1.0827118889983282e-05
    ],
    [
      -0.06905170499052375,
      -0.0036300834344631908,
      0.0001549047635708034,
      0.00012000682434554755,
      0.0,
      0.0006311191446936815,
      0.0003806329540618591,
      -0.0010905376153893438,
      3.2943408133993716e-05,
      -0.03489114215270795,
      0.0025273041959116577,
      -0.06905170499052375,
      0.0,
      -0.013371594246995376
    ],
    [
      0.0030026759850991245,
      0.001400054011838315,
      0.0004116019174975171,
      0.00010982824543624974,
      0.0,
      0.0017844023571121053,
      0.0019656678160942624,
      0.0002445082774649813,
      0.00016693591775263157,
      -0.0005169028279834708,
      0.004137075675945925,
      0.0030026759850991245,
      0.0,
      0.00025293966544100496
    ],
    [
      -0.013447265313803978,
      -0.003014506578320531,
      -0.00027373741101474294,
      -0.0002504521741579685,
      0.0,
      -0.0013740956253579682,
      -0.0014184578413564317,
      -0.0002084337566438381,
      -0.00013024270466636964,
      -0.0055944890260189156,
      -0.00806267316634851,
      -0.013447265313803978,
      0.0,
      -0.003864474508724592
    ],
    [
      -0.0011266161978873558,
      0.00013555532715426097,
      7.702103857562045e-05,
      1.6285504668456785e-05,
      0.0,
      3.7408361761075264e-05,
      0.00012552391427292695,
      -0.0002398852406786315,
      -8.580793156831557e-06,
      -0.001034632467845461,
      -0.0006176935141503821,
      -0.0011266161978873558,
      0.0,
      -0.0007524011447888798
    ]
  ],
  "action_library": [
    {
      "type": "recruit",
      "magnitude": 1.0
    },
    {
      "type": "recruit",
      "magnitude": 2.0
    },
    {
      "type": "recruit",
      "magnitude": 3.0
    },
    {
      "type": "adjust_dose",
      "magnitude": -0.1
    },
    {
      "type": "adjust_dose",
      "magnitude": 0.1
    },
    {
      "type": "hold_enrollment",
      "magnitude": 0.0
    },
    {
      "type": "file_interim_report",
      "magnitude": 0.0
    },
    {
      "type": "implement_amendment",
      "magnitude": 0.0
    },
    {
      "type": "noop",
      "magnitude": 0.0
    }
  ],
  "metadata": {
    "step": 1100,
    "mean_reward": -1.4820647646704845,
    "resume_from_checkpoint": null,
    "iteration": 2,
    "benchmark_previous": {
      "episodes": 12,
      "policies": [
        "random",
        "heuristic",
        "trained"
      ]
    },
    "disease_metrics": {
      "random": {
        "type2_diabetes": {
          "total_reward": -1.4636011147052372,
          "composite_efficiency": 0.2764769716381783,
          "efficacy": 0.17901527205548326,
          "safety": -0.75,
          "compliance": -0.7,
          "cost": -0.255,
          "progress": 0.1213235294117647,
          "correction_triggers": 7.75,
          "stage_transitions": 0.0
        },
        "hypertension": {
          "total_reward": -2.8655515958825024,
          "composite_efficiency": 0.2500548365529594,
          "efficacy": 0.2609400772288191,
          "safety": -0.75,
          "compliance": -0.7,
          "cost": -0.735,
          "progress": 0.055723622782446317,
          "correction_triggers": 14.0,
          "stage_transitions": 0.0
        },
        "nsclc": {
          "total_reward": -2.3680542380844742,
          "composite_efficiency": 0.29269954011117383,
          "efficacy": 0.08408673175860883,
          "safety": -0.5,
          "compliance": -0.4,
          "cost": -0.263125,
          "progress": 0.07137254901960785,
          "correction_triggers": 11.75,
          "stage_transitions": 0.0
        }
      },
      "heuristic": {
        "type2_diabetes": {
          "total_reward": -0.50839254155073,
          "composite_efficiency": 0.24909998304051836,
          "efficacy": 0.23244988128362853,
          "safety": -1.0,
          "compliance": -1.0,
          "cost": -0.2175,
          "progress": 0.12,
          "correction_triggers": 2.0,
          "stage_transitions": 0.0
        },
        "hypertension": {
          "total_reward": -0.8666626561275919,
          "composite_efficiency": 0.2669103374334948,
          "efficacy": 0.26361095839989584,
          "safety": -1.0,
          "compliance": -1.0,
          "cost": -0.230625,
          "progress": 0.12,
          "correction_triggers": 3.5,
          "stage_transitions": 0.0
        },
        "nsclc": {
          "total_reward": -0.5330464580566001,
          "composite_efficiency": 0.23903715997689795,
          "efficacy": 0.1620101198382856,
          "safety": -1.0,
          "compliance": -1.0,
          "cost": -0.2175,
          "progress": 0.12,
          "correction_triggers": 2.0,
          "stage_transitions": 0.0
        }
      },
      "trained": {
        "type2_diabetes": {
          "total_reward": -0.50839254155073,
          "composite_efficiency": 0.24909998304051836,
          "efficacy": 0.23244988128362853,
          "safety": -1.0,
          "compliance": -1.0,
          "cost": -0.2175,
          "progress": 0.12,
          "correction_triggers": 2.0,
          "stage_transitions": 0.0
        },
        "hypertension": {
          "total_reward": -0.8766700464910487,
          "composite_efficiency": 0.2526140654856994,
          "efficacy": 0.26361095839989584,
          "safety": -1.0,
          "compliance": -1.0,
          "cost": -0.230625,
          "progress": 0.12,
          "correction_triggers": 3.5,
          "stage_transitions": 0.0
        },
        "nsclc": {
          "total_reward": -0.5330464580566001,
          "composite_efficiency": 0.23903715997689795,
          "efficacy": 0.1620101198382856,
          "safety": -1.0,
          "compliance": -1.0,
          "cost": -0.2175,
          "progress": 0.12,
          "correction_triggers": 2.0,
          "stage_transitions": 0.0
        }
      }
    },
    "phase_metrics": {
      "random": {
        "stage1": {
          "composite_efficiency": 0.3386217488210177,