{
  "format_version": 1,
  "policy_type": "linear_softmax",
  "weights": [
    [
      -0.010378453760646875,
      -0.0038206881170327178,
      -0.0005861816879917176,
      -2.2594106863287375e-05,
      0.0,
      -0.0021090501607190816,
      -0.001998396872226588,
      -0.0003752022089939067,
      -0.00021121847856920797,
      -0.0022350111251268857,
      -0.005322650546162195,
      -0.010378453760646875,
      0.0,
      -0.0023255790113011696
    ],
    [
      0.039233679350223365,
      0.0048002811590529115,
      0.00015751033339748974,
      1.4337825087063525e-05,
      0.0,
      0.001276219967270523,
      0.0007993922536244349,
      0.0009147244576130012,
      0.00014539599384279586,
      0.018794110479462875,
      0.004409543215623375,
      0.039233679350223365,
      0.0,
      0.00886899224785948
    ],
    [
      0.05439534577836073,
      0.004024154146495505,
      8.846213557938934e-05,
      0.0001237573733430884,
      0.0,
      0.0006519266360840959,
      0.0005691930717967658,
      0.0011322205914079512,
      7.358220751296052e-05,
      0.026831522367879113,
      0.0008447843807683204,
      0.05439534577836073,
      0.0,
      0.011866308191648956
    ],
    [
      0.004011312661094336,
      0.002041671842569494,
      9.556684135544725e-05,
      -9.478091691201664e-06,
      0.0,
      -0.00013217138071523776,
      -5.260453920540256e-05,
      -5.2982349477783066e-05,
      -1.2825768101620526e-05,
      0.0015404880170076238,
      0.003488054602300854,
      0.004011312661094336,
      0.0,
      0.0008208222594468603
    ],
    [
      -0.000884693100107381,
      -0.0015343202685746864,
      -0.00022766874675570872,
      -0.00010586930355887461,
      0.0,
      -0.0014527301254597226,
      -0.0010143312646737322,
      -0.0003120880135610397,
      -0.00012838280183089253,
      0.00046478975408285173,
      -0.001588957221707337,
      -0.000884693100107381,
      0.0,
      -0.0003125402020947848
    ],
    [
      -0.07583863290395475,
      -0.00487764103823076,
      9.251880984826784e-05,
      0.00010914391023629028,
      0.0,
      0.0003049655799356697,
      7.721546018242862e-05,
      -0.001307328273691947,
      3.1732772759749413e-06,
      -0.03799829464106018,
      0.0012678096175558573,
      -0.07583863290395475,
      0.0,
      -0.014942051411108947
    ],
    [
      0.002768338156587297,
      0.001273603752484748,
      0.0004607983399886117,
      0.00013067788439840824,
      0.0,
      0.0020473274200849614,
      0.0021999222275058705,
      0.0002305918417943936,
      0.00019115974200171681,
      -0.0008441744049329184,
      0.004467520965955055,
      0.002768338156587297,
      0.0,
      0.0002384146692499731
    ],
    [
      -0.013204438098538022,
      -0.0029504689095759666,
      -0.00020296769024221454,
      -0.0002376779193826053,
      0.0,
      -0.0009551280307976401,
      -0.0010013981975439204,
      -0.00010321731419067849,
      -8.956536315042862e-05,
      -0.005771971762940841,
      -0.008285848351216414,
      -0.013204438098538022,
      0.0,
      -0.003910199858684919
    ],
    [
      -0.00010245808301877133,
      0.0010434074328115651,
      0.0001219616648204328,
      -2.2975715688806026e-06,
      0.0,
      0.0003686400943164179,
      0.0004210078605401424,
      -0.00012671873089999475,
      2.8681191018700632e-05,
      -0.0007814586843718338,
      0.0007197433368825822,
      -0.00010245808301877133,
      0.0,
      -0.00030416688501555745
    ]
  ],
  "action_library": [
    {
      "type": "recruit",
      "magnitude": 1.0
    },
    {
      "type": "recruit",
      "magnitude": 2.0
    },
    {
      "type": "recruit",
      "magnitude": 3.0
    },
    {
      "type": "adjust_dose",
      "magnitude": -0.1
    },
    {
      "type": "adjust_dose",
      "magnitude": 0.1
    },
    {
      "type": "hold_enrollment",
      "magnitude": 0.0
    },
    {
      "type": "file_interim_report",
      "magnitude": 0.0
    },
    {
      "type": "implement_amendment",
      "magnitude": 0.0
    },
    {
      "type": "noop",
      "magnitude": 0.0
    }
  ],
  "metadata": {
    "step": 1200,
    "mean_reward": -1.4296364535752175,
    "resume_from_checkpoint": null,
    "iteration": 2,
    "benchmark_previous": {
      "episodes": 12,
      "policies": [
        "random",
        "heuristic",
        "trained"
      ]
    },
    "disease_metrics": {
      "random": {
        "type2_diabetes": {
          "total_reward": -1.4636011147052372,
          "composite_efficiency": 0.2764769716381783,
          "efficacy": 0.17901527205548326,
          "safety": -0.75,
          "compliance": -0.7,
          "cost": -0.255,
          "progress": 0.1213235294117647,
          "correction_triggers": 7.75,
          "stage_transitions": 0.0
        },
        "hypertension": {
          "total_reward": -2.8655515958825024,
          "composite_efficiency": 0.2500548365529594,
          "efficacy": 0.2609400772288191,
          "safety": -0.75,
          "compliance": -0.7,
          "cost": -0.735,
          "progress": 0.055723622782446317,
          "correction_triggers": 14.0,
          "stage_transitions": 0.0
        },
        "nsclc": {
          "total_reward": -2.3680542380844742,
          "composite_efficiency": 0.29269954011117383,
          "efficacy": 0.08408673175860883,
          "safety": -0.5,
          "compliance": -0.4,
          "cost": -0.263125,
          "progress": 0.07137254901960785,
          "correction_triggers": 11.75,
          "stage_transitions": 0.0
        }
      },
      "heuristic": {
        "type2_diabetes": {
          "total_reward": -0.50839254155073,
          "composite_efficiency": 0.24909998304051836,
          "efficacy": 0.23244988128362853,
          "safety": -1.0,
          "compliance": -1.0,
          "cost": -0.2175,
          "progress": 0.12,
          "correction_triggers": 2.0,
          "stage_transitions": 0.0
        },
        "hypertension": {
          "total_reward": -0.8666626561275919,
          "composite_efficiency": 0.2669103374334948,
          "efficacy": 0.26361095839989584,
          "safety": -1.0,
          "compliance": -1.0,
          "cost": -0.230625,
          "progress": 0.12,
          "correction_triggers": 3.5,
          "stage_transitions": 0.0
        },
        "nsclc": {
          "total_reward": -0.5330464580566001,
          "composite_efficiency": 0.23903715997689795,
          "efficacy": 0.1620101198382856,
          "safety": -1.0,
          "compliance": -1.0,
          "cost": -0.2175,
          "progress": 0.12,
          "correction_triggers": 2.0,
          "stage_transitions": 0.0
        }
      },
      "trained": {
        "type2_diabetes": {
          "total_reward": -0.50839254155073,
          "composite_efficiency": 0.24909998304051836,
          "efficacy": 0.23244988128362853,
          "safety": -1.0,
          "compliance": -1.0,
          "cost": -0.2175,
          "progress": 0.12,
          "correction_triggers": 2.0,
          "stage_transitions": 0.0
        },
        "hypertension": {
          "total_reward": -0.8766700464910487,
          "composite_efficiency": 0.2526140654856994,
          "efficacy": 0.26361095839989584,
          "safety": -1.0,
          "compliance": -1.0,
          "cost": -0.230625,
          "progress": 0.12,
          "correction_triggers": 3.5,
          "stage_transitions": 0.0
        },
        "nsclc": {
          "total_reward": -0.5330464580566001,
          "composite_efficiency": 0.23903715997689795,
          "efficacy": 0.1620101198382856,
          "safety": -1.0,
          "compliance": -1.0,
          "cost": -0.2175,
          "progress": 0.12,
          "correction_triggers": 2.0,
          "stage_transitions": 0.0
        }
      }
    },
    "phase_metrics": {
      "random": {
        "stage1": {
          "composite_efficiency": 0.3386217488210177,