{
  "format_version": 1,
  "policy_type": "linear_softmax",
  "weights": [
    [
      -0.0752971390547045,
      -0.03404477999152975,
      -0.016129621246092952,
      -0.011911111473084279,
      -0.0021419978861186495,
      -0.028698646147584307,
      -2.36342277885804e-05,
      -0.013371234157539972,
      -0.014528913394071181,
      -0.00905940505571719,
      -0.059175095543918026
    ],
    [
      0.0821839700656875,
      0.033823067616052284,
      0.0459452455882643,
      0.04372363396841577,
      0.000786932373639361,
      0.006213265906492716,
      8.354191403879503e-05,
      0.020814199090219882,
      0.01366256491567995,
      0.020682909132247566,
      0.0062599541696572334
    ],
    [
      0.17550291896009448,
      0.05726697104294433,
      0.07776487414371376,
      0.07499068430523964,
      0.0008723003233054912,
      0.006501555135229775,
      0.00014138120187908148,
      0.03505076152928266,
      0.021855219611312728,
      0.050804301926577644,
      0.012002708558211042
    ],
    [
      -0.0274746871094852,
      -0.006198537092298608,
      -0.01255565976714838,
      -0.013293038597139279,
      0.00042746630443102335,
      0.0032840524081944747,
      -0.00011799250026039805,
      -0.005029668046477003,
      -0.002594884316532467,
      -0.010479932371345623,
      0.0031263060351729385
    ],
    [
      0.01440713129443875,
      0.003878252954401413,
      -0.00483462360064159,
      -0.004844892144660921,
      -0.0003170865277893036,
      0.004228329433865256,
      -9.952426678064469e-05,
      -0.0017963040903992244,
      0.00178529940006693,
      0.001588195833623192,
      0.018218370724838794
    ],
    [
      -0.07443564585520965,
      -0.026788252276569426,
      -0.052561132616535826,
      -0.05192825801701062,
      0.00040052224724080655,
      0.0036875786945012963,
      -4.2216309731495606e-06,
      -0.020709589136317326,
      -0.011251944785260523,
      -0.01727470207441504,
      0.016254934677913106
    ],
    [
      -0.0015957205237444563,
      0.0016123871724639067,
      -0.004276974113253608,
      -0.004531260029924283,
      0.00028808219622279013,
      0.0035662637716439263,
      4.0838016183630625e-05,
      -0.00046859674174321676,
      0.0004235632590248934,
      -0.0021494257627022173,
      0.01316357445410792
    ],
    [
      -0.07731280769976977,
      -0.021917459126171775,
      -0.022272250178276734,
      -0.020989884932064797,
      -0.00037003941001002226,
      -0.0011526175241952585,
      -4.887660969997955e-05,
      -0.009924609424868988,
      -0.00643976912352755,
      -0.02869744453714101,
      -0.01885529332023415
    ],
    [
      -0.01597802007731162,
      -0.007631650299290085,
      -0.011079858210031142,
      -0.011215873079772582,
      5.382037907853158e-05,
      0.002370218321852311,
      2.8488103401245173e-05,
      -0.004564959022157183,
      -0.00291113556669277,
      -0.0054144970911281995,
      0.009004540244251614
    ]
  ],
  "action_library": [
    {
      "type": "recruit",
      "magnitude": 1.0
    },
    {
      "type": "recruit",
      "magnitude": 2.0
    },
    {
      "type": "recruit",
      "magnitude": 3.0
    },
    {
      "type": "adjust_dose",
      "magnitude": -0.1
    },
    {
      "type": "adjust_dose",
      "magnitude": 0.1
    },
    {
      "type": "hold_enrollment",
      "magnitude": 0.0
    },
    {
      "type": "file_interim_report",
      "magnitude": 0.0
    },
    {
      "type": "implement_amendment",
      "magnitude": 0.0
    },
    {
      "type": "noop",
      "magnitude": 0.0
    }
  ],
  "metadata": {
    "step": 2000,
    "mean_reward": -3.7607769097222223
  }
}