{
  "format_version": 1,
  "policy_type": "linear_softmax",
  "weights": [
    [
      0.049660435796888044,
      0.004510090462434988,
      -0.0009257076729873797,
      -0.00010619628073707885,
      0.0,
      -0.004464178797796152,
      -0.004559687842434437,
      0.001977067790079202,
      -0.00014242986006079796,
      0.029433043073201496,
      -0.00922844993115152,
      0.049660435796888044,
      0.0,
      0.015936057892452442
    ],
    [
      0.16285181725920847,
      0.01260790865425717,
      -0.0010201789431901,
      -0.0005593632262538968,
      0.0,
      -0.002695675789575261,
      -0.002168771766105172,
      0.0029858384659122287,
      -5.1298313243155185e-05,
      0.08439335858802566,
      -0.0021182941585179663,
      0.16285181725920847,
      0.0,
      0.027171621672652038
    ],
    [
      0.22709070819382815,
      0.016150783867650943,
      0.0008140882036090243,
      3.837431075903804e-06,
      0.0,
      0.0031954904109735512,
      0.002983682721506701,
      0.004145745747286166,
      7.122611419707167e-05,
      0.11020578369318594,
      0.0071396575322328825,
      0.22709070819382815,
      0.0,
      0.03460165251131113
    ],
    [
      -0.0006715061033158494,
      0.006194517496233423,
      0.000581316539067807,
      -0.0001308217805684685,
      0.0,
      0.0026365855840067842,
      0.0029044130044898523,
      0.00011711345319892358,
      8.272052213203782e-05,
      -0.002699816543893141,
      0.01698415589084204,
      -0.0006715061033158494,
      0.0,
      0.0012824613686509539
    ],
    [
      -0.00148541674632773,
      -0.00491689914794522,
      6.250399369437716e-05,
      0.00031168207101643224,
      0.0,
      -0.0006158009423939956,
      -0.0009343307746148148,
      -0.0008338541414881077,
      -3.6471486165798676e-05,
      -0.0009792123072375424,
      -0.006438503099362004,
      -0.00148541674632773,
      0.0,
      -0.003787429410811435
    ],
    [
      -0.3819273522336222,
      -0.02735399980891391,
      -0.0002929308214295472,
      -3.626360087646202e-05,
      0.0,
      -0.001089908635387088,
      -0.0010305014085093382,
      -0.006734708011824978,
      -3.2652098516657226e-05,
      -0.18986378306552168,
      0.000878329265418318,
      -0.3819273522336222,
      0.0,
      -0.06084253161406072
    ],
    [
      -0.002733524891774065,
      0.0005682996257854935,
      0.0015448633158748348,
      0.0011720108033966103,
      0.0,
      0.006311150056499005,
      0.005920955687120244,
      0.0007680741371754978,
      0.0001390461120344773,
      -0.006634157979120755,
      0.01386315080246757,
      -0.002733524891774065,
      0.0,
      -0.0003507875688171795
    ],
    [
      -0.03726653168081015,
      -0.006258379827463164,
      -0.0008477841356576733,
      -0.0006752947137008253,
      0.0,
      -0.0037433805343505986,
      -0.0032607809264628626,
      -0.0008014783191725018,
      -3.854605757113954e-05,
      -0.015754889077386966,
      -0.019337369912231287,
      -0.03726653168081015,
      0.0,
      -0.009318002335580517
    ],
    [
      -0.015518629594075534,
      -0.001502321322040116,
      8.382952101867119e-05,
      2.0409296647786865e-05,
      0.0,
      0.0004657186480237739,
      0.00014502130500983464,
      -0.0016237991211664599,
      8.405067193961514e-06,
      -0.008100326381253263,
      -0.0017426763896982768,
      -0.015518629594075534,
      0.0,
      -0.004693042515796123
    ]
  ],
  "action_library": [
    {
      "type": "recruit",
      "magnitude": 1.0
    },
    {
      "type": "recruit",
      "magnitude": 2.0
    },
    {
      "type": "recruit",
      "magnitude": 3.0
    },
    {
      "type": "adjust_dose",
      "magnitude": -0.1
    },
    {
      "type": "adjust_dose",
      "magnitude": 0.1
    },
    {
      "type": "hold_enrollment",
      "magnitude": 0.0
    },
    {
      "type": "file_interim_report",
      "magnitude": 0.0
    },
    {
      "type": "implement_amendment",
      "magnitude": 0.0
    },
    {
      "type": "noop",
      "magnitude": 0.0
    }
  ],
  "metadata": {
    "step": 5400,
    "mean_reward": -1.0418454689803123,
    "resume_from_checkpoint": null
  }
}