{
  "format_version": 1,
  "policy_type": "linear_softmax",
  "weights": [
    [
      0.049508336016882065,
      0.00313068797564196,
      -0.000965816652320321,
      -0.0001941036387813826,
      0.0,
      -0.004302732725311407,
      -0.004342638112002733,
      0.0016538905263802032,
      -0.00010902726199442884,
      0.029348243819549147,
      -0.013096560219556885,
      0.049508336016882065,
      0.0,
      0.016252394294579944
    ],
    [
      0.18778046608652926,
      0.01783259721984968,
      -0.000951519237350371,
      -0.0006219909821037169,
      0.0,
      -0.00230306691437782,
      -0.001883012697011596,
      0.0034464704113518615,
      -2.9057260515759542e-05,
      0.0961214071969796,
      0.0036838322651451347,
      0.18778046608652926,
      0.0,
      0.03220632980173007
    ],
    [
      0.2658845845087705,
      0.02013983954868983,
      0.0009128738351154583,
      -8.67527797225432e-05,
      0.0,
      0.0032375105370833854,
      0.0033710954900663306,
      0.004811786550995816,
      5.7260102982154783e-05,
      0.12914222322564758,
      0.008723879008402617,
      0.2658845845087705,
      0.0,
      0.04027246703997032
    ],
    [
      -0.009547317099247964,
      0.002194320706512029,
      0.0006044818969292325,
      -8.510394795631859e-05,
      0.0,
      0.002709461195038106,
      0.0029331107588746724,
      -0.0004253821752661482,
      6.281819045939769e-05,
      -0.0069746142836413965,
      0.013459528082394513,
      -0.009547317099247964,
      0.0,
      -0.0009154838558267925
    ],
    [
      -0.003080849942422477,
      -0.004828867347674338,
      9.29114000529941e-05,
      0.0002766903293792928,
      0.0,
      -0.00031422431448626173,
      -0.0007626240337274751,
      -0.0008096550322442311,
      -3.123314046416434e-05,
      -0.0020823099914427947,
      -0.0056071998802550045,
      -0.003080849942422477,
      0.0,
      -0.004075889753495108
    ],
    [
      -0.4237773191772891,
      -0.027883929848347606,
      -0.0003354802591503773,
      -7.110228060218988e-05,
      0.0,
      -0.0015358527344257599,
      -0.0014849748407215937,
      -0.0068828803248075715,
      -4.5372059795105796e-05,
      -0.21068209996287388,
      0.0037214770744232787,
      -0.4237773191772891,
      0.0,
      -0.06667415588818615
    ],
    [
      -0.00398817524999647,
      -0.0003361056002186195,
      0.001736440216391654,
      0.0014476071666878155,
      0.0,
      0.006999982931243827,
      0.0065691583206046724,
      0.0009715235796527762,
      0.00014579966172310104,
      -0.007713010820780626,
      0.015615315754995175,
      -0.00398817524999647,
      0.0,
      -0.0005199330708572018
    ],
    [
      -0.038893407948014644,
      -0.006468290545590244,
      -0.0009740061950226324,
      -0.0006804550103983385,
      0.0,
      -0.004132774613506226,
      -0.003762829019367527,
      -0.0006148337601481832,
      -4.217460672567058e-05,
      -0.01591445088768358,
      -0.019030546025105986,
      -0.038893407948014644,
      0.0,
      -0.009642232618970887
    ],
    [
      -0.023886317195212354,
      -0.0037802521088630323,
      -0.00011988500464562257,
      1.5211143497388475e-05,
      0.0,
      -0.0003583033612578358,
      -0.0006372858667147455,
      -0.0021509197759144987,
      -9.013625669524213e-06,
      -0.011245388295755148,
      -0.007469726060443142,
      -0.023886317195212354,
      0.0,
      -0.006903495948942699
    ]
  ],
  "action_library": [
    {
      "type": "recruit",
      "magnitude": 1.0
    },
    {
      "type": "recruit",
      "magnitude": 2.0
    },
    {
      "type": "recruit",
      "magnitude": 3.0
    },
    {
      "type": "adjust_dose",
      "magnitude": -0.1
    },
    {
      "type": "adjust_dose",
      "magnitude": 0.1
    },
    {
      "type": "hold_enrollment",
      "magnitude": 0.0
    },
    {
      "type": "file_interim_report",
      "magnitude": 0.0
    },
    {
      "type": "implement_amendment",
      "magnitude": 0.0
    },
    {
      "type": "noop",
      "magnitude": 0.0
    }
  ],
  "metadata": {
    "step": 6500,
    "mean_reward": -1.1372480482177258,
    "resume_from_checkpoint": null
  }
}