{
  "format_version": 1,
  "policy_type": "linear_softmax",
  "weights": [
    [
      0.003692735505516364,
      0.003424803584052721,
      -0.0012436524412730394,
      -0.00019527736564419596,
      0.0,
      -0.005349045653271687,
      -0.004878480110626017,
      0.002546400121202069,
      -0.00017657203469610865,
      0.007996316147046992,
      -0.01690695241451776,
      0.003692735505516364,
      0.0,
      0.014803340700904432
    ],
    [
      0.2898816091217232,
      0.02410490237459165,
      -0.0010852270237404855,
      -0.0008542981870445615,
      0.0,
      -0.0028104534197305694,
      -0.0024893580835902906,
      0.005008841665409091,
      -7.576734553346876e-06,
      0.14768791367045844,
      0.008283895912546045,
      0.2898816091217232,
      0.0,
      0.04871654741453511
    ],
    [
      0.48364585390893483,
      0.032504192005820366,
      0.0005709332261955891,
      -0.0003997068994554936,
      0.0,
      0.0018951741869086842,
      0.0020311873077512176,
      0.008025623165066846,
      -1.3737173360234057e-05,
      0.23942706683613474,
      0.008625588090850327,
      0.48364585390893483,
      0.0,
      0.06772570608947479
    ],
    [
      -0.025173403606624546,
      0.002800435970452485,
      0.0006396441698048007,
      -0.00029303635404338954,
      0.0,
      0.0020901573435449113,
      0.0027149586307186205,
      -0.00036495787467690383,
      1.8314897017897537e-05,
      -0.015009405714607047,
      0.012456519184275818,
      -0.025173403606624546,
      0.0,
      -0.004236497735865846
    ],
    [
      -0.005239953586495732,
      -0.004549538336793354,
      2.6673541165940087e-05,
      0.00053431079969522,
      0.0,
      -0.0013813157775461253,
      -0.002018071526606384,
      -0.0015409716293470113,
      -6.117690596111145e-05,
      -0.0029127963516982127,
      -0.000578761358372603,
      -0.005239953586495732,
      0.0,
      -0.004281059733617282
    ],
    [
      -0.632013224215636,
      -0.04016142723283143,
      -0.00035774144579595794,
      -8.366016609598248e-05,
      0.0,
      -0.0011977436986495768,
      -0.001298158249955553,
      -0.009739462488137979,
      -1.4560556173426354e-05,
      -0.31463604084767327,
      -0.0009137237698609938,
      -0.632013224215636,
      0.0,
      -0.09561485666426743
    ],
    [
      -0.016236639412637553,
      -0.007252662778438294,
      0.0033673088124922834,
      0.00280748923914151,
      0.0,
      0.013222688609297938,
      0.012095021332744019,
      0.00033354405375130334,
      0.0002848318654010894,
      -0.018914824033326696,
      0.016077029996472425,
      -0.016236639412637553,
      0.0,
      -0.0041352413250708734
    ],
    [
      -0.0625399631983753,
      -0.00978414626768228,
      -0.0014596558120849828,
      -0.0009248795531509674,
      0.0,
      -0.006111707460392947,
      -0.00538108461505499,
      -0.001716990373456737,
      -6.065730621496093e-05,
      -0.026099056579311462,
      -0.02161957857091682,
      -0.0625399631983753,
      0.0,
      -0.013443146775067548
    ],
    [
      -0.03601701451639787,
      -0.0010865593191710574,
      -0.0004582830267641325,
      -0.0005909415134021483,
      0.0,
      -0.0003577541301606475,
      -0.0007760146853805315,
      -0.00255202663981066,
      3.1133948540197723e-05,
      -0.017539173127022484,
      -0.005424017070476991,
      -0.03601701451639787,
      0.0,
      -0.00953479197102488
    ]
  ],
  "action_library": [
    {
      "type": "recruit",
      "magnitude": 1.0
    },
    {
      "type": "recruit",
      "magnitude": 2.0
    },
    {
      "type": "recruit",
      "magnitude": 3.0
    },
    {
      "type": "adjust_dose",
      "magnitude": -0.1
    },
    {
      "type": "adjust_dose",
      "magnitude": 0.1
    },
    {
      "type": "hold_enrollment",
      "magnitude": 0.0
    },
    {
      "type": "file_interim_report",
      "magnitude": 0.0
    },
    {
      "type": "implement_amendment",
      "magnitude": 0.0
    },
    {
      "type": "noop",
      "magnitude": 0.0
    }
  ],
  "metadata": {
    "step": 13500,
    "mean_reward": -1.91105576194718,
    "resume_from_checkpoint": null
  }
}