{
  "format_version": 1,
  "policy_type": "linear_softmax",
  "weights": [
    [
      0.036042950391375554,
      0.0007840594909076339,
      -0.0009617941887110898,
      -3.504806115084433e-05,
      0.0,
      -0.004234962592446413,
      -0.0042372831569533745,
      0.0016316799483254744,
      -0.0001570000077332232,
      0.02304182455683572,
      -0.018046192648141342,
      0.036042950391375554,
      0.0,
      0.015532440439527579
    ],
    [
      0.2263883225373062,
      0.018968551270963835,
      -0.0009661343249196322,
      -0.000493949662637283,
      0.0,
      -0.0028143990498511367,
      -0.0024319352945605245,
      0.004257200848321039,
      -3.924383703452786e-05,
      0.1157407573073124,
      0.0031145436890296476,
      0.2263883225373062,
      0.0,
      0.038001228657067704
    ],
    [
      0.3463365660942375,
      0.02562052884962214,
      0.0006806455229264893,
      -0.0002512379407470394,
      0.0,
      0.002649638512400005,
      0.0027731896080849974,
      0.006064277318449285,
      6.681785198555751e-05,
      0.17002433523625238,
      0.016742737329789634,
      0.3463365660942375,
      0.0,
      0.05241121605216244
    ],
    [
      -0.01578858219537565,
      0.0032921010310679264,
      0.0003117522983785661,
      -0.00023886671622043887,
      0.0,
      0.0008418359540864382,
      0.0016313479358370788,
      -0.00030472500095511863,
      6.906599147503711e-06,
      -0.00878628727295367,
      0.011229859449361359,
      -0.01578858219537565,
      0.0,
      -0.0022435726111777634
    ],
    [
      -0.0035190038374799107,
      -0.004477386015537732,
      0.00022920064642150716,
      0.0002853858709848319,
      0.0,
      0.00014481109435781966,
      -0.0005621716778596329,
      -0.00113393964499912,
      7.061933027464057e-06,
      -0.0030542391099101186,
      -0.003342784273561474,
      -0.0035190038374799107,
      0.0,
      -0.004147532326245085
    ],
    [
      -0.5040510570446189,
      -0.03349072347365723,
      -0.00024968893817228625,
      -8.128669625188699e-05,
      0.0,
      -0.0011545800739423899,
      -0.0010675326076009888,
      -0.008099727089858766,
      -3.4681574877117476e-05,
      -0.25107993715877,
      0.0014876282912877684,
      -0.5040510570446189,
      0.0,
      -0.07796820424782942
    ],
    [
      -0.014545780605471495,
      -0.004609348849364805,
      0.0019472326092041426,
      0.0016920964935267422,
      0.0,
      0.007935759446767847,
      0.00728984547299325,
      0.00020326990923080822,
      0.00017409305222202873,
      -0.013599077774584894,
      0.011231886988121146,
      -0.014545780605471495,
      0.0,
      -0.00391370389788578
    ],
    [
      -0.04556168311531506,
      -0.0053581803917347355,
      -0.0008822877178192644,
      -0.0006626867719170264,
      0.0,
      -0.0033532168830121695,
      -0.003145682048950921,
      -0.000366949778839338,
      -1.2137413368429551e-05,
      -0.019817849597417125,
      -0.017974831050195175,
      -0.04556168311531506,
      0.0,
      -0.01064430192915149
    ],
    [
      -0.02530173222465545,
      -0.0007296019122674455,
      -0.00010892590730841523,
      -0.00021440651558706056,
      0.0,
      -1.488640836002479e-05,
      -0.0002497782309898245,
      -0.00225108650967423,
      -1.1816603369257218e-05,
      -0.012469526186764734,
      -0.004442847775692359,
      -0.02530173222465545,
      0.0,
      -0.007027570136466356
    ]
  ],
  "action_library": [
    {
      "type": "recruit",
      "magnitude": 1.0
    },
    {
      "type": "recruit",
      "magnitude": 2.0
    },
    {
      "type": "recruit",
      "magnitude": 3.0
    },
    {
      "type": "adjust_dose",
      "magnitude": -0.1
    },
    {
      "type": "adjust_dose",
      "magnitude": 0.1
    },
    {
      "type": "hold_enrollment",
      "magnitude": 0.0
    },
    {
      "type": "file_interim_report",
      "magnitude": 0.0
    },
    {
      "type": "implement_amendment",
      "magnitude": 0.0
    },
    {
      "type": "noop",
      "magnitude": 0.0
    }
  ],
  "metadata": {
    "step": 8700,
    "mean_reward": -3.998409782707848,
    "resume_from_checkpoint": null
  }
}