{
  "format_version": 1,
  "policy_type": "linear_softmax",
  "weights": [
    [
      0.036358296113415116,
      0.0007800462159852964,
      -0.0009579826345588805,
      -1.9816515377633444e-05,
      0.0,
      -0.004223891843716589,
      -0.0042444869240876,
      0.001678388605572237,
      -0.0001571963659536969,
      0.02322713473847186,
      -0.018188973288650916,
      0.036358296113415116,
      0.0,
      0.015499711201267202
    ],
    [
      0.2276030330268175,
      0.019701394403430328,
      -0.0008896264835751601,
      -0.0004901682809935688,
      0.0,
      -0.00236642727350609,
      -0.0019879200203526924,
      0.004355337353415071,
      -2.5916406628993356e-05,
      0.11596166066378545,
      0.005537243079050281,
      0.2276030330268175,
      0.0,
      0.03862051867806575
    ],
    [
      0.34370749256801514,
      0.026069093731930382,
      0.0006194015170438535,
      -0.00029504418132486886,
      0.0,
      0.0024267295558623955,
      0.0026107167148831365,
      0.006132171504881389,
      6.37864043609043e-05,
      0.16886462751016845,
      0.017117440658949813,
      0.34370749256801514,
      0.0,
      0.05222555851001806
    ],
    [
      -0.01626359958156797,
      0.0032593154439109814,
      0.00028578790606920417,
      -0.0002317224201474812,
      0.0,
      0.0007418962317200754,
      0.001536535456060526,
      -0.00038220110695018133,
      4.4277436151397625e-06,
      -0.008871780340548507,
      0.01092452166512379,
      -0.01626359958156797,
      0.0,
      -0.002395888424632566
    ],
    [
      -0.004634262556942502,
      -0.005205852488006496,
      0.0002358128635153657,
      0.0003031344648571981,
      0.0,
      0.00021004130788095202,
      -0.0005176446801492563,
      -0.0012752579098821346,
      9.192956804799332e-06,
      -0.0036229119663441778,
      -0.004123678215645682,
      -0.004634262556942502,
      0.0,
      -0.00439470471276449
    ],
    [
      -0.5010984928208639,
      -0.03362269386726799,
      -0.00025490915654430204,
      -7.836619961216302e-05,
      0.0,
      -0.001148462911586681,
      -0.001064887802331973,
      -0.008075135073606026,
      -3.402123538122871e-05,
      -0.24957670209646762,
      0.001070993309796481,
      -0.5010984928208639,
      0.0,
      -0.07776111343068107
    ],
    [
      -0.015103492953613405,
      -0.004835520305898156,
      0.001949932126508899,
      0.0017044424291244012,
      0.0,
      0.007861655728791007,
      0.0072033193896469516,
      0.0002861172445411981,
      0.00016970845922023573,
      -0.01383634637996298,
      0.010576030131825634,
      -0.015103492953613405,
      0.0,
      -0.0041161691565468365
    ],
    [
      -0.045746829982474715,
      -0.005546573608946987,
      -0.0009703057519945689,
      -0.0006984528457114154,
      0.0,
      -0.0037282186081018555,
      -0.0035117021985319134,
      -0.00041747003891880137,
      -1.9810892607736895e-05,
      -0.019538984347504562,
      -0.01874094534459722,
      -0.045746829982474715,
      0.0,
      -0.010724070450349411
    ],
    [
      -0.024822143812783044,
      -0.0005992095251377269,
      -1.8110386464392322e-05,
      -0.0001940064508144738,
      0.0,
      0.00022667781265675325,
      -2.392993513712433e-05,
      -0.002301950579052723,
      -1.0170663429424387e-05,
      -0.012606697781597969,
      -0.004172631995852953,
      -0.024822143812783044,
      0.0,
      -0.006953842214374652
    ]
  ],
  "action_library": [
    {
      "type": "recruit",
      "magnitude": 1.0
    },
    {
      "type": "recruit",
      "magnitude": 2.0
    },
    {
      "type": "recruit",
      "magnitude": 3.0
    },
    {
      "type": "adjust_dose",
      "magnitude": -0.1
    },
    {
      "type": "adjust_dose",
      "magnitude": 0.1
    },
    {
      "type": "hold_enrollment",
      "magnitude": 0.0
    },
    {
      "type": "file_interim_report",
      "magnitude": 0.0
    },
    {
      "type": "implement_amendment",
      "magnitude": 0.0
    },
    {
      "type": "noop",
      "magnitude": 0.0
    }
  ],
  "metadata": {
    "step": 8600,
    "mean_reward": -1.954803470150147,
    "resume_from_checkpoint": null
  }
}