{
  "format_version": 1,
  "policy_type": "linear_softmax",
  "weights": [
    [
      0.005989353925604337,
      0.002803743346893334,
      -0.0011707650966057872,
      -0.0001542085204930833,
      0.0,
      -0.005374953340171049,
      -0.004873969767851886,
      0.0024127091253019397,
      -0.00019400950570959603,
      0.009147806784156939,
      -0.01735221249009041,
      0.005989353925604337,
      0.0,
      0.014863367551774703
    ],
    [
      0.2841305504182481,
      0.023385162932100356,
      -0.0013812692797403668,
      -0.0009409564974764422,
      0.0,
      -0.004038196347933175,
      -0.00349789880630492,
      0.004943699425254029,
      -3.5289930477763124e-05,
      0.14587375848263523,
      0.006364697383763604,
      0.2841305504182481,
      0.0,
      0.04765884423224592
    ],
    [
      0.4717775948821057,
      0.03103200627203009,
      0.0006377826807331001,
      -0.000360694815642295,
      0.0,
      0.002573154729054088,
      0.0024936518958913675,
      0.007850100741598604,
      1.7117318620884897e-05,
      0.23301784393274128,
      0.008051649093933935,
      0.4717775948821057,
      0.0,
      0.06606245501249568
    ],
    [
      -0.025044117396108047,
      0.0028627922823192074,
      0.0006777002483856154,
      -0.00032049237977383176,
      0.0,
      0.002291677651670573,
      0.002940602873853883,
      -0.00025783736585981073,
      1.9249271208702463e-05,
      -0.014895948414894257,
      0.01178630899170697,
      -0.025044117396108047,
      0.0,
      -0.004371172545495636
    ],
    [
      -0.004056595589484926,
      -0.004257601610589658,
      0.00022398580872005778,
      0.0005569406377816937,
      0.0,
      -0.0004714935560613016,
      -0.0010650012857174541,
      -0.001545398160811458,
      -3.43258779626176e-05,
      -0.003050666061648926,
      3.964142190480324e-05,
      -0.004056595589484926,
      0.0,
      -0.003892073889247696
    ],
    [
      -0.6229312238443666,
      -0.04027505884039319,
      -0.00037582523099366315,
      -3.240502763876037e-05,
      0.0,
      -0.0013997071228339583,
      -0.0015190926018135487,
      -0.0096733044902385,
      -2.2670972986704527e-05,
      -0.31006552425033373,
      -0.0010045676053759872,
      -0.6229312238443666,
      0.0,
      -0.09446819059175868
    ],
    [
      -0.015918992041029437,
      -0.0061350707138938315,
      0.0032027512916270586,
      0.002695404934975823,
      0.0,
      0.012506187333935867,
      0.011536288010853568,
      0.0004473802780265226,
      0.0002741428558362715,
      -0.018466442169546633,
      0.016756465817792606,
      -0.015918992041029437,
      0.0,
      -0.003954499330448391
    ],
    [
      -0.05975451474457258,
      -0.009044066593331073,
      -0.0012944357936875738,
      -0.000875599070557262,
      0.0,
      -0.005203226322782325,
      -0.004714551869722459,
      -0.0015833364467724462,
      -3.4492500696515276e-05,
      -0.025363647280586033,
      -0.020015135217566486,
      -0.05975451474457258,
      0.0,
      -0.012860160917357795
    ],
    [
      -0.03419205561039049,
      -0.0003719070751349678,
      -0.0005199246284384196,
      -0.0005679892611758512,
      0.0,
      -0.0008834430248786974,
      -0.0013000284491884381,
      -0.0025940131064988983,
      1.0279342167334674e-05,
      -0.016197181022523183,
      -0.004626847396069659,
      -0.03419205561039049,
      0.0,
      -0.009038569522208148
    ]
  ],
  "action_library": [
    {
      "type": "recruit",
      "magnitude": 1.0
    },
    {
      "type": "recruit",
      "magnitude": 2.0
    },
    {
      "type": "recruit",
      "magnitude": 3.0
    },
    {
      "type": "adjust_dose",
      "magnitude": -0.1
    },
    {
      "type": "adjust_dose",
      "magnitude": 0.1
    },
    {
      "type": "hold_enrollment",
      "magnitude": 0.0
    },
    {
      "type": "file_interim_report",
      "magnitude": 0.0
    },
    {
      "type": "implement_amendment",
      "magnitude": 0.0
    },
    {
      "type": "noop",
      "magnitude": 0.0
    }
  ],
  "metadata": {
    "step": 13100,
    "mean_reward": -1.696725690750164,
    "resume_from_checkpoint": null
  }
}