{
  "format_version": 1,
  "policy_type": "linear_softmax",
  "weights": [
    [
      0.006746632142988818,
      0.002330996061922618,
      -0.0011489833971554857,
      -0.00015667837391822854,
      0.0,
      -0.005387261795705009,
      -0.004895802657240165,
      0.0022177617966391504,
      -0.00019800286949214592,
      0.009415478199690588,
      -0.01808590017125189,
      0.006746632142988818,
      0.0,
      0.01475290713221521
    ],
    [
      0.28175320367710666,
      0.02330502013248968,
      -0.0012960339828241934,
      -0.0009686136435207149,
      0.0,
      -0.003619177974599283,
      -0.00301823804659004,
      0.004949341295164736,
      -2.5344332883318458e-05,
      0.1441951954779004,
      0.005820733521890443,
      0.28175320367710666,
      0.0,
      0.04716069608838727
    ],
    [
      0.46638610623802984,
      0.030961178347562415,
      0.0005217443149223444,
      -0.0003753291135390318,
      0.0,
      0.0022561839676682946,
      0.0021488761203490416,
      0.00786202475077058,
      1.01520608745923e-05,
      0.23088286056521923,
      0.008803103417096968,
      0.46638610623802984,
      0.0,
      0.06571786507819154
    ],
    [
      -0.02383587267120086,
      0.003190863406015693,
      0.000706148920684302,
      -0.0003222111429246684,
      0.0,
      0.0023177164439775093,
      0.0029646972056533156,
      -0.0002239790691159616,
      1.630533076362568e-05,
      -0.014424873455846178,
      0.012544332395234477,
      -0.02383587267120086,
      0.0,
      -0.004070295713835641
    ],
    [
      -0.00235927939600496,
      -0.00387744173705563,
      0.0002264264327828189,
      0.0005876071026442066,
      0.0,
      -0.0003954328365115106,
      -0.0009780433994283418,
      -0.0015632084121195548,
      -2.947877323618218e-05,
      -0.0022519925381178415,
      0.001438291167686562,
      -0.00235927939600496,
      0.0,
      -0.0034183175466032116
    ],
    [
      -0.617576087646794,
      -0.040186872203952735,
      -0.00036637782392788987,
      -2.8820594900127185e-05,
      0.0,
      -0.0013908793445397407,
      -0.0015151993415321947,
      -0.009645263275521329,
      -2.187317052217823e-05,
      -0.3074218619785518,
      -0.0010567158472229734,
      -0.617576087646794,
      0.0,
      -0.09384648995487328
    ],
    [
      -0.017096780049074826,
      -0.0063115891377788945,
      0.0031499941975975053,
      0.002638428379998854,
      0.0,
      0.012266155855891758,
      0.011311118843209182,
      0.0005035172021623939,
      0.0002695573427002194,
      -0.01884295953565672,
      0.015515653655979825,
      -0.017096780049074826,
      0.0,
      -0.004345138914597971
    ],
    [
      -0.058992486026097586,
      -0.008701351471592558,
      -0.0012078152184413183,
      -0.0008232865162273351,
      0.0,
      -0.004898830060396169,
      -0.004434738669329464,
      -0.0014796323056350382,
      -2.537027783153361e-05,
      -0.02529558921538611,
      -0.019426730684469228,
      -0.058992486026097586,
      0.0,
      -0.012728478391589065
    ],
    [
      -0.035025436268946816,
      -0.0007108033976104448,
      -0.0005851034436380616,
      -0.0005510960976129638,
      0.0,
      -0.0011484742557858348,
      -0.001582670055091225,
      -0.002620561982345011,
      4.054689626918094e-06,
      -0.016256257519250566,
      -0.005552767454944855,
      -0.035025436268946816,
      0.0,
      -0.0092227477772951
    ]
  ],
  "action_library": [
    {
      "type": "recruit",
      "magnitude": 1.0
    },
    {
      "type": "recruit",
      "magnitude": 2.0
    },
    {
      "type": "recruit",
      "magnitude": 3.0
    },
    {
      "type": "adjust_dose",
      "magnitude": -0.1
    },
    {
      "type": "adjust_dose",
      "magnitude": 0.1
    },
    {
      "type": "hold_enrollment",
      "magnitude": 0.0
    },
    {
      "type": "file_interim_report",
      "magnitude": 0.0
    },
    {
      "type": "implement_amendment",
      "magnitude": 0.0
    },
    {
      "type": "noop",
      "magnitude": 0.0
    }
  ],
  "metadata": {
    "step": 12900,
    "mean_reward": -1.7725927991220345,
    "resume_from_checkpoint": null
  }
}