{
  "format_version": 1,
  "policy_type": "linear_softmax",
  "weights": [
    [
      0.037919476147813755,
      0.0005998729261302588,
      -0.0009737532381578348,
      -8.915690026427387e-06,
      0.0,
      -0.004477305643722833,
      -0.004514255709652723,
      0.0018014163012564385,
      -0.0001608757765503655,
      0.024151640029019948,
      -0.018344075039035845,
      0.037919476147813755,
      0.0,
      0.015436995733904503
    ],
    [
      0.2249261243206471,
      0.020857177254579185,
      -0.0009810875424800395,
      -0.0004859498298999552,
      0.0,
      -0.0028913999182036795,
      -0.002505731295728186,
      0.004291564122148774,
      -4.3757117049627506e-05,
      0.11506349741306951,
      0.006812685927274582,
      0.2249261243206471,
      0.0,
      0.03848783327131374
    ],
    [
      0.3377062954557787,
      0.026580637950676226,
      0.0007234702435163782,
      -0.00025630109022707333,
      0.0,
      0.002889017701626879,
      0.0030612857356757395,
      0.006036896978579033,
      6.980241856529037e-05,
      0.16543574485755305,
      0.01744788807176406,
      0.3377062954557787,
      0.0,
      0.0514293659890916
    ],
    [
      -0.015147908688588918,
      0.0025859500705477513,
      0.00033026511218220314,
      -0.00017327065932910214,
      0.0,
      0.000853794747723926,
      0.001618528084692065,
      -0.0004911344221658169,
      6.865465556519062e-06,
      -0.008449901112849984,
      0.012109474093419486,
      -0.015147908688588918,
      0.0,
      -0.0019070083194891773
    ],
    [
      -0.005269290584341238,
      -0.006144995437265275,
      0.0003354518967257904,
      0.00030387260975768543,
      0.0,
      0.0007282333748146256,
      2.1728103112333985e-05,
      -0.0013412115480650297,
      2.2496123269025287e-05,
      -0.0044091796102568295,
      -0.005393281526933729,
      -0.005269290584341238,
      0.0,
      -0.004717873258340137
    ],
    [
      -0.4927716255817271,
      -0.03291543621155684,
      -0.0002618700014090832,
      -8.704005226880782e-05,
      0.0,
      -0.0011534241231876791,
      -0.001060936808774716,
      -0.007959031139566574,
      -3.117470750875711e-05,
      -0.2453797317847867,
      0.0021600361425351882,
      -0.4927716255817271,
      0.0,
      -0.07645064618890246
    ],
    [
      -0.014704742153267749,
      -0.004328822326484143,
      0.0018766677952886978,
      0.0016016152271094782,
      0.0,
      0.0076548662986010456,
      0.0070583342517135375,
      0.000303396201037521,
      0.00016659744239565482,
      -0.013574979581585284,
      0.010566741971639457,
      -0.014704742153267749,
      0.0,
      -0.00389651065253188
    ],
    [
      -0.04759832735157745,
      -0.006711328714181358,
      -0.0010038081951304293,
      -0.0006922225307149608,
      0.0,
      -0.0037853601138744617,
      -0.003603224175050227,
      -0.0005255030535023597,
      -1.9198570902723545e-05,
      -0.02029192196154372,
      -0.02085890174158496,
      -0.04759832735157745,
      0.0,
      -0.011351639628439962
    ],
    [
      -0.02506000156473718,
      -0.000523055512446206,
      -4.533607053566768e-05,
      -0.00020178798440084302,
      0.0,
      0.0001815776762221591,
      -7.572818598776171e-05,
      -0.00211639343972199,
      -1.0755277775016977e-05,
      -0.012545168248620842,
      -0.004500567899078941,
      -0.02506000156473718,
      0.0,
      -0.007030516946604359
    ]
  ],
  "action_library": [
    {
      "type": "recruit",
      "magnitude": 1.0
    },
    {
      "type": "recruit",
      "magnitude": 2.0
    },
    {
      "type": "recruit",
      "magnitude": 3.0
    },
    {
      "type": "adjust_dose",
      "magnitude": -0.1
    },
    {
      "type": "adjust_dose",
      "magnitude": 0.1
    },
    {
      "type": "hold_enrollment",
      "magnitude": 0.0
    },
    {
      "type": "file_interim_report",
      "magnitude": 0.0
    },
    {
      "type": "implement_amendment",
      "magnitude": 0.0
    },
    {
      "type": "noop",
      "magnitude": 0.0
    }
  ],
  "metadata": {
    "step": 8400,
    "mean_reward": -1.5562544884395548,
    "resume_from_checkpoint": null
  }
}