{
  "format_version": 1,
  "policy_type": "linear_softmax",
  "weights": [
    [
      0.04072039429471486,
      0.0016223866361136444,
      -0.0006624281822042914,
      2.2758962799592676e-06,
      0.0,
      -0.0034435337601992416,
      -0.0036581963190893065,
      0.0012379475529837956,
      -0.0001108029425059227,
      0.023707963755753497,
      -0.009284773507340128,
      0.04072039429471486,
      0.0,
      0.01078607371964128
    ],
    [
      0.10668245984061195,
      0.010061064309776378,
      -0.000432215872439062,
      -0.0002920139352600882,
      0.0,
      -0.0012495310553135891,
      -0.0008793176623280592,
      0.0022779743762560466,
      -2.837602446264768e-05,
      0.05435860405670004,
      0.0038189128875879804,
      0.10668245984061195,
      0.0,
      0.01891984495506951
    ],
    [
      0.13854620922978936,
      0.007812991256973607,
      0.0006561143727694839,
      -6.174781253609042e-05,
      0.0,
      0.0028755465500163,
      0.002786382353983137,
      0.0022787973243268487,
      7.252823012190776e-05,
      0.06681676746736842,
      0.0035928861541756397,
      0.13854620922978936,
      0.0,
      0.020869919205379887
    ],
    [
      -0.004618949986028936,
      0.0015200881527916864,
      0.00024696322800806984,
      -7.062135869144692e-05,
      0.0,
      0.0013779260714612276,
      0.0014456916360840162,
      -0.0001878963313867216,
      3.736912924718699e-05,
      -0.0034464893245191746,
      0.0058584831997326395,
      -0.004618949986028936,
      0.0,
      -0.0006711780177627613
    ],
    [
      0.0009924294150469419,
      -0.002835743262401964,
      4.5310982600511615e-05,
      0.00018960007312517727,
      0.0,
      5.259271781414343e-05,
      -0.00011889405561538153,
      -0.0005147509423172517,
      -2.166396262483075e-06,
      0.00036607159237157967,
      -0.0039068173309743095,
      0.0009924294150469419,
      0.0,
      -0.001668353003453534
    ],
    [
      -0.2526022283649472,
      -0.016633756245743078,
      -2.8024319698083742e-05,
      1.4832837677283273e-05,
      0.0,
      -3.090514543213822e-05,
      -4.0075584538003564e-05,
      -0.004116933673170892,
      -1.9186546267492048e-06,
      -0.12620177516631095,
      0.0023652941625355735,
      -0.2526022283649472,
      0.0,
      -0.0407094241755528
    ],
    [
      -0.0032580883898593103,
      -0.0007648512773516062,
      0.0009785370025970597,
      0.0005249031736801167,
      0.0,
      0.004289387196692971,
      0.0041676441515279905,
      9.050097936346304e-05,
      0.00010485746104638083,
      -0.005443677970604306,
      0.007451734046230078,
      -0.0032580883898593103,
      0.0,
      -0.0009788148413941002
    ],
    [
      -0.016740802054697773,
      0.000566590484105975,
      -0.0006372380804047527,
      -0.0003354206812275228,
      0.0,
      -0.0028617181245794722,
      -0.0025115990291793896,
      0.0006207497762550684,
      -3.776726401269914e-05,
      -0.005964123478575771,
      -0.006423215836763032,
      -0.016740802054697773,
      0.0,
      -0.0038016682287789995
    ],
    [
      -0.009721423984629062,
      -0.0013487700542646444,
      -0.00016701913122892608,
      2.819180695261233e-05,
      0.0,
      -0.0010097644504602047,
      -0.0011916354908450204,
      -0.0016863890623103207,
      -3.37235385449736e-05,
      -0.004193340932183155,
      -0.003472503775184686,
      -0.009721423984629062,
      0.0,
      -0.002746399613148518
    ]
  ],
  "action_library": [
    {
      "type": "recruit",
      "magnitude": 1.0
    },
    {
      "type": "recruit",
      "magnitude": 2.0
    },
    {
      "type": "recruit",
      "magnitude": 3.0
    },
    {
      "type": "adjust_dose",
      "magnitude": -0.1
    },
    {
      "type": "adjust_dose",
      "magnitude": 0.1
    },
    {
      "type": "hold_enrollment",
      "magnitude": 0.0
    },
    {
      "type": "file_interim_report",
      "magnitude": 0.0
    },
    {
      "type": "implement_amendment",
      "magnitude": 0.0
    },
    {
      "type": "noop",
      "magnitude": 0.0
    }
  ],
  "metadata": {
    "step": 3100,
    "mean_reward": -5.370654890849876,
    "resume_from_checkpoint": null
  }
}