{
  "format_version": 1,
  "policy_type": "linear_softmax",
  "weights": [
    [
      0.029802141912143733,
      0.0014258864255613068,
      -0.0003752276294815134,
      6.516645717555412e-05,
      0.0,
      -0.002015560042014572,
      -0.001970074470014981,
      0.0007560618491559415,
      -6.808513539588639e-05,
      0.01693205578832617,
      -0.005023741582656511,
      0.029802141912143733,
      0.0,
      0.0074982651623345924
    ],
    [
      0.06667316730297465,
      0.007082723159780289,
      -0.0005152868226158993,
      -0.00024033813895478414,
      0.0,
      -0.00241806559224022,
      -0.001963917546911725,
      0.0016328643206059772,
      -8.635569642892731e-05,
      0.03505514445018766,
      0.001335459325633041,
      0.06667316730297465,
      0.0,
      0.011552067370609804
    ],
    [
      0.08426974733206503,
      0.00528143182751771,
      0.0004673842864240181,
      -4.604394799916638e-05,
      0.0,
      0.002185977451621251,
      0.0021320664920018097,
      0.0016791933337490348,
      6.517421134621055e-05,
      0.04015606928396992,
      0.0037392575631685684,
      0.08426974733206503,
      0.0,
      0.012842802861043565
    ],
    [
      0.005297814670338703,
      0.005862047214433768,
      4.923069773543187e-05,
      -0.00017073386259139174,
      0.0,
      0.0009189759370794177,
      0.0008901921430747426,
      0.00032464621753151363,
      3.915991130701266e-05,
      0.002107439170131795,
      0.009604588904422479,
      0.005297814670338703,
      0.0,
      0.0019089395352964076
    ],
    [
      0.0012910543618794895,
      -0.00410134961858684,
      -0.0001425771468270644,
      0.00020024529792975687,
      0.0,
      -0.0009449137899342024,
      -0.000977355738561232,
      -0.0010309062218509073,
      -2.4708602617887057e-05,
      0.0015063634615730937,
      -0.003500291899658295,
      0.0012910543618794895,
      0.0,
      -0.0009168380641461191
    ],
    [
      -0.16105155211957395,
      -0.010093572050643231,
      9.987546313161758e-05,
      -5.232896651452644e-06,
      0.0,
      0.000753131571292637,
      0.0005993093238413176,
      -0.0026288212338626475,
      3.240347923084512e-05,
      -0.08110644454600122,
      0.0031298569450778566,
      -0.16105155211957395,
      0.0,
      -0.0258802047294518
    ],
    [
      0.0009635286677816024,
      0.0010085732996893543,
      0.0008112890556612057,
      0.000392134772011846,
      0.0,
      0.003531871342576828,
      0.003382536491280596,
      0.0007830662937574084,
      8.492420651058224e-05,
      -0.002833606331940027,
      0.0064660549699128616,
      0.0009635286677816024,
      0.0,
      -0.00020644001737205611
    ],
    [
      -0.01699997304399465,
      -0.0012924666874113199,
      -0.00042512065750735403,
      -0.0002902791468317522,
      0.0,
      -0.001996829571363423,
      -0.0017256938826214364,
      0.00012861155918793984,
      -1.8445572194286266e-05,
      -0.006861209575740308,
      -0.006435446259753377,
      -0.01699997304399465,
      0.0,
      -0.003400276235415746
    ],
    [
      -0.010245929083614365,
      -0.005173273570340963,
      3.0432753479563183e-05,
      9.508146591138989e-05,
      0.0,
      -1.4587307017710398e-05,
      -0.00036706281208908915,
      -0.0016447161182742516,
      -2.406680175766286e-05,
      -0.004955811700507126,
      -0.009315737966146778,
      -0.010245929083614365,
      0.0,
      -0.0033983158828986702
    ]
  ],
  "action_library": [
    {
      "type": "recruit",
      "magnitude": 1.0
    },
    {
      "type": "recruit",
      "magnitude": 2.0
    },
    {
      "type": "recruit",
      "magnitude": 3.0
    },
    {
      "type": "adjust_dose",
      "magnitude": -0.1
    },
    {
      "type": "adjust_dose",
      "magnitude": 0.1
    },
    {
      "type": "hold_enrollment",
      "magnitude": 0.0
    },
    {
      "type": "file_interim_report",
      "magnitude": 0.0
    },
    {
      "type": "implement_amendment",
      "magnitude": 0.0
    },
    {
      "type": "noop",
      "magnitude": 0.0
    }
  ],
  "metadata": {
    "step": 1800,
    "mean_reward": -4.331494025707839,
    "resume_from_checkpoint": null
  }
}