{
  "format_version": 1,
  "policy_type": "linear_softmax",
  "weights": [
    [
      0.010044397278811935,
      -0.0004412151179228855,
      -0.0011040419951161848,
      -0.00014089824972895163,
      0.0,
      -0.005078189417723263,
      -0.0048634092677177845,
      0.0018744250009533681,
      -0.00018498152500570368,
      0.01063627216935174,
      -0.020928924902145683,
      0.010044397278811935,
      0.0,
      0.014163815435377395
    ],
    [
      0.27461866876303526,
      0.024106531509242062,
      -0.000959846791082321,
      -0.0008339189962526156,
      0.0,
      -0.0020130599465185512,
      -0.0014071700811985148,
      0.005247295224004475,
      1.8401313821962617e-05,
      0.1395201313637552,
      0.007546656083415816,
      0.27461866876303526,
      0.0,
      0.046041977821915284
    ],
    [
      0.44709584594892027,
      0.03426320222882142,
      0.0004508572539788054,
      -0.0004243978952059726,
      0.0,
      0.0021562292646012905,
      0.0022975935544352504,
      0.007936791039650021,
      2.6593500867891725e-05,
      0.22144915204807494,
      0.01481284000893518,
      0.44709584594892027,
      0.0,
      0.06476990970041434
    ],
    [
      -0.024646380785121512,
      0.001369260750708224,
      0.0005406503373022044,
      -0.00038655175788102693,
      0.0,
      0.0014587517473931937,
      0.0022334519447114614,
      -0.0003532843727636393,
      -7.101365292683426e-06,
      -0.014000416079188227,
      0.009439237056564761,
      -0.024646380785121512,
      0.0,
      -0.004643740794558878
    ],
    [
      -0.0016365847345256224,
      -0.003981052073870815,
      0.0003796348988514603,
      0.0006651619656378317,
      0.0,
      1.644642071119943e-05,
      -0.0007261016719571664,
      -0.001535152374071923,
      -3.164741567554748e-05,
      -0.002454322066176633,
      0.00027361735642860617,
      -0.0016365847345256224,
      0.0,
      -0.003489804005594103
    ],
    [
      -0.5991235485059088,
      -0.039373317194550415,
      -0.0003267905704935471,
      -4.70017098572008e-05,
      0.0,
      -0.001468072892521761,
      -0.0015891761441931569,
      -0.009549026479159272,
      -3.0012930744879453e-05,
      -0.2984747837364784,
      -0.0005259063689363101,
      -0.5991235485059088,
      0.0,
      -0.09128538284305532
    ],
    [
      -0.0168752023521066,
      -0.006251641675364548,
      0.002874084011650697,
      0.0024406862140138067,
      0.0,
      0.01114322230809893,
      0.010368527172896404,
      0.0004309650097859765,
      0.00024171863907809029,
      -0.017842040463518366,
      0.014325774204316608,
      -0.0168752023521066,
      0.0,
      -0.004294445305784234
    ],
    [
      -0.054996120844059276,
      -0.00733623411853993,
      -0.0011123501536203142,
      -0.0007416283354585947,
      0.0,
      -0.0041517784574365045,
      -0.003798614144481113,
      -0.0012573237912738735,
      1.4325388580393466e-06,
      -0.023762333623324732,
      -0.017872935355037756,
      -0.054996120844059276,
      0.0,
      -0.011831577059544733
    ],
    [
      -0.03448107476903609,
      -0.002355534308523324,
      -0.0007421969914707847,
      -0.0005314512352672944,
      0.0,
      -0.002063549026604526,
      -0.002515101362495285,
      -0.002794689257125166,
      -3.44027559071725e-05,
      -0.015071659612492055,
      -0.007070358083541949,
      -0.03448107476903609,
      0.0,
      -0.009430752949169917
    ]
  ],
  "action_library": [
    {
      "type": "recruit",
      "magnitude": 1.0
    },
    {
      "type": "recruit",
      "magnitude": 2.0
    },
    {
      "type": "recruit",
      "magnitude": 3.0
    },
    {
      "type": "adjust_dose",
      "magnitude": -0.1
    },
    {
      "type": "adjust_dose",
      "magnitude": 0.1
    },
    {
      "type": "hold_enrollment",
      "magnitude": 0.0
    },
    {
      "type": "file_interim_report",
      "magnitude": 0.0
    },
    {
      "type": "implement_amendment",
      "magnitude": 0.0
    },
    {
      "type": "noop",
      "magnitude": 0.0
    }
  ],
  "metadata": {
    "step": 12000,
    "mean_reward": -1.3390703582630525,
    "resume_from_checkpoint": null
  }
}