{
  "format_version": 1,
  "policy_type": "linear_softmax",
  "weights": [
    [
      0.04178980733986956,
      0.0004651926042011049,
      -0.001022386186160795,
      -7.126962126342592e-05,
      0.0,
      -0.004758992982174207,
      -0.004748531150498888,
      0.0018314242414687893,
      -0.00013494798550349663,
      0.026018701381661454,
      -0.018849487531079043,
      0.04178980733986956,
      0.0,
      0.015410971635566427
    ],
    [
      0.21114406133775407,
      0.018967079697432696,
      -0.000964358825772974,
      -0.0005990882624280603,
      0.0,
      -0.0025376740927533486,
      -0.002046638752145844,
      0.003690389864248302,
      -4.2328234249326003e-05,
      0.10789852882580744,
      0.004189852415492814,
      0.21114406133775407,
      0.0,
      0.03598159228880474
    ],
    [
      0.3149440911974249,
      0.02516691309566014,
      0.0006761260277938817,
      -0.00022390908765432645,
      0.0,
      0.0027027540086179466,
      0.0028056298464934834,
      0.005544744891707175,
      6.436745138028828e-05,
      0.15451602553135135,
      0.01541324076838436,
      0.3149440911974249,
      0.0,
      0.048403919579300056
    ],
    [
      -0.013026704385738677,
      0.0025578593157840755,
      0.0004595267354496462,
      -8.090415113347539e-05,
      0.0,
      0.0013606315941493876,
      0.001861071616828834,
      -0.00043232753048104693,
      1.6698450364046717e-05,
      -0.007837905738582214,
      0.01176951136386021,
      -0.013026704385738677,
      0.0,
      -0.001811143194049662
    ],
    [
      -0.0014391042704409746,
      -0.004299926344623553,
      0.00037605007257639103,
      0.00026351083985470114,
      0.0,
      0.0011679917270470462,
      0.000546424851532793,
      -0.0009972203896104505,
      2.6060436082878834e-05,
      -0.0026871945305918365,
      -0.0025739746795560405,
      -0.0014391042704409746,
      0.0,
      -0.003717274184219055
    ],
    [
      -0.47450166395511284,
      -0.03197768708396227,
      -0.0003481055115476825,
      -8.129044790877149e-05,
      0.0,
      -0.0014048011748267369,
      -0.0013144724064652195,
      -0.0078039915024158595,
      -3.9167742967833936e-05,
      -0.23588240091724078,
      0.0016290668511786052,
      -0.47450166395511284,
      0.0,
      -0.0738640268095353
    ],
    [
      -0.006909017669112761,
      -0.001721323333078381,
      0.0019375227947849457,
      0.0015757172148961696,
      0.0,
      0.007946888236009359,
      0.00742374781228898,
      0.0007205930599601367,
      0.00017981808766271963,
      -0.010008359542356206,
      0.01649170602698629,
      -0.006909017669112761,
      0.0,
      -0.001814397227710715
    ],
    [
      -0.04829750917159913,
      -0.008233393638401967,
      -0.0011038854917964792,
      -0.0007072986813482878,
      0.0,
      -0.004522437859236851,
      -0.004277546784356213,
      -0.000609728493530778,
      -5.189338587619172e-05,
      -0.02004717611923245,
      -0.02374077162605503,
      -0.04829750917159913,
      0.0,
      -0.011883135930573784
    ],
    [
      -0.02370396042304742,
      -0.0009247143130125255,
      -1.0489615326926279e-05,
      -7.546780301452685e-05,
      0.0,
      4.5640543167354454e-05,
      -0.000249685033677898,
      -0.0019438841413462727,
      -1.860707689308606e-05,
      -0.011970218890818925,
      -0.004329143589212555,
      -0.02370396042304742,
      0.0,
      -0.006706506157580634
    ]
  ],
  "action_library": [
    {
      "type": "recruit",
      "magnitude": 1.0
    },
    {
      "type": "recruit",
      "magnitude": 2.0
    },
    {
      "type": "recruit",
      "magnitude": 3.0
    },
    {
      "type": "adjust_dose",
      "magnitude": -0.1
    },
    {
      "type": "adjust_dose",
      "magnitude": 0.1
    },
    {
      "type": "hold_enrollment",
      "magnitude": 0.0
    },
    {
      "type": "file_interim_report",
      "magnitude": 0.0
    },
    {
      "type": "implement_amendment",
      "magnitude": 0.0
    },
    {
      "type": "noop",
      "magnitude": 0.0
    }
  ],
  "metadata": {
    "step": 7800,
    "mean_reward": -3.9585084593057327,
    "resume_from_checkpoint": null
  }
}