{
  "format_version": 1,
  "policy_type": "linear_softmax",
  "weights": [
    [
      0.029562799399605193,
      0.001351481653396028,
      -0.0007677003848526067,
      -0.00010167229232594074,
      0.0,
      -0.0033328326560607973,
      -0.003285648850287014,
      0.0017774988005917333,
      -0.0001305861917093642,
      0.018896760001560535,
      -0.01892727382040627,
      0.029562799399605193,
      0.0,
      0.015076924725161653
    ],
    [
      0.23787227887011847,
      0.02038834438718514,
      -0.0012062274632782945,
      -0.0005653873842870745,
      0.0,
      -0.0038430826841114084,
      -0.0034288425759321714,
      0.004270039189166573,
      -7.212851945384428e-05,
      0.12251693165829418,
      0.0032942386172626088,
      0.23787227887011847,
      0.0,
      0.03979847256863096
    ],
    [
      0.365878851258684,
      0.02765010915636739,
      0.0006617941156744102,
      -0.00034585776738622236,
      0.0,
      0.0030017817151767813,
      0.0029761359408802253,
      0.0067362671864365535,
      6.0250651368621856e-05,
      0.1800661424141859,
      0.01759547600969972,
      0.365878851258684,
      0.0,
      0.05495829834187729
    ],
    [
      -0.015508886435702873,
      0.004208382004970091,
      0.000568725650123149,
      -0.00028690705301521877,
      0.0,
      0.0018425244295666283,
      0.0028425099251959784,
      -0.00020039612946839413,
      5.3202324289523284e-05,
      -0.010082790733311808,
      0.01229330221768498,
      -0.015508886435702873,
      0.0,
      -0.0024208713838161293
    ],
    [
      -0.0038999358447255623,
      -0.005031147187054795,
      0.00015431975490971093,
      0.0004470037164624409,
      0.0,
      -0.0005026257993588064,
      -0.0012832098555185375,
      -0.0013667867027489895,
      -2.6966374248849483e-05,
      -0.0028356918971112425,
      -0.0029727318799742837,
      -0.0038999358447255623,
      0.0,
      -0.004129031383220882
    ],
    [
      -0.5232445229100615,
      -0.03525903276908536,
      -0.00031259546150391227,
      -4.0535300276321e-05,
      0.0,
      -0.00150827655554132,
      -0.0014730502979910347,
      -0.008440704132467539,
      -5.4129388757873965e-05,
      -0.2604016441414971,
      0.0007676918160812215,
      -0.5232445229100615,
      0.0,
      -0.08065471931179523
    ],
    [
      -0.0166167435526183,
      -0.006952404410736265,
      0.002123034079544856,
      0.0018948785440724737,
      0.0,
      0.008695013331845585,
      0.007837737973093922,
      7.297637500036496e-05,
      0.0001955387712152666,
      -0.014996342533210286,
      0.009639157355269287,
      -0.0166167435526183,
      0.0,
      -0.004437953583443631
    ],
    [
      -0.04706950632938309,
      -0.005654675166473017,
      -0.0010071498695067799,
      -0.0006965701807809362,
      0.0,
      -0.004306129394162722,
      -0.0039102144555091785,
      -0.0004574247332104571,
      -3.456885836096348e-05,
      -0.019934366919216535,
      -0.018171414100659613,
      -0.04706950632938309,
      0.0,
      -0.010793164529470513
    ],
    [
      -0.026974334455910264,
      -0.0007010576685695797,
      -0.00021420042111051853,
      -0.0003049522824632075,
      0.0,
      -4.637238735398717e-05,
      -0.0002754178039321145,
      -0.0023914698532998455,
      9.38758565748252e-06,
      -0.013228997849691306,
      -0.0035184462149583824,
      -0.026974334455910264,
      0.0,
      -0.0073979554439223905
    ]
  ],
  "action_library": [
    {
      "type": "recruit",
      "magnitude": 1.0
    },
    {
      "type": "recruit",
      "magnitude": 2.0
    },
    {
      "type": "recruit",
      "magnitude": 3.0
    },
    {
      "type": "adjust_dose",
      "magnitude": -0.1
    },
    {
      "type": "adjust_dose",
      "magnitude": 0.1
    },
    {
      "type": "hold_enrollment",
      "magnitude": 0.0
    },
    {
      "type": "file_interim_report",
      "magnitude": 0.0
    },
    {
      "type": "implement_amendment",
      "magnitude": 0.0
    },
    {
      "type": "noop",
      "magnitude": 0.0
    }
  ],
  "metadata": {
    "step": 9300,
    "mean_reward": -2.0882996312208553,
    "resume_from_checkpoint": null
  }
}