{
  "format_version": 1,
  "policy_type": "linear_softmax",
  "weights": [
    [
      -0.010353159352985815,
      -0.003233223419345691,
      -0.0004943956727807098,
      -0.00010198460714940672,
      0.0,
      -0.0018904170232913009,
      -0.0015675511142096404,
      -0.0004075466234136124,
      -0.00013619516946535037,
      -0.0028008254773501154,
      -0.004372629107335143
    ],
    [
      0.034438810105455735,
      0.0038957589342431534,
      0.00032842431889140185,
      0.00010016649930405552,
      0.0,
      0.002260638892864672,
      0.0011801047025916747,
      0.0010595451733190215,
      0.00021241397777139,
      0.01598494374576305,
      0.0039677229420665054
    ],
    [
      0.0406366477849382,
      0.002732504765646369,
      -7.097286900508977e-05,
      -3.151064504672548e-05,
      0.0,
      -0.0005353510062317308,
      -0.0005614506310890134,
      0.0006410686336063997,
      -1.612802741379005e-05,
      0.02048443891305299,
      -0.0003496774793505181
    ],
    [
      0.0039758368105263986,
      0.002065657017133884,
      0.00011554350981468285,
      0.0001925695325297763,
      0.0,
      -0.0003495774867889706,
      -0.0005605509028646454,
      0.00012683991432545339,
      1.7242434797147893e-05,
      0.0015471221271751013,
      0.004079474206322339
    ],
    [
      -0.00035301051601363363,
      -0.0014506983821073718,
      -4.1605710582790355e-05,
      -6.204762665853329e-05,
      0.0,
      3.4854504513701854e-05,
      0.00018122494535042908,
      -0.0004578329613323609,
      2.0199671601455876e-05,
      -9.255866485181206e-05,
      -0.0010903858881869315
    ],
    [
      -0.05388446613574549,
      -0.001786319851347385,
      0.00017894602742418,
      0.0001253699955956976,
      0.0,
      0.001066568254058519,
      0.0011181488533131944,
      -0.000846535425678028,
      9.520473004121867e-05,
      -0.02745188076249545,
      0.00348297319792945
    ],
    [
      0.0002030756749052892,
      0.0005322284613945477,
      8.763562573549908e-05,
      -6.102205717806397e-05,
      0.0,
      -4.766869729555254e-05,
      0.0005427315258358138,
      0.00015744275290326,
      -0.00018343959391360387,
      -0.0005758681383892707,
      0.0015521253263882787
    ],
    [
      -0.012396790538367331,
      -0.0016911750742094112,
      -0.00024540629672271984,
      -0.00022962086699922847,
      0.0,
      -0.001264527452726438,
      -0.0008517041802645646,
      -6.609057152239573e-06,
      -1.4519119015752902e-05,
      -0.005094731157741594,
      -0.005899316256845908
    ],
    [
      -0.002266943832713377,
      -0.0010647324514081616,
      0.00014183106722554656,
      6.80797756024279e-05,
      0.0,
      0.0007254800148970874,
      0.0005190468013367432,
      -0.0002663724065778926,
      5.221095597285275e-06,
      -0.002000640585162806,
      -0.0013702869409882134
    ]
  ],
  "action_library": [
    {
      "type": "recruit",
      "magnitude": 1.0
    },
    {
      "type": "recruit",
      "magnitude": 2.0
    },
    {
      "type": "recruit",
      "magnitude": 3.0
    },
    {
      "type": "adjust_dose",
      "magnitude": -0.1
    },
    {
      "type": "adjust_dose",
      "magnitude": 0.1
    },
    {
      "type": "hold_enrollment",
      "magnitude": 0.0
    },
    {
      "type": "file_interim_report",
      "magnitude": 0.0
    },
    {
      "type": "implement_amendment",
      "magnitude": 0.0
    },
    {
      "type": "noop",
      "magnitude": 0.0
    }
  ],
  "metadata": {
    "step": 900,
    "mean_reward": -2.1801959466354828
  }
}