{
  "format_version": 1,
  "policy_type": "linear_softmax",
  "weights": [
    [
      0.0266941645272693,
      0.002225456274164636,
      -0.0008697122647092616,
      -0.00015866991693624138,
      0.0,
      -0.0037846870349859635,
      -0.0037343688934698607,
      0.0019356576387758882,
      -0.00013764481410762295,
      0.017710943333810108,
      -0.017917602238492744,
      0.0266941645272693,
      0.0,
      0.015264984001680328
    ],
    [
      0.2442441839172305,
      0.02149596427896224,
      -0.0012517539630914948,
      -0.0006104351242605032,
      0.0,
      -0.0038460795882347965,
      -0.003435329580877258,
      0.004641067350707984,
      -7.672233419714873e-05,
      0.12612207150393626,
      0.004395874867868674,
      0.2442441839172305,
      0.0,
      0.04095912493966629
    ],
    [
      0.3778696984110745,
      0.028051394931196922,
      0.0006638243821103547,
      -0.0003377285655970215,
      0.0,
      0.0030637445984278626,
      0.0030633054573352674,
      0.006532776940947518,
      6.329899788579667e-05,
      0.1858796844725544,
      0.015745917482095632,
      0.3778696984110745,
      0.0,
      0.05612898852085818
    ],
    [
      -0.015929699160963238,
      0.004976006582252462,
      0.0008069212051758261,
      -0.0003242459356299243,
      0.0,
      0.0025193873788183197,
      0.003497161162491637,
      5.928487969596211e-07,
      5.9932660610009114e-05,
      -0.011246618722136687,
      0.013094711776233265,
      -0.015929699160963238,
      0.0,
      -0.0025972825948948003
    ],
    [
      -0.0012296480606605212,
      -0.004027138190961527,
      0.0002641614521344294,
      0.0005184676051311921,
      0.0,
      -0.0001276812305154721,
      -0.0008960858709822965,
      -0.0013793964652408146,
      -1.5812517667259635e-05,
      -0.0018567911644388946,
      -0.0005357404424480948,
      -0.0012296480606605212,
      0.0,
      -0.003371745621820664
    ],
    [
      -0.5344176576954466,
      -0.03526056679728436,
      -0.00023850445180258087,
      -5.471318870129042e-05,
      0.0,
      -0.001183149635330907,
      -0.0011517740390622313,
      -0.008611658944853004,
      -4.269967251305389e-05,
      -0.2663254226069717,
      0.0015710427680670192,
      -0.5344176576954466,
      0.0,
      -0.0822999652446141
    ],
    [
      -0.016420009374754064,
      -0.007451584409235221,
      0.0022615426815976534,
      0.0019881674928875544,
      0.0,
      0.008946019309206877,
      0.008068360651016931,
      0.0001820253739573657,
      0.00017967386489112233,
      -0.015320807563546777,
      0.009724734358972862,
      -0.016420009374754064,
      0.0,
      -0.004544244712400795
    ],
    [
      -0.048748809398091744,
      -0.006823752257570942,
      -0.0010202783446103601,
      -0.000701632063258265,
      0.0,
      -0.004121174926998757,
      -0.0037363436164176565,
      -0.00065648411773969,
      -1.7549639571945396e-05,
      -0.02070313317207357,
      -0.018733830645017283,
      -0.048748809398091744,
      0.0,
      -0.010974172744446552
    ],
    [
      -0.032062223165649696,
      -0.003185780411524458,
      -0.0006162006968045575,
      -0.0003192103036355111,
      0.0,
      -0.0014663788703871727,
      -0.001674925270034438,
      -0.0026445806253522068,
      -1.2476545329898299e-05,
      -0.014259926081129613,
      -0.007345107927280077,
      -0.032062223165649696,
      0.0,
      -0.008565686544026372
    ]
  ],
  "action_library": [
    {
      "type": "recruit",
      "magnitude": 1.0
    },
    {
      "type": "recruit",
      "magnitude": 2.0
    },
    {
      "type": "recruit",
      "magnitude": 3.0
    },
    {
      "type": "adjust_dose",
      "magnitude": -0.1
    },
    {
      "type": "adjust_dose",
      "magnitude": 0.1
    },
    {
      "type": "hold_enrollment",
      "magnitude": 0.0
    },
    {
      "type": "file_interim_report",
      "magnitude": 0.0
    },
    {
      "type": "implement_amendment",
      "magnitude": 0.0
    },
    {
      "type": "noop",
      "magnitude": 0.0
    }
  ],
  "metadata": {
    "step": 9800,
    "mean_reward": -1.6831039218500385,
    "resume_from_checkpoint": null
  }
}