{
  "format_version": 1,
  "policy_type": "linear_softmax",
  "weights": [
    [
      -0.06579234897679138,
      -0.02957259218001779,
      -0.014284682319877307,
      -0.010376755008309601,
      -0.0019687101756298295,
      -0.024834366295712125,
      -1.8207428525012137e-05,
      -0.011984203034925547,
      -0.012770293656531588,
      -0.007742892819371349,
      -0.05232613323810569
    ],
    [
      0.0703228601566853,
      0.029352745282873464,
      0.04077231763996024,
      0.03877995537856215,
      0.0006239034202757516,
      0.004487918280420931,
      8.265932267991872e-05,
      0.01866831416166456,
      0.01177712156991045,
      0.0178720010684023,
      0.004061066767346052
    ],
    [
      0.1514981883293314,
      0.0489871514167276,
      0.06765879474444318,
      0.06523639493203882,
      0.0007051063251594085,
      0.004675867458363953,
      0.00013707505157264558,
      0.03014509347962761,
      0.018718535101809333,
      0.04448353071923085,
      0.006973471330239059
    ],
    [
      -0.02412309978810394,
      -0.0044914916748331184,
      -0.010218246531163336,
      -0.011023997686956936,
      0.0004927500777477007,
      0.003463149313622293,
      -0.00013491267721554213,
      -0.003975537844663188,
      -0.0017285718542428268,
      -0.009774413097524194,
      0.004403819423941022
    ],
    [
      0.013326154626070083,
      0.003639216321613871,
      -0.004192107417484636,
      -0.004429188469214746,
      -0.0001456235596850124,
      0.003382976314440667,
      -0.00011779729148312176,
      -0.0015064835633145032,
      0.001692776321128713,
      0.0015751681067201577,
      0.016152520313155474
    ],
    [
      -0.06345912014337807,
      -0.023789046767868628,
      -0.04652529537655326,
      -0.045985924904837945,
      0.00043300666359925556,
      0.003484812899566563,
      4.0966874466398016e-05,
      -0.018429800935146276,
      -0.010315308344682892,
      -0.014133279371692191,
      0.014931488637816756
    ],
    [
      -0.0001537749877347611,
      0.0014056605490461224,
      -0.004143760688137661,
      -0.004161864857046017,
      0.00017071957411683928,
      0.003346669252783342,
      6.341779388718802e-05,
      -0.0006688034158608787,
      0.0004471950799135539,
      -0.0017569726909544806,
      0.012847166055483037
    ],
    [
      -0.0690483934750253,
      -0.019684689786441393,
      -0.01957048143689704,
      -0.018449067911735936,
      -0.00027705415559277233,
      -0.0008641254119303513,
      -6.431097235753432e-05,
      -0.008834399798123234,
      -0.0058761745779991395,
      -0.025587753239866437,
      -0.01725981076010878
    ],
    [
      -0.012570465741054212,
      -0.005846953161099061,
      -0.009496538614291195,
      -0.009589551472500499,
      -3.409816999132268e-05,
      0.0028570981884449135,
      1.110932697506006e-05,
      -0.0034141790492579227,
      -0.001945279639305605,
      -0.004935388674945899,
      0.010216411470233121
    ]
  ],
  "action_library": [
    {
      "type": "recruit",
      "magnitude": 1.0
    },
    {
      "type": "recruit",
      "magnitude": 2.0
    },
    {
      "type": "recruit",
      "magnitude": 3.0
    },
    {
      "type": "adjust_dose",
      "magnitude": -0.1
    },
    {
      "type": "adjust_dose",
      "magnitude": 0.1
    },
    {
      "type": "hold_enrollment",
      "magnitude": 0.0
    },
    {
      "type": "file_interim_report",
      "magnitude": 0.0
    },
    {
      "type": "implement_amendment",
      "magnitude": 0.0
    },
    {
      "type": "noop",
      "magnitude": 0.0
    }
  ],
  "metadata": {
    "step": 1800,
    "mean_reward": -3.6071631324404763
  }
}