{
  "format_version": 1,
  "policy_type": "linear_softmax",
  "weights": [
    [
      0.01128814070495619,
      -0.0002585815879317997,
      -0.0011586364152807486,
      -0.00012887320031166168,
      0.0,
      -0.005333743705173,
      -0.005055707270886619,
      0.0020173627495341196,
      -0.0001885303124093457,
      0.011305320781445262,
      -0.021402446305477392,
      0.01128814070495619,
      0.0,
      0.01411554549983166
    ],
    [
      0.27178543529734195,
      0.024281476659670613,
      -0.0011045287045149048,
      -0.000850451093458637,
      0.0,
      -0.002501714329702031,
      -0.0019032147626510904,
      0.005194861006921328,
      8.24899666537327e-07,
      0.13866040014718828,
      0.00734691364993576,
      0.27178543529734195,
      0.0,
      0.04557246784076389
    ],
    [
      0.4427422690944511,
      0.03427212742326296,
      0.0005805039955237402,
      -0.000421253965917821,
      0.0,
      0.0025190338465240826,
      0.002536679640599158,
      0.00794853708234188,
      3.346458778446101e-05,
      0.21904042443456032,
      0.015636514829805853,
      0.4427422690944511,
      0.0,
      0.06430503813517424
    ],
    [
      -0.0259486790883751,
      0.0005221816602020824,
      0.0005592388874279884,
      -0.00035659586704091766,
      0.0,
      0.0014725979302260498,
      0.0022667383760042775,
      -0.00044985884992471256,
      -7.082168651773393e-06,
      -0.014723712788175412,
      0.008459504084661548,
      -0.0259486790883751,
      0.0,
      -0.004902664421791975
    ],
    [
      -0.0028052794123816713,
      -0.004565959623914594,
      0.0004278237084674738,
      0.0006190863643511921,
      0.0,
      0.000266296963458002,
      -0.0005032425582401676,
      -0.00164652580972015,
      -2.1964660023386943e-05,
      -0.0032714192236515936,
      -0.00048559526221457597,
      -0.0028052794123816713,
      0.0,
      -0.003811316265224409
    ],
    [
      -0.594559803400348,
      -0.03907976379859995,
      -0.00034403358375499014,
      -3.589108038057884e-05,
      0.0,
      -0.0015641955595115976,
      -0.0016606161211109845,
      -0.00944002488964315,
      -3.2384766263856674e-05,
      -0.29618394598345676,
      -0.00021344341557417472,
      -0.594559803400348,
      0.0,
      -0.09049614397714426
    ],
    [
      -0.016157292644962875,
      -0.005921185710244064,
      0.002889822922782567,
      0.0023941155141358563,
      0.0,
      0.011093341289154714,
      0.010290274245007641,
      0.0003946022339781855,
      0.00023896699047778325,
      -0.01738123704236431,
      0.014376966716957328,
      -0.016157292644962875,
      0.0,
      -0.004266667103482853
    ],
    [
      -0.053307455792037134,
      -0.007158615063814347,
      -0.0011255340752929631,
      -0.000744782545285472,
      0.0,
      -0.004117771759922628,
      -0.0037592855130998627,
      -0.001171265963570115,
      1.4823695783409737e-06,
      -0.022871569104896492,
      -0.017354182774570473,
      -0.053307455792037134,
      0.0,
      -0.011505003337029002
    ],
    [
      -0.033037334758637474,
      -0.0020916799586311674,
      -0.0007246567353581469,
      -0.00047535412609197886,
      0.0,
      -0.0018338446750535886,
      -0.0022116260356222633,
      -0.0028476875599174004,
      -2.4776940158761983e-05,
      -0.014574261220646468,
      -0.006364231523524583,
      -0.033037334758637474,
      0.0,
      -0.009011256371097254
    ]
  ],
  "action_library": [
    {
      "type": "recruit",
      "magnitude": 1.0
    },
    {
      "type": "recruit",
      "magnitude": 2.0
    },
    {
      "type": "recruit",
      "magnitude": 3.0
    },
    {
      "type": "adjust_dose",
      "magnitude": -0.1
    },
    {
      "type": "adjust_dose",
      "magnitude": 0.1
    },
    {
      "type": "hold_enrollment",
      "magnitude": 0.0
    },
    {
      "type": "file_interim_report",
      "magnitude": 0.0
    },
    {
      "type": "implement_amendment",
      "magnitude": 0.0
    },
    {
      "type": "noop",
      "magnitude": 0.0
    }
  ],
  "metadata": {
    "step": 11800,
    "mean_reward": -1.7418245850490415,
    "resume_from_checkpoint": null
  }
}