{
  "format_version": 1,
  "policy_type": "linear_softmax",
  "weights": [
    [
      0.02854311437190041,
      0.0009419915963280249,
      -0.00048684838124736545,
      -1.2840871307376872e-06,
      0.0,
      -0.002388246608115907,
      -0.002324645077631107,
      0.0006755345689708481,
      -7.6624842942035e-05,
      0.016699975392235764,
      -0.008323246508300608,
      0.02854311437190041,
      0.0,
      0.007245558888137377
    ],
    [
      0.07287930864616007,
      0.007775329239819322,
      -0.0005206740368412258,
      -0.00026011861317493996,
      0.0,
      -0.0025314608023080734,
      -0.0020552045144424844,
      0.001973736486518973,
      -9.355402849181902e-05,
      0.03805688284162996,
      0.0014207520558650532,
      0.07287930864616007,
      0.0,
      0.012435672357803237
    ],
    [
      0.09438693387598869,
      0.006487570542542715,
      0.00048027057509908417,
      -7.955582029794806e-05,
      0.0,
      0.0022170191047657596,
      0.00218531491023897,
      0.0018445225683110715,
      6.586833824373063e-05,
      0.04504992887048346,
      0.00474624803235028,
      0.09438693387598869,
      0.0,
      0.014727632120598709
    ],
    [
      0.004094161832914093,
      0.005603916082881546,
      2.6162429857819846e-05,
      -0.00012555093720193787,
      0.0,
      0.0007523886067532606,
      0.0007297037570631261,
      0.0003842650490786664,
      3.756558809114198e-05,
      0.0016872561080024362,
      0.010084849563020191,
      0.004094161832914093,
      0.0,
      0.0014697645262170384
    ],
    [
      0.0009612772693036306,
      -0.005380724163172102,
      -0.00016748273092261979,
      0.0001743319542211586,
      0.0,
      -0.0011157510537727023,
      -0.001194394519970374,
      -0.001278929367838962,
      -2.6137238606225863e-05,
      0.0014751680840812895,
      -0.0039672123505528544,
      0.0009612772693036306,
      0.0,
      -0.0010863514150303178
    ],
    [
      -0.17459366899205558,
      -0.011438351727911928,
      4.727171812024092e-05,
      -3.905045230118574e-05,
      0.0,
      0.0005123532024841466,
      0.00036092636155429667,
      -0.002832942666579466,
      2.9151465967959258e-05,
      -0.0876812481191842,
      0.0027663194417085466,
      -0.17459366899205558,
      0.0,
      -0.02772740402617682
    ],
    [
      -0.0022241926971620887,
      -0.00041421034309562914,
      0.000767693861114724,
      0.0003854260365041219,
      0.0,
      0.003594675418039071,
      0.00344645044269346,
      0.0004274410586724777,
      9.029524779381021e-05,
      -0.0041689337525133655,
      0.004512216365828349,
      -0.0022241926971620887,
      0.0,
      -0.0010886647207918937
    ],
    [
      -0.015537746099624796,
      0.00013543092173454603,
      -0.00021599152847580927,
      -0.00017824387725376965,
      0.0,
      -0.0010678385669023536,
      -0.0008432971689985882,
      0.00023105047117307184,
      2.41629310584489e-06,
      -0.006899276601798003,
      -0.004334534203303539,
      -0.015537746099624796,
      0.0,
      -0.0030670110034896362
    ],
    [
      -0.008509188207424336,
      -0.0037109521491264594,
      6.95980932951574e-05,
      0.00012404579663523798,
      0.0,
      2.6860699056790678e-05,
      -0.0003048541905073001,
      -0.0014246781683066626,
      -2.8980823162406582e-05,
      -0.004219752822937386,
      -0.006905392396615567,
      -0.008509188207424336,
      0.0,
      -0.002909196727267703
    ]
  ],
  "action_library": [
    {
      "type": "recruit",
      "magnitude": 1.0
    },
    {
      "type": "recruit",
      "magnitude": 2.0
    },
    {
      "type": "recruit",
      "magnitude": 3.0
    },
    {
      "type": "adjust_dose",
      "magnitude": -0.1
    },
    {
      "type": "adjust_dose",
      "magnitude": 0.1
    },
    {
      "type": "hold_enrollment",
      "magnitude": 0.0
    },
    {
      "type": "file_interim_report",
      "magnitude": 0.0
    },
    {
      "type": "implement_amendment",
      "magnitude": 0.0
    },
    {
      "type": "noop",
      "magnitude": 0.0
    }
  ],
  "metadata": {
    "step": 2000,
    "mean_reward": -6.474304445782632,
    "resume_from_checkpoint": null
  }
}