{
  "format_version": 1,
  "policy_type": "linear_softmax",
  "weights": [
    [
      0.007195672840007794,
      0.0021394343942496142,
      -0.0011110779910561616,
      -0.00014471417594071908,
      0.0,
      -0.005260498774064379,
      -0.004783187348516524,
      0.0022047745411469745,
      -0.00019610011291666272,
      0.009504040950898946,
      -0.018134204736327486,
      0.007195672840007794,
      0.0,
      0.014710761800739984
    ],
    [
      0.28210747352039134,
      0.02398690729284439,
      -0.0012490286077241936,
      -0.0009697488049473846,
      0.0,
      -0.003460739934292841,
      -0.002840907586611049,
      0.005041611746635123,
      -2.1737428695791175e-05,
      0.14424155013007886,
      0.006684173152350728,
      0.28210747352039134,
      0.0,
      0.04730519922729877
    ],
    [
      0.4631442978046345,
      0.030226152685766894,
      0.00047951014915713044,
      -0.0003748338886044017,
      0.0,
      0.0021327930200006062,
      0.0020252242564102055,
      0.007765838805277662,
      7.806363244843316e-06,
      0.2294537559708172,
      0.007866052186379124,
      0.4631442978046345,
      0.0,
      0.06514954386347639
    ],
    [
      -0.024535947137476283,
      0.002923643330872774,
      0.0006780731962538008,
      -0.0003262510995058424,
      0.0,
      0.0022197995864471306,
      0.0028665849110000923,
      -0.00025797523635365607,
      1.5006708537397358e-05,
      -0.014696398884842586,
      0.012079764413915344,
      -0.024535947137476283,
      0.0,
      -0.004259711821070061
    ],
    [
      -0.0025106438184255733,
      -0.0038322513558473282,
      0.00027048710588258815,
      0.0005977052461063106,
      0.0,
      -0.00023574524273567652,
      -0.0008246488058588177,
      -0.00156129522601266,
      -2.6462568321218006e-05,
      -0.002542305572060894,
      0.001341884628495911,
      -0.0025106438184255733,
      0.0,
      -0.0034726632447088473
    ],
    [
      -0.6160311675904079,
      -0.04012855624727405,
      -0.00033797063896395737,
      -2.626833358856253e-05,
      0.0,
      -0.0012940182617620058,
      -0.0014186572808875554,
      -0.009580577197523154,
      -1.9791410421710812e-05,
      -0.30679857858504544,
      -0.0008854463741719493,
      -0.6160311675904079,
      0.0,
      -0.09356921443446999
    ],
    [
      -0.016504206575340814,
      -0.006269984021758312,
      0.003086048688804595,
      0.0026170224321959332,
      0.0,
      0.012036948281824862,
      0.011088881195003113,
      0.0004933199173402657,
      0.0002660552979733226,
      -0.018322733825811614,
      0.01580515935785968,
      -0.016504206575340814,
      0.0,
      -0.004135278742828049
    ],
    [
      -0.05796133502349708,
      -0.008456680093292224,
      -0.0012052048019712026,
      -0.0008193886679636096,
      0.0,
      -0.004876692368615548,
      -0.0044115254890452925,
      -0.0014739119878514812,
      -2.4973452174184736e-05,
      -0.024799380719552747,
      -0.01912085120129061,
      -0.05796133502349708,
      0.0,
      -0.012537776269437629
    ],
    [
      -0.03490414401988116,
      -0.0005886659855615763,
      -0.0006108371003825808,
      -0.000553522707751737,
      0.0,
      -0.0012618463068021224,
      -0.0017017638514940422,
      -0.0026317853626591265,
      1.9660277400071943e-07,
      -0.016039949464481257,
      -0.005636531427211424,
      -0.03490414401988116,
      0.0,
      -0.009190860379000621
    ]
  ],
  "action_library": [
    {
      "type": "recruit",
      "magnitude": 1.0
    },
    {
      "type": "recruit",
      "magnitude": 2.0
    },
    {
      "type": "recruit",
      "magnitude": 3.0
    },
    {
      "type": "adjust_dose",
      "magnitude": -0.1
    },
    {
      "type": "adjust_dose",
      "magnitude": 0.1
    },
    {
      "type": "hold_enrollment",
      "magnitude": 0.0
    },
    {
      "type": "file_interim_report",
      "magnitude": 0.0
    },
    {
      "type": "implement_amendment",
      "magnitude": 0.0
    },
    {
      "type": "noop",
      "magnitude": 0.0
    }
  ],
  "metadata": {
    "step": 12800,
    "mean_reward": -3.850668287103132,
    "resume_from_checkpoint": null
  }
}