{
  "format_version": 1,
  "policy_type": "linear_softmax",
  "weights": [
    [
      7.191445938365567e-05,
      0.003093084489355053,
      -0.001341792755599399,
      -0.0002102253158351383,
      0.0,
      -0.0055169867507090685,
      -0.005042430541521118,
      0.0025347205228006733,
      -0.00016717183416314272,
      0.006583686526290816,
      -0.016148596607552357,
      7.191445938365567e-05,
      0.0,
      0.015141497938173142
    ],
    [
      0.2942138586953826,
      0.024526574749712513,
      -0.0010131389562410692,
      -0.0008691120218974214,
      0.0,
      -0.002281902830368717,
      -0.0020843658087517473,
      0.004813614094526866,
      1.616778630641821e-05,
      0.1496268141666712,
      0.00835585438886315,
      0.2942138586953826,
      0.0,
      0.04933674929955476
    ],
    [
      0.5003079683705224,
      0.0327610433790842,
      0.000283579930983607,
      -0.0005354821049681576,
      0.0,
      0.0006121855046572151,
      0.0006802080378870033,
      0.007941957965991958,
      -5.642184318444381e-05,
      0.2491201155962438,
      0.007096831592534859,
      0.5003079683705224,
      0.0,
      0.06983418582177228
    ],
    [
      -0.02588692795777321,
      0.0027188039032053487,
      0.0006969491902959065,
      -0.0003163040743604167,
      0.0,
      0.0023495784406439915,
      0.0029222106459942873,
      -0.0003156639660928347,
      2.3224207248364778e-05,
      -0.0156703882905676,
      0.01262081351746178,
      -0.02588692795777321,
      0.0,
      -0.004433542488107273
    ],
    [
      -0.00633677465750251,
      -0.005795915547055115,
      0.00011353848766465785,
      0.0006008863126955891,
      0.0,
      -0.0012942332729020168,
      -0.0017812847914524094,
      -0.0015026367331405957,
      -6.823189194700296e-05,
      -0.003806474593192354,
      -0.002197447932693826,
      -0.00633677465750251,
      0.0,
      -0.004982453254198254
    ],
    [
      -0.6456415231969979,
      -0.040654108066068576,
      -0.0003919692832596739,
      -7.17808538999143e-05,
      0.0,
      -0.0013059045667214572,
      -0.00141096244733959,
      -0.009873048619737899,
      -1.751958192416584e-05,
      -0.32126196513619093,
      -0.0005612159310389702,
      -0.6456415231969979,
      0.0,
      -0.0972782424284416
    ],
    [
      -0.017457403636934994,
      -0.006494219817257401,
      0.0034642949877171213,
      0.0028968504589472876,
      0.0,
      0.013080808340724795,
      0.012109005539918654,
      0.00043525291105015075,
      0.0002689102957668871,
      -0.019925317919793885,
      0.016955774471494257,
      -0.017457403636934994,
      0.0,
      -0.004322744957781661
    ],
    [
      -0.06207055500272617,
      -0.008821619095549432,
      -0.0014847425021844295,
      -0.0008994413250839312,
      0.0,
      -0.00622379623693925,
      -0.005508956332232754,
      -0.0014615813703571065,
      -6.471037896259313e-05,
      -0.02577452541739666,
      -0.020549745354639562,
      -0.06207055500272617,
      0.0,
      -0.013409722352779156
    ],
    [
      -0.03720055707334508,
      -0.0013336439954257733,
      -0.00032671909937670603,
      -0.0005953910755979088,
      0.0,
      0.0005802513716145016,
      0.00011657569749776205,
      -0.002572614805041204,
      6.575324085967504e-05,
      -0.018891944932062137,
      -0.005572268144429637,
      -0.03720055707334508,
      0.0,
      -0.009885727578191566
    ]
  ],
  "action_library": [
    {
      "type": "recruit",
      "magnitude": 1.0
    },
    {
      "type": "recruit",
      "magnitude": 2.0
    },
    {
      "type": "recruit",
      "magnitude": 3.0
    },
    {
      "type": "adjust_dose",
      "magnitude": -0.1
    },
    {
      "type": "adjust_dose",
      "magnitude": 0.1
    },
    {
      "type": "hold_enrollment",
      "magnitude": 0.0
    },
    {
      "type": "file_interim_report",
      "magnitude": 0.0
    },
    {
      "type": "implement_amendment",
      "magnitude": 0.0
    },
    {
      "type": "noop",
      "magnitude": 0.0
    }
  ],
  "metadata": {
    "step": 14100,
    "mean_reward": -1.4912606394175336,
    "resume_from_checkpoint": null
  }
}