{
  "format_version": 1,
  "policy_type": "linear_softmax",
  "weights": [
    [
      0.04646178660060137,
      0.001956931600310403,
      -0.0009630990788013364,
      -0.00023099925290913202,
      0.0,
      -0.004224965240023262,
      -0.004255846809147727,
      0.0015546455865549853,
      -0.00010061516802955202,
      0.02771132828100677,
      -0.015588135227044867,
      0.04646178660060137,
      0.0,
      0.015494059584367982
    ],
    [
      0.18814236930161227,
      0.017352545244793148,
      -0.0009671314435253598,
      -0.0006305107270246859,
      0.0,
      -0.0024895812637465973,
      -0.0020558084512560986,
      0.003433005716322028,
      -3.761363942731969e-05,
      0.0964023263288325,
      0.0021717125120933527,
      0.18814236930161227,
      0.0,
      0.03203519931411152
    ],
    [
      0.26937508931654325,
      0.02037825019342353,
      0.0007668029754755024,
      -0.00013855147446238962,
      0.0,
      0.0028164387101173357,
      0.0029777865146616736,
      0.0048484056181266125,
      5.07026887532976e-05,
      0.13150004722068936,
      0.009048347960842246,
      0.26937508931654325,
      0.0,
      0.04093628968207535
    ],
    [
      -0.00814467374455142,
      0.0034704781678688303,
      0.0006571717144169472,
      -8.416580958015673e-05,
      0.0,
      0.002859520012508283,
      0.0030773459080794185,
      -0.00031114228556900284,
      6.725471923267987e-05,
      -0.006538014995213389,
      0.014863351535175215,
      -0.00814467374455142,
      0.0,
      -0.0006005157634402496
    ],
    [
      -0.0026879954116205956,
      -0.004957751092168611,
      0.00013326302960112708,
      0.0003278373135459142,
      0.0,
      -0.00026415439114581827,
      -0.0007395437019223084,
      -0.0008469789591737391,
      -3.1487557485178184e-05,
      -0.001948581068032308,
      -0.0050039908853364515,
      -0.0026879954116205956,
      0.0,
      -0.00393282015312589
    ],
    [
      -0.42614238176712177,
      -0.027832336428596793,
      -0.00031140897628957864,
      -5.699631494335045e-05,
      0.0,
      -0.001380548786797632,
      -0.0013342487424563277,
      -0.006890073284476559,
      -4.3786151512589886e-05,
      -0.21196132428344994,
      0.004751553935619964,
      -0.42614238176712177,
      0.0,
      -0.06677242529455316
    ],
    [
      -0.004209493276978145,
      -0.00032577092477000696,
      0.001833924434509731,
      0.0014721617906382335,
      0.0,
      0.00732621807850663,
      0.006870421311379015,
      0.00102356660464376,
      0.00015489722583851643,
      -0.00825887655336134,
      0.016161388532984333,
      -0.004209493276978145,
      0.0,
      -0.0006210138463063602
    ],
    [
      -0.03783067386188103,
      -0.006036018387973483,
      -0.0009845079641026765,
      -0.0006789876299043582,
      0.0,
      -0.00408094078954674,
      -0.003711054753619668,
      -0.0006008800199552467,
      -4.1824224572454184e-05,
      -0.015334193880009186,
      -0.01818986957379053,
      -0.03783067386188103,
      0.0,
      -0.00936929727994513
    ],
    [
      -0.024964027156604444,
      -0.004006328372887478,
      -0.0001650146912843421,
      2.0212104639930054e-05,
      0.0,
      -0.0005619863298721943,
      -0.0008290512757179677,
      -0.0022105489764728133,
      -1.7527892797399998e-05,
      -0.011572711050463029,
      -0.008214358790543413,
      -0.024964027156604444,
      0.0,
      -0.007169476243182316
    ]
  ],
  "action_library": [
    {
      "type": "recruit",
      "magnitude": 1.0
    },
    {
      "type": "recruit",
      "magnitude": 2.0
    },
    {
      "type": "recruit",
      "magnitude": 3.0
    },
    {
      "type": "adjust_dose",
      "magnitude": -0.1
    },
    {
      "type": "adjust_dose",
      "magnitude": 0.1
    },
    {
      "type": "hold_enrollment",
      "magnitude": 0.0
    },
    {
      "type": "file_interim_report",
      "magnitude": 0.0
    },
    {
      "type": "implement_amendment",
      "magnitude": 0.0
    },
    {
      "type": "noop",
      "magnitude": 0.0
    }
  ],
  "metadata": {
    "step": 6600,
    "mean_reward": -1.2159949443467468,
    "resume_from_checkpoint": null
  }
}