{
  "format_version": 1,
  "policy_type": "linear_softmax",
  "weights": [
    [
      0.04799117540115422,
      0.002486143425677834,
      -0.0009050032463495647,
      -0.00022530278086345675,
      0.0,
      -0.003991130899616967,
      -0.004016779069897833,
      0.001734857546443872,
      -9.350377442540747e-05,
      0.028177655489269822,
      -0.015079308395882196,
      0.04799117540115422,
      0.0,
      0.016000840335208107
    ],
    [
      0.19490538228409174,
      0.018199958318732685,
      -0.0009629760232622777,
      -0.000647387440352208,
      0.0,
      -0.002592359138770042,
      -0.0021145196916233836,
      0.003688958077803385,
      -3.6101312655875974e-05,
      0.09978133083368455,
      0.004125678923184787,
      0.19490538228409174,
      0.0,
      0.03337759662952064
    ],
    [
      0.28027864833636856,
      0.022507474298309647,
      0.0008299791901746771,
      -7.176937481117097e-05,
      0.0,
      0.0030668182922346456,
      0.0031944075826687945,
      0.005223597703637611,
      4.84409839654454e-05,
      0.13673807114763964,
      0.01121419217275107,
      0.28027864833636856,
      0.0,
      0.042673509547267494
    ],
    [
      -0.009144339173255174,
      0.003111804158833578,
      0.0005509827451119498,
      -5.8794964775655267e-05,
      0.0,
      0.0021966875122193166,
      0.002417931215034772,
      -0.00034377955370525477,
      4.4155133579327544e-05,
      -0.006400210412422746,
      0.01382006751354467,
      -0.009144339173255174,
      0.0,
      -0.0007440088344053804
    ],
    [
      -0.0026314908841219378,
      -0.005060652244057039,
      9.423249683850059e-05,
      0.0002837929498583013,
      0.0,
      -0.0004382874567527593,
      -0.0008906282799873822,
      -0.0010296363698521684,
      -3.48173939090519e-05,
      -0.0018086163327207532,
      -0.005085781817765904,
      -0.0026314908841219378,
      0.0,
      -0.004043415643038059
    ],
    [
      -0.4384489214625611,
      -0.029455750364383703,
      -0.00029898388340691306,
      -8.495004332160937e-05,
      0.0,
      -0.0012430639041751577,
      -0.0011895495919242015,
      -0.007113819329949834,
      -3.783415051792667e-05,
      -0.2182271165708797,
      0.0035517118012446357,
      -0.4384489214625611,
      0.0,
      -0.06879899517189632
    ],
    [
      -0.007035818233750499,
      -0.0013170226351421912,
      0.0018617479900453935,
      0.0014556430115706229,
      0.0,
      0.007647266870610825,
      0.007187746769483284,
      0.0007145699927105283,
      0.0001694233871654487,
      -0.00983209614517426,
      0.015095098725147887,
      -0.007035818233750499,
      0.0,
      -0.0012257780779149163
    ],
    [
      -0.04250942991289312,
      -0.007917486817655988,
      -0.0010698490352479503,
      -0.0006643410656763638,
      0.0,
      -0.004333134295127014,
      -0.003986223543469105,
      -0.0007298373793536282,
      -5.046156871687586e-05,
      -0.01722965532875715,
      -0.0217157982883154,
      -0.04250942991289312,
      0.0,
      -0.010513907744195986
    ],
    [
      -0.023405206355033393,
      -0.0025544681403152484,
      -0.0001001302339038043,
      1.3109708371541017e-05,
      0.0,
      -0.0003127969806228352,
      -0.0006023853902849242,
      -0.0021449106877344903,
      -9.301304485084091e-06,
      -0.01119936268064,
      -0.005925860633909782,
      -0.023405206355033393,
      0.0,
      -0.006725841040543637
    ]
  ],
  "action_library": [
    {
      "type": "recruit",
      "magnitude": 1.0
    },
    {
      "type": "recruit",
      "magnitude": 2.0
    },
    {
      "type": "recruit",
      "magnitude": 3.0
    },
    {
      "type": "adjust_dose",
      "magnitude": -0.1
    },
    {
      "type": "adjust_dose",
      "magnitude": 0.1
    },
    {
      "type": "hold_enrollment",
      "magnitude": 0.0
    },
    {
      "type": "file_interim_report",
      "magnitude": 0.0
    },
    {
      "type": "implement_amendment",
      "magnitude": 0.0
    },
    {
      "type": "noop",
      "magnitude": 0.0
    }
  ],
  "metadata": {
    "step": 6900,
    "mean_reward": -1.44751354586564,
    "resume_from_checkpoint": null
  }
}