{
  "format_version": 1,
  "policy_type": "linear_softmax",
  "weights": [
    [
      0.029227517224003574,
      0.0008378805696966881,
      -0.0005440307386819414,
      -5.2804681319022086e-05,
      0.0,
      -0.0025670250319665814,
      -0.002494791510945895,
      0.0006576564780547166,
      -8.323517873500759e-05,
      0.01727167653168179,
      -0.008611973072820966,
      0.029227517224003574,
      0.0,
      0.007596543660393863
    ],
    [
      0.0775134295549208,
      0.008876230164144166,
      -0.00040303059369145014,
      -0.0002459350632882344,
      0.0,
      -0.0018863475185744289,
      -0.0013936401023581914,
      0.002199732381764243,
      -7.306304181280447e-05,
      0.0397729357341235,
      0.003058139640335046,
      0.0775134295549208,
      0.0,
      0.013395542729576937
    ],
    [
      0.09805967230634287,
      0.00607955072988856,
      0.00047505527991382676,
      -8.531115080840253e-05,
      0.0,
      0.002114268353338969,
      0.002047016493698727,
      0.0019445471270732233,
      6.174040708180896e-05,
      0.04700177701886102,
      0.0037090151147245822,
      0.09805967230634287,
      0.0,
      0.01511745941404127
    ],
    [
      0.0030757894188662618,
      0.005265762943610617,
      1.3655448785436851e-05,
      -0.00010459748148999788,
      0.0,
      0.0006235625949678905,
      0.0006166914132946026,
      0.00026627946978812823,
      3.211794325791814e-05,
      0.0012593324933701322,
      0.009048256445886343,
      0.0030757894188662618,
      0.0,
      0.001151884608490825
    ],
    [
      0.0023294594207899266,
      -0.003913261677567224,
      -7.214851122126919e-05,
      0.00022682790056375413,
      0.0,
      -0.0007082144986835856,
      -0.0007876249868622012,
      -0.001144013876804145,
      -1.182126821386218e-05,
      0.0017879012674781008,
      -0.002067319361449222,
      0.0023294594207899266,
      0.0,
      -0.0009032823753170807
    ],
    [
      -0.18108775380203593,
      -0.012044525362544667,
      9.325929817024145e-06,
      -6.954226938669251e-05,
      0.0,
      0.0003317532027779584,
      0.00019128545176193615,
      -0.0030547707693229353,
      2.074907043574254e-05,
      -0.09081038831767663,
      0.0029420024527187314,
      -0.18108775380203593,
      0.0,
      -0.028675788205877975
    ],
    [
      -0.002763002820769417,
      -0.0011387411509320936,
      0.000772056856090252,
      0.00040440234318999443,
      0.0,
      0.0035258156376776293,
      0.0033688299674202193,
      0.0004577747759910967,
      8.49664871504873e-05,
      -0.004463575363569371,
      0.004153802462487551,
      -0.002763002820769417,
      0.0,
      -0.0011835304921012746
    ],
    [
      -0.016129326694306403,
      -0.000515244161118583,
      -0.00022494140569254248,
      -0.00018192514352899153,
      0.0,
      -0.001091240310644318,
      -0.0008684131978396396,
      0.00018383011931874833,
      6.51927772738029e-06,
      -0.007174226187317554,
      -0.004382306124170427,
      -0.016129326694306403,
      0.0,
      -0.003198997518981368
    ],
    [
      -0.010225784607811917,
      -0.003447652055177398,
      -2.5942265319332283e-05,
      0.00010888554606759209,
      0.0,
      -0.0003425724288935294,
      -0.0006793535281695552,
      -0.0015110357058630516,
      -3.7973696891662775e-05,
      -0.00464543317695106,
      -0.007849617557711784,
      -0.010225784607811917,
      0.0,
      -0.003299831820225223
    ]
  ],
  "action_library": [
    {
      "type": "recruit",
      "magnitude": 1.0
    },
    {
      "type": "recruit",
      "magnitude": 2.0
    },
    {
      "type": "recruit",
      "magnitude": 3.0
    },
    {
      "type": "adjust_dose",
      "magnitude": -0.1
    },
    {
      "type": "adjust_dose",
      "magnitude": 0.1
    },
    {
      "type": "hold_enrollment",
      "magnitude": 0.0
    },
    {
      "type": "file_interim_report",
      "magnitude": 0.0
    },
    {
      "type": "implement_amendment",
      "magnitude": 0.0
    },
    {
      "type": "noop",
      "magnitude": 0.0
    }
  ],
  "metadata": {
    "step": 2100,
    "mean_reward": -4.41334025634667,
    "resume_from_checkpoint": null
  }
}