{
  "format_version": 1,
  "policy_type": "linear_softmax",
  "weights": [
    [
      -0.012882911145890312,
      -0.004784615837972257,
      -0.0006810395013046714,
      -4.698499667928851e-05,
      0.0,
      -0.0025536779654944256,
      -0.002378575179799686,
      -0.0005925120192445035,
      -0.0002630724782860266,
      -0.0029996113340467856,
      -0.006743805338554687,
      -0.012882911145890312,
      0.0,
      -0.003111848376861576
    ],
    [
      0.04192672629204283,
      0.005007985152503694,
      0.000105882262471738,
      2.036335587193494e-05,
      0.0,
      0.0010626587257931382,
      0.0005812017206546664,
      0.0010108764706919567,
      0.00012295087660536046,
      0.020410962257670383,
      0.004125987478933915,
      0.04192672629204283,
      0.0,
      0.009501304319120425
    ],
    [
      0.059571038591748116,
      0.0041281258758548815,
      0.00016253273091429896,
      0.00012695104147636353,
      0.0,
      0.0008729479205507889,
      0.0007683247247424186,
      0.0011467627996068512,
      9.968238976000883e-05,
      0.029039072884939565,
      0.0016105833419726373,
      0.059571038591748116,
      0.0,
      0.013045930281224478
    ],
    [
      0.005123810210829558,
      0.0027476435626189125,
      0.00015866400726459012,
      -3.364073951593427e-05,
      0.0,
      0.0001607209867662333,
      0.000282017914719325,
      8.718343679801981e-05,
      1.6854938453479e-05,
      0.0017221126390640157,
      0.00468667051458344,
      0.005123810210829558,
      0.0,
      0.001142614565262028
    ],
    [
      -0.0008688056847362808,
      -0.0018474542813671428,
      -0.00025652295830514115,
      -9.762886317731422e-05,
      0.0,
      -0.0015010411120917908,
      -0.001077099866549311,
      -0.0003471275351767998,
      -0.0001305838648180798,
      0.0006097143632138431,
      -0.0016787496174157463,
      -0.0008688056847362808,
      0.0,
      -0.00032322037342794496
    ],
    [
      -0.0808880838474988,
      -0.00459141217982465,
      0.00017941907906008004,
      0.00013148198899930213,
      0.0,
      0.0006403322674172554,
      0.00038104353415654556,
      -0.001307701362264424,
      3.6952882159689794e-05,
      -0.040930211747181505,
      0.0016517396384987631,
      -0.0808880838474988,
      0.0,
      -0.01595099371552942
    ],
    [
      0.0017703384252871434,
      0.0009599236989063459,
      0.0004404442075732052,
      0.00014913308214045218,
      0.0,
      0.0021217679592645065,
      0.002226728501889002,
      0.00018051630580749226,
      0.00019411149817106865,
      -0.0011644721338256,
      0.003702904191970133,
      0.0017703384252871434,
      0.0,
      -1.5659649588188473e-05
    ],
    [
      -0.013011135235298843,
      -0.002523613152556859,
      -0.00018359668937745205,
      -0.0002678492161316053,
      0.0,
      -0.0008742246995228259,
      -0.0008907066676716407,
      1.525380019451689e-05,
      -7.702662261439268e-05,
      -0.005819064038005403,
      -0.007760915328468777,
      -0.013011135235298843,
      0.0,
      -0.0038771774732135823
    ],
    [
      -0.0007409776064832727,
      0.0009034171618372,
      7.42168617033518e-05,
      1.81743470160912e-05,
      0.0,
      7.051591731711068e-05,
      0.00010706531785867745,
      -0.00019325189641310571,
      1.3038056889153482e-07,
      -0.0008685028918286003,
      0.0004055851184804496,
      -0.0007409776064832727,
      0.0,
      -0.0004109495769863272
    ]
  ],
  "action_library": [
    {
      "type": "recruit",
      "magnitude": 1.0
    },
    {
      "type": "recruit",
      "magnitude": 2.0
    },
    {
      "type": "recruit",
      "magnitude": 3.0
    },
    {
      "type": "adjust_dose",
      "magnitude": -0.1
    },
    {
      "type": "adjust_dose",
      "magnitude": 0.1
    },
    {
      "type": "hold_enrollment",
      "magnitude": 0.0
    },
    {
      "type": "file_interim_report",
      "magnitude": 0.0
    },
    {
      "type": "implement_amendment",
      "magnitude": 0.0
    },
    {
      "type": "noop",
      "magnitude": 0.0
    }
  ],
  "metadata": {
    "step": 1300,
    "mean_reward": -1.5871927937829382,
    "resume_from_checkpoint": null,
    "iteration": 2,
    "benchmark_previous": {
      "episodes": 12,
      "policies": [
        "random",
        "heuristic",
        "trained"
      ]
    },
    "disease_metrics": {
      "random": {
        "type2_diabetes": {
          "total_reward": -1.4636011147052372,
          "composite_efficiency": 0.2764769716381783,
          "efficacy": 0.17901527205548326,
          "safety": -0.75,
          "compliance": -0.7,
          "cost": -0.255,
          "progress": 0.1213235294117647,
          "correction_triggers": 7.75,
          "stage_transitions": 0.0
        },
        "hypertension": {
          "total_reward": -2.8655515958825024,
          "composite_efficiency": 0.2500548365529594,
          "efficacy": 0.2609400772288191,
          "safety": -0.75,
          "compliance": -0.7,
          "cost": -0.735,
          "progress": 0.055723622782446317,
          "correction_triggers": 14.0,
          "stage_transitions": 0.0
        },
        "nsclc": {
          "total_reward": -2.3680542380844742,
          "composite_efficiency": 0.29269954011117383,
          "efficacy": 0.08408673175860883,
          "safety": -0.5,
          "compliance": -0.4,
          "cost": -0.263125,
          "progress": 0.07137254901960785,
          "correction_triggers": 11.75,
          "stage_transitions": 0.0
        }
      },
      "heuristic": {
        "type2_diabetes": {
          "total_reward": -0.50839254155073,
          "composite_efficiency": 0.24909998304051836,
          "efficacy": 0.23244988128362853,
          "safety": -1.0,
          "compliance": -1.0,
          "cost": -0.2175,
          "progress": 0.12,
          "correction_triggers": 2.0,
          "stage_transitions": 0.0
        },
        "hypertension": {
          "total_reward": -0.8666626561275919,
          "composite_efficiency": 0.2669103374334948,
          "efficacy": 0.26361095839989584,
          "safety": -1.0,
          "compliance": -1.0,
          "cost": -0.230625,
          "progress": 0.12,
          "correction_triggers": 3.5,
          "stage_transitions": 0.0
        },
        "nsclc": {
          "total_reward": -0.5330464580566001,
          "composite_efficiency": 0.23903715997689795,
          "efficacy": 0.1620101198382856,
          "safety": -1.0,
          "compliance": -1.0,
          "cost": -0.2175,
          "progress": 0.12,
          "correction_triggers": 2.0,
          "stage_transitions": 0.0
        }
      },
      "trained": {
        "type2_diabetes": {
          "total_reward": -0.50839254155073,
          "composite_efficiency": 0.24909998304051836,
          "efficacy": 0.23244988128362853,
          "safety": -1.0,
          "compliance": -1.0,
          "cost": -0.2175,
          "progress": 0.12,
          "correction_triggers": 2.0,
          "stage_transitions": 0.0
        },
        "hypertension": {
          "total_reward": -0.8766700464910487,
          "composite_efficiency": 0.2526140654856994,
          "efficacy": 0.26361095839989584,
          "safety": -1.0,
          "compliance": -1.0,
          "cost": -0.230625,
          "progress": 0.12,
          "correction_triggers": 3.5,
          "stage_transitions": 0.0
        },
        "nsclc": {
          "total_reward": -0.5330464580566001,
          "composite_efficiency": 0.23903715997689795,
          "efficacy": 0.1620101198382856,
          "safety": -1.0,
          "compliance": -1.0,
          "cost": -0.2175,
          "progress": 0.12,
          "correction_triggers": 2.0,
          "stage_transitions": 0.0
        }
      }
    },
    "phase_metrics": {
      "random": {
        "stage1": {
          "composite_efficiency": 0.3386217488210177,