{
  "format_version": 1,
  "policy_type": "linear_softmax",
  "weights": [
    [
      0.02763623489475725,
      0.0022886726573942183,
      -0.0007850494544853589,
      -0.00017444750731156832,
      0.0,
      -0.0034461477066162916,
      -0.003395704114175182,
      0.0017685933021818361,
      -0.00012898859799446608,
      0.017895833263926318,
      -0.017965174195594135,
      0.02763623489475725,
      0.0,
      0.015229038729888962
    ],
    [
      0.24183363568643382,
      0.020690869564698185,
      -0.0012921495734703734,
      -0.0006162866146458032,
      0.0,
      -0.004130987863278403,
      -0.0037110592584362295,
      0.004455710133077169,
      -8.552688310931123e-05,
      0.12503099486074787,
      0.003829155671706424,
      0.24183363568643382,
      0.0,
      0.04056004211188515
    ],
    [
      0.3708741648607327,
      0.026973133191481903,
      0.0007214219951438104,
      -0.0002986041806219176,
      0.0,
      0.00315997988731034,
      0.0031638928972814164,
      0.00660143820284854,
      6.082273635434485e-05,
      0.18243242871218096,
      0.014264710160764055,
      0.3708741648607327,
      0.0,
      0.054929867877312674
    ],
    [
      -0.013324071741265315,
      0.006201205577162298,
      0.0007979996478927772,
      -0.0002998563308002415,
      0.0,
      0.00258112506290085,
      0.0035578624571511314,
      8.3872589155815e-05,
      6.33420843847563e-05,
      -0.009972136261011745,
      0.014989877265242466,
      -0.013324071741265315,
      0.0,
      -0.0018259757099470036
    ],
    [
      -0.0016673465049816532,
      -0.004409613239442807,
      0.00021965886390979664,
      0.0004608022352321521,
      0.0,
      -0.00029135454130973723,
      -0.0010402965328512787,
      -0.0013179509269104544,
      -2.1434376189501223e-05,
      -0.002094461815675337,
      -0.0010194085694746075,
      -0.0016673465049816532,
      0.0,
      -0.0035350181220419586
    ],
    [
      -0.5297251471125889,
      -0.034849112771418805,
      -0.0002356606639919987,
      -4.37872668863476e-05,
      0.0,
      -0.0011775644595823406,
      -0.001151444021290811,
      -0.0084585227462114,
      -4.4659372014354706e-05,
      -0.2639928078228807,
      0.0018524447599805125,
      -0.5297251471125889,
      0.0,
      -0.08147819249834638
    ],
    [
      -0.016612990422395182,
      -0.007246737696681965,
      0.002235683238395744,
      0.001980472879093759,
      0.0,
      0.009007520039637344,
      0.008124171469008169,
      0.0002460295995425422,
      0.0001903301752228248,
      -0.015331069253986664,
      0.009791324742890814,
      -0.016612990422395182,
      0.0,
      -0.004570984901106075
    ],
    [
      -0.04778894572105078,
      -0.006663278842471481,
      -0.001068394641058651,
      -0.0006936302865186483,
      0.0,
      -0.004256271624978949,
      -0.0038781100813843174,
      -0.0006641697293845748,
      -2.1552833188568357e-05,
      -0.020054471188421366,
      -0.018367361852120075,
      -0.04778894572105078,
      0.0,
      -0.010825529617195784
    ],
    [
      -0.031225533939634224,
      -0.0029851384407218844,
      -0.0005935094123357405,
      -0.0003146629275413945,
      0.0,
      -0.001446298794082849,
      -0.0016693128153028238,
      -0.0027150004242994597,
      -1.2332933465725195e-05,
      -0.013914310494876403,
      -0.007375567983396143,
      -0.031225533939634224,
      0.0,
      -0.008483247870448253
    ]
  ],
  "action_library": [
    {
      "type": "recruit",
      "magnitude": 1.0
    },
    {
      "type": "recruit",
      "magnitude": 2.0
    },
    {
      "type": "recruit",
      "magnitude": 3.0
    },
    {
      "type": "adjust_dose",
      "magnitude": -0.1
    },
    {
      "type": "adjust_dose",
      "magnitude": 0.1
    },
    {
      "type": "hold_enrollment",
      "magnitude": 0.0
    },
    {
      "type": "file_interim_report",
      "magnitude": 0.0
    },
    {
      "type": "implement_amendment",
      "magnitude": 0.0
    },
    {
      "type": "noop",
      "magnitude": 0.0
    }
  ],
  "metadata": {
    "step": 9600,
    "mean_reward": -1.762408753473179,
    "resume_from_checkpoint": null
  }
}