{
  "format_version": 1,
  "policy_type": "linear_softmax",
  "weights": [
    [
      -0.0036245102140616313,
      -0.001615637995932398,
      -0.00020631168027128015,
      -2.8422337035287178e-05,
      0.0,
      -0.0009066860425572832,
      -0.0009056382279279499,
      -0.000260494994571138,
      -9.255999411410594e-05,
      -0.000763104342092471,
      -0.002763155841954075,
      -0.0036245102140616313,
      0.0,
      -0.0008292693857435759
    ],
    [
      0.008711124193010854,
      0.000997427042069242,
      -1.8320894952633585e-06,
      -1.70923117535279e-05,
      0.0,
      7.21783885028357e-05,
      -2.197108945879045e-06,
      0.00011710191005798644,
      8.90199603645319e-06,
      0.004374271804473895,
      0.0008621154313108564,
      0.008711124193010854,
      0.0,
      0.002030055614219323
    ],
    [
      0.012264042268952747,
      0.0002642133100836989,
      -0.0001428986438399727,
      -5.4143557621710435e-06,
      0.0,
      -0.0005744997255042973,
      -0.000619660524088928,
      0.00017566024721700388,
      -5.294676613284414e-05,
      0.006796822630089577,
      -0.0016054794809140325,
      0.012264042268952747,
      0.0,
      0.0023988267217698997
    ],
    [
      0.004293537342685454,
      0.002415127244407723,
      6.0336481248483026e-05,
      -5.781726224860063e-05,
      0.0,
      3.7658977178397516e-05,
      0.000168281555556319,
      0.00020333713626039885,
      1.1332780884004902e-05,
      0.0016654414035507778,
      0.0034021077751291867,
      0.004293537342685454,
      0.0,
      0.0013489756543988531
    ],
    [
      -0.0005490525243940457,
      -0.0010864809572007465,
      4.870294054876697e-05,
      6.790295489188118e-05,
      0.0,
      3.062018964206182e-05,
      0.00023601768011841158,
      -0.00019188198537687664,
      -8.175187009509399e-06,
      -0.00035046202693056147,
      -0.0009681589215896524,
      -0.0005490525243940457,
      0.0,
      -0.0004312556750425654
    ],
    [
      -0.019569821585895264,
      -0.00015173549543833308,
      0.00010726804663805396,
      6.096957833975898e-05,
      0.0,
      0.0007048657677722526,
      0.0004949856117218286,
      -0.00015037963649246837,
      6.85110489668784e-05,
      -0.010193096654406889,
      0.0019125682913754883,
      -0.019569821585895264,
      0.0,
      -0.0036388411860514137
    ],
    [
      0.002554555974132067,
      0.0009751164393360066,
      0.00013479847535640573,
      7.154878480194203e-05,
      0.0,
      0.0005430205152117541,
      0.000614506783610107,
      0.000271422389230553,
      3.8229539616754556e-05,
      0.0007483411201810982,
      0.0016600039199619636,
      0.002554555974132067,
      0.0,
      0.0005666937437304319
    ],
    [
      -0.002127088174306845,
      -0.0009613154535610652,
      -3.0165386612325206e-05,
      -9.318847832717953e-05,
      0.0,
      -0.00014434344533671248,
      -0.00011423976008613835,
      1.1689853999289807e-05,
      -8.223033307240886e-06,
      -0.001011165625788237,
      -0.001506812230558293,
      -0.002127088174306845,
      0.0,
      -0.0007852601763751191
    ],
    [
      -0.0019527872801232905,
      -0.0008367141337641337,
      3.0101856427131045e-05,
      1.513427093184061e-06,
      0.0,
      0.00023718537509098665,
      0.0001279439900422252,
      -0.0001764549203247483,
      3.492961505960912e-05,
      -0.0012670483090772156,
      -0.000993188942761405,
      -0.0019527872801232905,
      0.0,
      -0.0006599253109058341
    ]
  ],
  "action_library": [
    {
      "type": "recruit",
      "magnitude": 1.0
    },
    {
      "type": "recruit",
      "magnitude": 2.0
    },
    {
      "type": "recruit",
      "magnitude": 3.0
    },
    {
      "type": "adjust_dose",
      "magnitude": -0.1
    },
    {
      "type": "adjust_dose",
      "magnitude": 0.1
    },
    {
      "type": "hold_enrollment",
      "magnitude": 0.0
    },
    {
      "type": "file_interim_report",
      "magnitude": 0.0
    },
    {
      "type": "implement_amendment",
      "magnitude": 0.0
    },
    {
      "type": "noop",
      "magnitude": 0.0
    }
  ],
  "metadata": {
    "step": 300,
    "mean_reward": -1.3368163452084645,
    "resume_from_checkpoint": null,
    "iteration": 2,
    "benchmark_previous": {
      "episodes": 12,
      "policies": [
        "random",
        "heuristic",
        "trained"
      ]
    },
    "disease_metrics": {
      "random": {
        "type2_diabetes": {
          "total_reward": -1.4636011147052372,
          "composite_efficiency": 0.2764769716381783,
          "efficacy": 0.17901527205548326,
          "safety": -0.75,
          "compliance": -0.7,
          "cost": -0.255,
          "progress": 0.1213235294117647,
          "correction_triggers": 7.75,
          "stage_transitions": 0.0
        },
        "hypertension": {
          "total_reward": -2.8655515958825024,
          "composite_efficiency": 0.2500548365529594,
          "efficacy": 0.2609400772288191,
          "safety": -0.75,
          "compliance": -0.7,
          "cost": -0.735,
          "progress": 0.055723622782446317,
          "correction_triggers": 14.0,
          "stage_transitions": 0.0
        },
        "nsclc": {
          "total_reward": -2.3680542380844742,
          "composite_efficiency": 0.29269954011117383,
          "efficacy": 0.08408673175860883,
          "safety": -0.5,
          "compliance": -0.4,
          "cost": -0.263125,
          "progress": 0.07137254901960785,
          "correction_triggers": 11.75,
          "stage_transitions": 0.0
        }
      },
      "heuristic": {
        "type2_diabetes": {
          "total_reward": -0.50839254155073,
          "composite_efficiency": 0.24909998304051836,
          "efficacy": 0.23244988128362853,
          "safety": -1.0,
          "compliance": -1.0,
          "cost": -0.2175,
          "progress": 0.12,
          "correction_triggers": 2.0,
          "stage_transitions": 0.0
        },
        "hypertension": {
          "total_reward": -0.8666626561275919,
          "composite_efficiency": 0.2669103374334948,
          "efficacy": 0.26361095839989584,
          "safety": -1.0,
          "compliance": -1.0,
          "cost": -0.230625,
          "progress": 0.12,
          "correction_triggers": 3.5,
          "stage_transitions": 0.0
        },
        "nsclc": {
          "total_reward": -0.5330464580566001,
          "composite_efficiency": 0.23903715997689795,
          "efficacy": 0.1620101198382856,
          "safety": -1.0,
          "compliance": -1.0,
          "cost": -0.2175,
          "progress": 0.12,
          "correction_triggers": 2.0,
          "stage_transitions": 0.0
        }
      },
      "trained": {
        "type2_diabetes": {
          "total_reward": -0.50839254155073,
          "composite_efficiency": 0.24909998304051836,
          "efficacy": 0.23244988128362853,
          "safety": -1.0,
          "compliance": -1.0,
          "cost": -0.2175,
          "progress": 0.12,
          "correction_triggers": 2.0,
          "stage_transitions": 0.0
        },
        "hypertension": {
          "total_reward": -0.8766700464910487,
          "composite_efficiency": 0.2526140654856994,
          "efficacy": 0.26361095839989584,
          "safety": -1.0,
          "compliance": -1.0,
          "cost": -0.230625,
          "progress": 0.12,
          "correction_triggers": 3.5,
          "stage_transitions": 0.0
        },
        "nsclc": {
          "total_reward": -0.5330464580566001,
          "composite_efficiency": 0.23903715997689795,
          "efficacy": 0.1620101198382856,
          "safety": -1.0,
          "compliance": -1.0,
          "cost": -0.2175,
          "progress": 0.12,
          "correction_triggers": 2.0,
          "stage_transitions": 0.0
        }
      }
    },
    "phase_metrics": {
      "random": {
        "stage1": {
          "composite_efficiency": 0.3386217488210177,