{
  "format_version": 1,
  "policy_type": "linear_softmax",
  "weights": [
    [
      0.020632397561051303,
      0.0005227634155868107,
      -0.0008138382972245664,
      -7.148144545101414e-05,
      0.0,
      -0.003502668474642724,
      -0.0035124491505568625,
      0.00201582845314034,
      -0.00013747169073318708,
      0.014460783484127448,
      -0.02085528005759839,
      0.020632397561051303,
      0.0,
      0.014329548289086122
    ],
    [
      0.2530665530868718,
      0.021335271192534755,
      -0.0013100783395817378,
      -0.0006379468256698889,
      0.0,
      -0.00386849949983726,
      -0.003358244798566483,
      0.004542666872363017,
      -6.618194413276093e-05,
      0.13024116084129886,
      0.003981894402460688,
      0.2530665530868718,
      0.0,
      0.04231734981173263
    ],
    [
      0.3997718536809062,
      0.030346049581565716,
      0.0004333501093978213,
      -0.00042436971902213465,
      0.0,
      0.0021667135804074606,
      0.002199714356311109,
      0.006931430826084681,
      3.1245093404973985e-05,
      0.19831130647561954,
      0.014572404455439296,
      0.3997718536809062,
      0.0,
      0.05896689237806817
    ],
    [
      -0.019844802400722766,
      0.003299353543392415,
      0.0007142050757568751,
      -0.00040425281540264186,
      0.0,
      0.0020743386537796,
      0.00307678200218431,
      -0.00022652897038042953,
      4.213787528578453e-05,
      -0.012742761130282122,
      0.011154920567816537,
      -0.019844802400722766,
      0.0,
      -0.0035899949158384463
    ],
    [
      0.00031396455073665514,
      -0.002506416826564891,
      0.0004859971345898821,
      0.0005849515557913375,
      0.0,
      0.0007048095254798566,
      -0.00011800493878048265,
      -0.001119655182798587,
      -5.264468888121436e-06,
      -0.0018391527832784373,
      0.00217730414893057,
      0.00031396455073665514,
      0.0,
      -0.0027772927523863995
    ],
    [
      -0.55440901141556,
      -0.035226522202600904,
      -0.0003936419402641102,
      -0.00010038631957431026,
      0.0,
      -0.0017129751230079123,
      -0.0016805650907675575,
      -0.008852997933188422,
      -3.685554170329821e-05,
      -0.2759824903589072,
      0.0030701641262977537,
      -0.55440901141556,
      0.0,
      -0.0844829735429625
    ],
    [
      -0.014710083689905656,
      -0.007981931984006254,
      0.002529931507343095,
      0.002135582932945166,
      0.0,
      0.009861716485052054,
      0.008987813038312349,
      9.084138800559663e-05,
      0.00020796154659926127,
      -0.015388270071650337,
      0.01142052717054956,
      -0.014710083689905656,
      0.0,
      -0.004329441602033702
    ],
    [
      -0.04841973372958188,
      -0.0057661648614720645,
      -0.0009911838466881674,
      -0.0007212224290616262,
      0.0,
      -0.003995851725833478,
      -0.0036953269822257344,
      -0.0006543622865958768,
      -6.873826564512621e-06,
      -0.02090831342134215,
      -0.016001742079358144,
      -0.04841973372958188,
      0.0,
      -0.010732438557941414
    ],
    [
      -0.03640113764378889,
      -0.0040224018584357,
      -0.0006547414033290849,
      -0.000360874934554897,
      0.0,
      -0.0017275834213976203,
      -0.0018997184359105487,
      -0.002727223166630341,
      -2.8697043268141023e-05,
      -0.016152263035583383,
      -0.009520192734538522,
      -0.03640113764378889,
      0.0,
      -0.009701649107723252
    ]
  ],
  "action_library": [
    {
      "type": "recruit",
      "magnitude": 1.0
    },
    {
      "type": "recruit",
      "magnitude": 2.0
    },
    {
      "type": "recruit",
      "magnitude": 3.0
    },
    {
      "type": "adjust_dose",
      "magnitude": -0.1
    },
    {
      "type": "adjust_dose",
      "magnitude": 0.1
    },
    {
      "type": "hold_enrollment",
      "magnitude": 0.0
    },
    {
      "type": "file_interim_report",
      "magnitude": 0.0
    },
    {
      "type": "implement_amendment",
      "magnitude": 0.0
    },
    {
      "type": "noop",
      "magnitude": 0.0
    }
  ],
  "metadata": {
    "step": 10500,
    "mean_reward": -1.5398212157821827,
    "resume_from_checkpoint": null
  }
}