{
  "format_version": 1,
  "policy_type": "linear_softmax",
  "weights": [
    [
      -0.013783805866120009,
      -0.004966249064798682,
      -0.0006745351697998176,
      -0.00010056395131815395,
      0.0,
      -0.002215522379950579,
      -0.0022664757429261707,
      -0.0006335628048011815,
      -0.00020733073082659115,
      -0.0036169586501962965,
      -0.006324680426755809,
      -0.013783805866120009,
      0.0,
      -0.003228466158028011
    ],
    [
      0.046686592197905906,
      0.004775530273305827,
      3.559151496045382e-05,
      2.3068557939549105e-05,
      0.0,
      0.0010507696063021441,
      0.0004554072582975062,
      0.000981927273739457,
      0.000119683676806927,
      0.02321648429978961,
      0.0028542985666477165,
      0.046686592197905906,
      0.0,
      0.010666783890594953
    ],
    [
      0.07183663804410985,
      0.005984133326958833,
      0.0003359180985364611,
      0.00013967468378544816,
      0.0,
      0.0018399409639059986,
      0.0014934186940580134,
      0.0017757226171762406,
      0.0001972894423798385,
      0.034433073502811856,
      0.0038431745965258122,
      0.07183663804410985,
      0.0,
      0.015789651512905036
    ],
    [
      0.004300376369652858,
      0.0024227892739259846,
      9.118122389573508e-05,
      -7.658116996892479e-06,
      0.0,
      -0.0005751600755630536,
      -0.00015848975535050718,
      -6.61047654866447e-05,
      -6.961439507949576e-05,
      0.0016562872065453897,
      0.004572795843501419,
      0.004300376369652858,
      0.0,
      0.0011784363094166962
    ],
    [
      -0.0021388008846889074,
      -0.002514402298566047,
      -0.00022289190667346248,
      -6.428513157607457e-05,
      0.0,
      -0.0011639457513109288,
      -0.0009042774868009036,
      -0.00031550137248431904,
      -0.00010614614323982615,
      -2.5708908707209572e-05,
      -0.0029508343906743772,
      -0.0021388008846889074,
      0.0,
      -0.0008784005460590632
    ],
    [
      -0.09354407794601953,
      -0.005284855604672031,
      0.0002714990836961938,
      0.0001708773958564181,
      0.0,
      0.0010732520831102687,
      0.0008973147649711001,
      -0.0015151394542539183,
      6.986730642785245e-05,
      -0.04772371143571584,
      0.001766243453404107,
      -0.09354407794601953,
      0.0,
      -0.01845650457475302
    ],
    [
      0.0021016886897127092,
      0.0007795972054221631,
      0.0004316797533334448,
      0.00019852398724203512,
      0.0,
      0.0016720676478484198,
      0.00196614982952257,
      2.3995354398653083e-05,
      0.00014517936490591495,
      -0.0009020395190314213,
      0.0039276615040891305,
      0.0021016886897127092,
      0.0,
      -6.883165455984563e-05
    ],
    [
      -0.016273372480489767,
      -0.0029799020441052984,
      -0.0003498701104078854,
      -0.00036913781823297894,
      0.0,
      -0.001775582220369621,
      -0.0015070889048866443,
      -0.000151284177772379,
      -0.00015271668554896626,
      -0.006839131084488014,
      -0.009807124097785815,
      -0.016273372480489767,
      0.0,
      -0.005036717721752553
    ],
    [
      0.0008147618759379137,
      0.0017833589325294914,
      8.142751245887994e-05,
      9.500393300650512e-06,
      0.0,
      9.41801260273371e-05,
      2.404134311501963e-05,
      -0.00010005267051589604,
      3.7881641743448405e-06,
      -0.0001982954110077305,
      0.0021184649510478677,
      0.0008147618759379137,
      0.0,
      3.4048942235576194e-05
    ]
  ],
  "action_library": [
    {
      "type": "recruit",
      "magnitude": 1.0
    },
    {
      "type": "recruit",
      "magnitude": 2.0
    },
    {
      "type": "recruit",
      "magnitude": 3.0
    },
    {
      "type": "adjust_dose",
      "magnitude": -0.1
    },
    {
      "type": "adjust_dose",
      "magnitude": 0.1
    },
    {
      "type": "hold_enrollment",
      "magnitude": 0.0
    },
    {
      "type": "file_interim_report",
      "magnitude": 0.0
    },
    {
      "type": "implement_amendment",
      "magnitude": 0.0
    },
    {
      "type": "noop",
      "magnitude": 0.0
    }
  ],
  "metadata": {
    "step": 1500,
    "mean_reward": -1.7755700582296035,
    "resume_from_checkpoint": null,
    "iteration": 2,
    "benchmark_previous": {
      "episodes": 12,
      "policies": [
        "random",
        "heuristic",
        "trained"
      ]
    },
    "disease_metrics": {
      "random": {
        "type2_diabetes": {
          "total_reward": -1.4636011147052372,
          "composite_efficiency": 0.2764769716381783,
          "efficacy": 0.17901527205548326,
          "safety": -0.75,
          "compliance": -0.7,
          "cost": -0.255,
          "progress": 0.1213235294117647,
          "correction_triggers": 7.75,
          "stage_transitions": 0.0
        },
        "hypertension": {
          "total_reward": -2.8655515958825024,
          "composite_efficiency": 0.2500548365529594,
          "efficacy": 0.2609400772288191,
          "safety": -0.75,
          "compliance": -0.7,
          "cost": -0.735,
          "progress": 0.055723622782446317,
          "correction_triggers": 14.0,
          "stage_transitions": 0.0
        },
        "nsclc": {
          "total_reward": -2.3680542380844742,
          "composite_efficiency": 0.29269954011117383,
          "efficacy": 0.08408673175860883,
          "safety": -0.5,
          "compliance": -0.4,
          "cost": -0.263125,
          "progress": 0.07137254901960785,
          "correction_triggers": 11.75,
          "stage_transitions": 0.0
        }
      },
      "heuristic": {
        "type2_diabetes": {
          "total_reward": -0.50839254155073,
          "composite_efficiency": 0.24909998304051836,
          "efficacy": 0.23244988128362853,
          "safety": -1.0,
          "compliance": -1.0,
          "cost": -0.2175,
          "progress": 0.12,
          "correction_triggers": 2.0,
          "stage_transitions": 0.0
        },
        "hypertension": {
          "total_reward": -0.8666626561275919,
          "composite_efficiency": 0.2669103374334948,
          "efficacy": 0.26361095839989584,
          "safety": -1.0,
          "compliance": -1.0,
          "cost": -0.230625,
          "progress": 0.12,
          "correction_triggers": 3.5,
          "stage_transitions": 0.0
        },
        "nsclc": {
          "total_reward": -0.5330464580566001,
          "composite_efficiency": 0.23903715997689795,
          "efficacy": 0.1620101198382856,
          "safety": -1.0,
          "compliance": -1.0,
          "cost": -0.2175,
          "progress": 0.12,
          "correction_triggers": 2.0,
          "stage_transitions": 0.0
        }
      },
      "trained": {
        "type2_diabetes": {
          "total_reward": -0.50839254155073,
          "composite_efficiency": 0.24909998304051836,
          "efficacy": 0.23244988128362853,
          "safety": -1.0,
          "compliance": -1.0,
          "cost": -0.2175,
          "progress": 0.12,
          "correction_triggers": 2.0,
          "stage_transitions": 0.0
        },
        "hypertension": {
          "total_reward": -0.8766700464910487,
          "composite_efficiency": 0.2526140654856994,
          "efficacy": 0.26361095839989584,
          "safety": -1.0,
          "compliance": -1.0,
          "cost": -0.230625,
          "progress": 0.12,
          "correction_triggers": 3.5,
          "stage_transitions": 0.0
        },
        "nsclc": {
          "total_reward": -0.5330464580566001,
          "composite_efficiency": 0.23903715997689795,
          "efficacy": 0.1620101198382856,
          "safety": -1.0,
          "compliance": -1.0,
          "cost": -0.2175,
          "progress": 0.12,
          "correction_triggers": 2.0,
          "stage_transitions": 0.0
        }
      }
    },
    "phase_metrics": {
      "random": {
        "stage1": {
          "composite_efficiency": 0.3386217488210177,