{
  "format_version": 1,
  "policy_type": "linear_softmax",
  "weights": [
    [
      0.001226991079448184,
      -0.00013751260439673305,
      -5.034834522502021e-05,
      -3.329494743224693e-05,
      0.0,
      -0.00034167802672999576,
      -0.0003081157589804535,
      -3.494828769240976e-05,
      -6.045310896024601e-06,
      0.0008702305313495459,
      -0.0012404734075717437,
      0.001226991079448184,
      0.0,
      0.00019863913794337758
    ],
    [
      0.003969664805309196,
      -0.0001024544263270113,
      1.7848289425062224e-05,
      9.071772226798203e-06,
      0.0,
      8.711533793279103e-05,
      7.271851498494742e-05,
      7.96291751523306e-05,
      6.838158300530081e-06,
      0.0019717555095831144,
      0.0002833843781235863,
      0.003969664805309196,
      0.0,
      0.0007738777483874033
    ],
    [
      0.004712463454118012,
      0.0003760935457244324,
      -4.0040088257518276e-06,
      6.596831997579213e-06,
      0.0,
      -3.421883461734118e-05,
      -5.196732692609952e-05,
      0.00011203656539242057,
      -3.8682174099224603e-07,
      0.002374492988296067,
      -0.00022647365381775624,
      0.004712463454118012,
      0.0,
      0.0007246045275833212
    ],
    [
      0.0013629346766210603,
      0.00039907233732193437,
      -5.468532845201157e-06,
      -4.002208600073644e-05,
      0.0,
      0.00010695768790297003,
      0.00014044872040823764,
      -0.00018805884019693677,
      6.446703548531788e-06,
      0.0005934774278579908,
      0.000252455709932268,
      0.0013629346766210603,
      0.0,
      0.0002528882011712355
    ],
    [
      7.600799631526365e-05,
      0.0008132849552212205,
      -8.439826928481588e-05,
      1.6045781183023965e-05,
      0.0,
      -0.0004047042258598203,
      -0.0004042332726924638,
      7.268933569388288e-05,
      -1.683226692285543e-05,
      0.0005036596610080783,
      0.0006827818175980908,
      7.600799631526365e-05,
      0.0,
      0.00029842615295923205
    ],
    [
      -0.010207677865500524,
      -0.0012221442029539276,
      2.7838179914157072e-05,
      7.82938771537527e-05,
      0.0,
      0.00020869195199107335,
      0.00021868477570059934,
      -0.0002220144458704529,
      5.416448866541559e-07,
      -0.0052491143988687965,
      -0.00019499839081445097,
      -0.010207677865500524,
      0.0,
      -0.001588791938284259
    ],
    [
      -0.00019546506319881565,
      -0.00010842252224043957,
      2.1252475155789256e-05,
      1.2078330373547403e-05,
      0.0,
      0.00013308419067980262,
      0.00012630291040192413,
      -4.652868398376372e-05,
      -2.0360405274081327e-07,
      -0.00013210815634549772,
      -0.000504791414468005,
      -0.00019546506319881565,
      0.0,
      -0.00039645428192622875
    ],
    [
      -0.002060789090881882,
      -0.0018697103824220982,
      -1.169449921742369e-05,
      -5.6783136477575e-05,
      0.0,
      -0.00012846259012436317,
      -0.00013063215731823788,
      -9.819730080118714e-05,
      -2.958836147152827e-06,
      -0.0010901834514182394,
      -0.0014228639046651352,
      -0.002060789090881882,
      0.0,
      -0.0006762390061888457
    ],
    [
      0.0011158700077695074,
      0.0018517933000726217,
      8.897471090320432e-05,
      8.013576975856855e-06,
      0.0,
      0.0003732145088248836,
      0.0003367935944215461,
      0.00032539248230611657,
      1.2600333024049893e-05,
      0.0001577898885377418,
      0.0023709788656831473,
      0.0011158700077695074,
      0.0,
      0.00041304945835476654
    ]
  ],
  "action_library": [
    {
      "type": "recruit",
      "magnitude": 1.0
    },
    {
      "type": "recruit",
      "magnitude": 2.0
    },
    {
      "type": "recruit",
      "magnitude": 3.0
    },
    {
      "type": "adjust_dose",
      "magnitude": -0.1
    },
    {
      "type": "adjust_dose",
      "magnitude": 0.1
    },
    {
      "type": "hold_enrollment",
      "magnitude": 0.0
    },
    {
      "type": "file_interim_report",
      "magnitude": 0.0
    },
    {
      "type": "implement_amendment",
      "magnitude": 0.0
    },
    {
      "type": "noop",
      "magnitude": 0.0
    }
  ],
  "metadata": {
    "step": 100,
    "mean_reward": -1.6667886139231578,
    "resume_from_checkpoint": null
  }
}