{
  "format_version": 1,
  "policy_type": "linear_softmax",
  "weights": [
    [
      -0.0051893621591718305,
      -0.002707751938048918,
      -0.0004216051319646844,
      -7.82868555834228e-05,
      0.0,
      -0.0019419022777601277,
      -0.0019052327862314092,
      -0.000351452635657952,
      -0.00019790644169078857,
      -0.0005050066353733989,
      -0.0046112629584525505,
      -0.0051893621591718305,
      0.0,
      -0.0012105383654116807
    ],
    [
      0.01683130908896868,
      0.0021709500010062056,
      6.426315122991706e-06,
      2.0917694144248995e-06,
      0.0,
      0.00010490030401982204,
      -8.930434814249724e-06,
      0.00034858859130963504,
      1.3128012345152812e-05,
      0.008389176696882977,
      0.002599441617985277,
      0.01683130908896868,
      0.0,
      0.004008989279911632
    ],
    [
      0.022507520074139323,
      0.0020514915426207243,
      -1.1571317018623922e-05,
      5.646594782132279e-05,
      0.0,
      4.287170102884395e-05,
      7.915609715964086e-06,
      0.0005608855759220136,
      2.7821048757815586e-06,
      0.011365775933644065,
      0.00019953951178254954,
      0.022507520074139323,
      0.0,
      0.004729870846910004
    ],
    [
      0.004575131788560431,
      0.0025941060493074445,
      0.00011301366376978168,
      -1.947535590031541e-06,
      0.0,
      0.00029913870862467105,
      0.00044339090088159,
      0.00033333056473714833,
      3.3675069353474114e-05,
      0.0016164126615447404,
      0.004201392446242087,
      0.004575131788560431,
      0.0,
      0.001617538767463521
    ],
    [
      0.0005534906347435786,
      -0.0008385418706075594,
      3.1347100975055015e-05,
      9.203169866644536e-07,
      0.0,
      0.00011029701004641081,
      0.0003866627007843759,
      -0.00018610377386858395,
      1.49255041915659e-05,
      0.00011794389438139951,
      -0.0005765089213264743,
      0.0005534906347435786,
      0.0,
      -0.00013356218806913025
    ],
    [
      -0.033851347353746834,
      -0.002060675589281778,
      0.0001489013579646147,
      9.674803235005565e-05,
      0.0,
      0.0008708819652686239,
      0.0006272430636868486,
      -0.0006169709314122338,
      7.830709162582395e-05,
      -0.01743175538817284,
      0.0009036077135383282,
      -0.033851347353746834,
      0.0,
      -0.006885551713048779
    ],
    [
      0.0028761843534054034,
      0.0013273706000424587,
      0.00024833905317627435,
      9.338215401664077e-05,
      0.0,
      0.0010191066691111028,
      0.0010600406686102316,
      0.00028587512026503035,
      8.574722314842075e-05,
      0.000372549724816932,
      0.0023702485007787532,
      0.0028761843534054034,
      0.0,
      0.0005796481423238519
    ],
    [
      -0.005041988766425136,
      -0.0013156878877555248,
      -0.00010945442562484108,
      -0.00013997690994065165,
      0.0,
      -0.0006170603189868031,
      -0.0006140242712301112,
      -4.784858191135257e-05,
      -5.508027831746083e-05,
      -0.002121565787660206,
      -0.002945766491381106,
      -0.005041988766425136,
      0.0,
      -0.0015126520864822898
    ],
    [
      -0.003260937660473672,
      -0.0012212609072830404,
      -5.396616400568609e-06,
      -2.9396919475002316e-05,
      0.0,
      0.00011176623864745924,
      2.9345485967573344e-06,
      -0.00032630392938370857,
      2.4421714468029775e-05,
      -0.0018035311000637478,
      -0.0021406914191668116,
      -0.003260937660473672,
      0.0,
      -0.0011937426835971336
    ]
  ],
  "action_library": [
    {
      "type": "recruit",
      "magnitude": 1.0
    },
    {
      "type": "recruit",
      "magnitude": 2.0
    },
    {
      "type": "recruit",
      "magnitude": 3.0
    },
    {
      "type": "adjust_dose",
      "magnitude": -0.1
    },
    {
      "type": "adjust_dose",
      "magnitude": 0.1
    },
    {
      "type": "hold_enrollment",
      "magnitude": 0.0
    },
    {
      "type": "file_interim_report",
      "magnitude": 0.0
    },
    {
      "type": "implement_amendment",
      "magnitude": 0.0
    },
    {
      "type": "noop",
      "magnitude": 0.0
    }
  ],
  "metadata": {
    "step": 500,
    "mean_reward": -1.9434886558597804,
    "resume_from_checkpoint": null,
    "iteration": 2,
    "benchmark_previous": {
      "episodes": 12,
      "policies": [
        "random",
        "heuristic",
        "trained"
      ]
    },
    "disease_metrics": {
      "random": {
        "type2_diabetes": {
          "total_reward": -1.4636011147052372,
          "composite_efficiency": 0.2764769716381783,
          "efficacy": 0.17901527205548326,
          "safety": -0.75,
          "compliance": -0.7,
          "cost": -0.255,
          "progress": 0.1213235294117647,
          "correction_triggers": 7.75,
          "stage_transitions": 0.0
        },
        "hypertension": {
          "total_reward": -2.8655515958825024,
          "composite_efficiency": 0.2500548365529594,
          "efficacy": 0.2609400772288191,
          "safety": -0.75,
          "compliance": -0.7,
          "cost": -0.735,
          "progress": 0.055723622782446317,
          "correction_triggers": 14.0,
          "stage_transitions": 0.0
        },
        "nsclc": {
          "total_reward": -2.3680542380844742,
          "composite_efficiency": 0.29269954011117383,
          "efficacy": 0.08408673175860883,
          "safety": -0.5,
          "compliance": -0.4,
          "cost": -0.263125,
          "progress": 0.07137254901960785,
          "correction_triggers": 11.75,
          "stage_transitions": 0.0
        }
      },
      "heuristic": {
        "type2_diabetes": {
          "total_reward": -0.50839254155073,
          "composite_efficiency": 0.24909998304051836,
          "efficacy": 0.23244988128362853,
          "safety": -1.0,
          "compliance": -1.0,
          "cost": -0.2175,
          "progress": 0.12,
          "correction_triggers": 2.0,
          "stage_transitions": 0.0
        },
        "hypertension": {
          "total_reward": -0.8666626561275919,
          "composite_efficiency": 0.2669103374334948,
          "efficacy": 0.26361095839989584,
          "safety": -1.0,
          "compliance": -1.0,
          "cost": -0.230625,
          "progress": 0.12,
          "correction_triggers": 3.5,
          "stage_transitions": 0.0
        },
        "nsclc": {
          "total_reward": -0.5330464580566001,
          "composite_efficiency": 0.23903715997689795,
          "efficacy": 0.1620101198382856,
          "safety": -1.0,
          "compliance": -1.0,
          "cost": -0.2175,
          "progress": 0.12,
          "correction_triggers": 2.0,
          "stage_transitions": 0.0
        }
      },
      "trained": {
        "type2_diabetes": {
          "total_reward": -0.50839254155073,
          "composite_efficiency": 0.24909998304051836,
          "efficacy": 0.23244988128362853,
          "safety": -1.0,
          "compliance": -1.0,
          "cost": -0.2175,
          "progress": 0.12,
          "correction_triggers": 2.0,
          "stage_transitions": 0.0
        },
        "hypertension": {
          "total_reward": -0.8766700464910487,
          "composite_efficiency": 0.2526140654856994,
          "efficacy": 0.26361095839989584,
          "safety": -1.0,
          "compliance": -1.0,
          "cost": -0.230625,
          "progress": 0.12,
          "correction_triggers": 3.5,
          "stage_transitions": 0.0
        },
        "nsclc": {
          "total_reward": -0.5330464580566001,
          "composite_efficiency": 0.23903715997689795,
          "efficacy": 0.1620101198382856,
          "safety": -1.0,
          "compliance": -1.0,
          "cost": -0.2175,
          "progress": 0.12,
          "correction_triggers": 2.0,
          "stage_transitions": 0.0
        }
      }
    },
    "phase_metrics": {
      "random": {
        "stage1": {
          "composite_efficiency": 0.3386217488210177,