{
  "format_version": 1,
  "policy_type": "linear_softmax",
  "weights": [
    [
      0.050011362554252675,
      0.0037757089401519632,
      -0.0010009963632011303,
      -0.0002089732349773311,
      0.0,
      -0.004524333973421084,
      -0.004499137816032014,
      0.0016989200536574364,
      -0.00011677345505433159,
      0.029720891822511274,
      -0.012330592703001606,
      0.050011362554252675,
      0.0,
      0.01632668635788964
    ],
    [
      0.18492835287678525,
      0.017664546783445104,
      -0.0009177795536524464,
      -0.0005823141756471198,
      0.0,
      -0.0021393971800285866,
      -0.0016354900312732412,
      0.003499119560987092,
      -3.2103131812632994e-05,
      0.09470312113642733,
      0.004614493238413765,
      0.18492835287678525,
      0.0,
      0.031837897229531495
    ],
    [
      0.25943427365119487,
      0.020112289066684674,
      0.0009474422371783698,
      -8.121045038503229e-05,
      0.0,
      0.0036872568353331974,
      0.0034773595951341396,
      0.004861983547663454,
      7.337470750285584e-05,
      0.12572616747819182,
      0.009029481407965344,
      0.25943427365119487,
      0.0,
      0.039443543869294447
    ],
    [
      -0.008011624744953646,
      0.0026449344944560822,
      0.0005681776815149905,
      -0.00011143863782905616,
      0.0,
      0.0025863221764487587,
      0.002862273355179899,
      -0.00019989757916790668,
      6.192970645334107e-05,
      -0.006140551351366552,
      0.014602234377636386,
      -0.008011624744953646,
      0.0,
      -0.0005356108576187834
    ],
    [
      -0.0031844298996662034,
      -0.0056176718323513244,
      6.185527809924891e-05,
      0.0002865082211576575,
      0.0,
      -0.0003975558492027323,
      -0.0008451992113987818,
      -0.0010392330548898868,
      -3.3869010995607186e-05,
      -0.0019046410352899727,
      -0.0069253033906145,
      -0.0031844298996662034,
      0.0,
      -0.004343869255440024
    ],
    [
      -0.4179631304361339,
      -0.028244951120449276,
      -0.0003951844607189822,
      -5.6487938810629195e-05,
      0.0,
      -0.00174702660020502,
      -0.0016651257585793189,
      -0.006993323058077801,
      -5.281957003015244e-05,
      -0.2074498811403744,
      0.001739743685685791,
      -0.4179631304361339,
      0.0,
      -0.06594819267678717
    ],
    [
      -0.005530000649618927,
      -0.0013135189687125885,
      0.001701300212662574,
      0.0013662086460283632,
      0.0,
      0.006822904519690361,
      0.006477504358069582,
      0.0007766248233484579,
      0.00014561123315685512,
      -0.008480631567833264,
      0.01346943422298963,
      -0.005530000649618927,
      0.0,
      -0.0009687971453795294
    ],
    [
      -0.03699189397333024,
      -0.00525189841445301,
      -0.000888183885815156,
      -0.0006522703985561099,
      0.0,
      -0.003933740898899733,
      -0.0036142198489271136,
      -0.0004611301769620872,
      -3.86114765596146e-05,
      -0.015357753104487025,
      -0.01727200383376044,
      -0.03699189397333024,
      0.0,
      -0.009130043541975124
    ],
    [
      -0.022692909378529823,
      -0.003769438948771894,
      -7.663114606745173e-05,
      3.9977969019265186e-05,
      0.0,
      -0.0003544290297151531,
      -0.0005579646421731479,
      -0.002143064116558744,
      -6.73900266071284e-06,
      -0.010816722237780272,
      -0.0069274870053146025,
      -0.022692909378529823,
      0.0,
      -0.006681613979513603
    ]
  ],
  "action_library": [
    {
      "type": "recruit",
      "magnitude": 1.0
    },
    {
      "type": "recruit",
      "magnitude": 2.0
    },
    {
      "type": "recruit",
      "magnitude": 3.0
    },
    {
      "type": "adjust_dose",
      "magnitude": -0.1
    },
    {
      "type": "adjust_dose",
      "magnitude": 0.1
    },
    {
      "type": "hold_enrollment",
      "magnitude": 0.0
    },
    {
      "type": "file_interim_report",
      "magnitude": 0.0
    },
    {
      "type": "implement_amendment",
      "magnitude": 0.0
    },
    {
      "type": "noop",
      "magnitude": 0.0
    }
  ],
  "metadata": {
    "step": 6300,
    "mean_reward": -1.5664779109843996,
    "resume_from_checkpoint": null
  }
}