{
  "format_version": 1,
  "policy_type": "linear_softmax",
  "weights": [
    [
      -0.0051022212162613635,
      0.00291506754315687,
      -0.0013386295365659918,
      -0.0002052336832901389,
      0.0,
      -0.00559477752671719,
      -0.00519089859647939,
      0.002593511347736304,
      -0.00016216725377890073,
      0.0038410516821490255,
      -0.016464995586014712,
      -0.0051022212162613635,
      0.0,
      0.014566943754193361
    ],
    [
      0.29730209865793744,
      0.022888460029084404,
      -0.001029585385353325,
      -0.0008703335673224359,
      0.0,
      -0.002749264890791803,
      -0.0022816447299455287,
      0.004858283427952271,
      -1.7579946201500116e-05,
      0.15141268976841957,
      0.007485379326503163,
      0.29730209865793744,
      0.0,
      0.04967938452944142
    ],
    [
      0.5172932732601695,
      0.035554132298541735,
      0.00020373955259114757,
      -0.0005730465499991213,
      0.0,
      0.00016080282270765264,
      0.00022256575278902836,
      0.008120681063196841,
      -8.505394763464855e-05,
      0.2579740904209745,
      0.006882351876880677,
      0.5172932732601695,
      0.0,
      0.07161854602682048
    ],
    [
      -0.028592245323220047,
      0.0015432491783029848,
      0.0006218994337322829,
      -0.0003697308880934878,
      0.0,
      0.002146772279021262,
      0.0029705405126743754,
      -0.0006982905741346164,
      3.659088834699038e-05,
      -0.016896735096827143,
      0.011692238726000637,
      -0.028592245323220047,
      0.0,
      -0.00488525910678054
    ],
    [
      -0.00737972809441018,
      -0.00620786220207833,
      0.00016531464472479244,
      0.0005580087556544557,
      0.0,
      -0.0008845952481256401,
      -0.0014675558524976165,
      -0.0014771036007289792,
      -5.886853403580497e-05,
      -0.00445359994359548,
      -0.0024804541965104065,
      -0.00737972809441018,
      0.0,
      -0.005354916170300111
    ],
    [
      -0.6572766080324438,
      -0.041227245147340004,
      -0.00042466344742344534,
      -5.1451037922626105e-05,
      0.0,
      -0.0016480038714490027,
      -0.001842473025442883,
      -0.009988878612452009,
      -3.117277808464867e-05,
      -0.32681415958734883,
      -0.00026951054383033096,
      -0.6572766080324438,
      0.0,
      -0.09812835636052274
    ],
    [
      -0.013158263441216362,
      -0.004097207098741353,
      0.003757814370032629,
      0.003064191729003515,
      0.0,
      0.014473402476569433,
      0.013359258763512133,
      0.0007753184986547898,
      0.0003099200804987203,
      -0.018985425006190812,
      0.022013805427648924,
      -0.013158263441216362,
      0.0,
      -0.0030699851768961465
    ],
    [
      -0.06172396807395413,
      -0.00809923406485575,
      -0.0015019279999825316,
      -0.0009231290552995447,
      0.0,
      -0.005959412715845555,
      -0.005229058928113889,
      -0.0013539818977191822,
      -3.951719071814771e-05,
      -0.02571466020174589,
      -0.01991444710384027,
      -0.06172396807395413,
      0.0,
      -0.013419376364976652
    ],
    [
      -0.041362337736597525,
      -0.003269360536070067,
      -0.0004539616317555519,
      -0.0006292757027306289,
      0.0,
      5.5076674630829695e-05,
      -0.000540733896496162,
      -0.0028295396525054054,
      4.784868160793808e-05,
      -0.02036325203583406,
      -0.008944367926837794,
      -0.041362337736597525,
      0.0,
      -0.011006981130978371
    ]
  ],
  "action_library": [
    {
      "type": "recruit",
      "magnitude": 1.0
    },
    {
      "type": "recruit",
      "magnitude": 2.0
    },
    {
      "type": "recruit",
      "magnitude": 3.0
    },
    {
      "type": "adjust_dose",
      "magnitude": -0.1
    },
    {
      "type": "adjust_dose",
      "magnitude": 0.1
    },
    {
      "type": "hold_enrollment",
      "magnitude": 0.0
    },
    {
      "type": "file_interim_report",
      "magnitude": 0.0
    },
    {
      "type": "implement_amendment",
      "magnitude": 0.0
    },
    {
      "type": "noop",
      "magnitude": 0.0
    }
  ],
  "metadata": {
    "step": 14700,
    "mean_reward": -1.3299051451831088,
    "resume_from_checkpoint": null
  }
}