{
  "format_version": 1,
  "policy_type": "linear_softmax",
  "weights": [
    [
      0.0100813771955185,
      -3.8971386974131846e-05,
      -0.0010653058862268327,
      -0.00014394544932074284,
      0.0,
      -0.004871042905373325,
      -0.004611030253813196,
      0.0019205033485661764,
      -0.0001765619489730486,
      0.010434605252655098,
      -0.020237844402804114,
      0.0100813771955185,
      0.0,
      0.01431413213152114
    ],
    [
      0.2745135888021558,
      0.023680044788607253,
      -0.0010027120324560513,
      -0.0008521650711055536,
      0.0,
      -0.002219395121025809,
      -0.001674527415119627,
      0.005202039391916657,
      1.194029048721236e-05,
      0.13965053874543285,
      0.00656945977654891,
      0.2745135888021558,
      0.0,
      0.04594920219597595
    ],
    [
      0.44927438602753345,
      0.03410028383292355,
      0.0003826076502663249,
      -0.000437776874235798,
      0.0,
      0.001816404311996463,
      0.0019487489008813072,
      0.007925878598837926,
      1.1133897699308611e-05,
      0.22289599056708662,
      0.014155658479045811,
      0.44927438602753345,
      0.0,
      0.064890196653864
    ],
    [
      -0.025415265235390394,
      0.001261455097343912,
      0.0005275846269026735,
      -0.00036707718246687163,
      0.0,
      0.0013734673943355251,
      0.0021204122782215577,
      -0.00034465889533233845,
      -1.2393868605371485e-05,
      -0.014257736600966726,
      0.009426884015381689,
      -0.025415265235390394,
      0.0,
      -0.004727894541208561
    ],
    [
      -0.002250857420699829,
      -0.004158754186341492,
      0.00036587603010033206,
      0.0006440806378722022,
      0.0,
      4.6275887861104746e-05,
      -0.0006092208488946572,
      -0.0015514839103966534,
      -2.5120388672145026e-05,
      -0.0027502081764798486,
      -0.0002853645988532966,
      -0.002250857420699829,
      0.0,
      -0.0037081111651865533
    ],
    [
      -0.6006800094058508,
      -0.039434486509298615,
      -0.0003061244647568142,
      -3.2272175085687876e-05,
      0.0,
      -0.0013766206245545455,
      -0.0014638220718496352,
      -0.009544638851018906,
      -2.8294933500095868e-05,
      -0.29931695948906023,
      -0.0005455632216844215,
      -0.6006800094058508,
      0.0,
      -0.09141898364721367
    ],
    [
      -0.015789890785792227,
      -0.005734048452637192,
      0.0029867993496643526,
      0.0024835551811689498,
      0.0,
      0.011605587013172654,
      0.010720410425034212,
      0.0004987718106806452,
      0.00025657819392226847,
      -0.01778995216523711,
      0.015515282407082887,
      -0.015789890785792227,
      0.0,
      -0.004033829104705595
    ],
    [
      -0.05446134584665158,
      -0.006973367532133449,
      -0.0011245541962344075,
      -0.0007622886136264737,
      0.0,
      -0.004194081870130527,
      -0.003833773942341777,
      -0.0012385116369231204,
      2.325721717414826e-06,
      -0.023497755082573634,
      -0.01705021200194617,
      -0.05446134584665158,
      0.0,
      -0.011695949899916283
    ],
    [
      -0.035271983330813966,
      -0.0027021556514898945,
      -0.0007641710772595605,
      -0.0005321104532000403,
      0.0,
      -0.0021805940862815207,
      -0.0025971970721180774,
      -0.0028678998563304095,
      -3.960696407554578e-05,
      -0.015368523050853771,
      -0.007548300452772038,
      -0.035271983330813966,
      0.0,
      -0.009568762623130906
    ]
  ],
  "action_library": [
    {
      "type": "recruit",
      "magnitude": 1.0
    },
    {
      "type": "recruit",
      "magnitude": 2.0
    },
    {
      "type": "recruit",
      "magnitude": 3.0
    },
    {
      "type": "adjust_dose",
      "magnitude": -0.1
    },
    {
      "type": "adjust_dose",
      "magnitude": 0.1
    },
    {
      "type": "hold_enrollment",
      "magnitude": 0.0
    },
    {
      "type": "file_interim_report",
      "magnitude": 0.0
    },
    {
      "type": "implement_amendment",
      "magnitude": 0.0
    },
    {
      "type": "noop",
      "magnitude": 0.0
    }
  ],
  "metadata": {
    "step": 12100,
    "mean_reward": -2.186224213923881,
    "resume_from_checkpoint": null
  }
}