{
  "format_version": 1,
  "policy_type": "linear_softmax",
  "weights": [
    [
      -0.007794821465467673,
      -0.002589841850638008,
      -0.0004275815351529782,
      -7.894087471743768e-05,
      0.0,
      -0.0020414364014025655,
      -0.0016411571048776294,
      -0.00048110072804503494,
      -0.0001684338817232042,
      -0.0017394919844839136,
      -0.004522813381233598
    ],
    [
      0.01991039435885372,
      0.0026335385715437628,
      0.00016206179678610814,
      5.696226868174374e-05,
      0.0,
      0.0013046550090743162,
      0.0005946006351290528,
      0.0005356384662967621,
      0.00011937872410042634,
      0.009363921667785626,
      0.003483648150680915
    ],
    [
      0.02245760383856311,
      0.0013850327232410747,
      -8.282028465240763e-05,
      4.50956191866583e-05,
      0.0,
      -0.0006538399406625568,
      -0.0005318297624175188,
      0.0003751738960791105,
      -2.960809441933836e-05,
      0.01163653765550139,
      -0.0004415339864708612
    ],
    [
      0.004645492818027135,
      0.0024519079571814254,
      0.00011282585418560736,
      4.352716237938889e-06,
      0.0,
      0.000487709820500599,
      0.0003206455045130316,
      0.0003339822771664694,
      0.0001152992359290605,
      0.0015999404870559472,
      0.004120531806403534
    ],
    [
      -3.505906023172398e-05,
      -0.001242856352077485,
      1.4843955150542868e-05,
      3.7344052371578225e-05,
      0.0,
      -0.00017328567709357906,
      9.277989977909548e-05,
      -0.00027715260967184845,
      -4.805018011681774e-05,
      -3.0684695795394255e-05,
      -0.0008845806008955927
    ],
    [
      -0.0313984467104081,
      -0.0014892026797017617,
      0.00020185676315121503,
      0.0001377471078195713,
      0.0,
      0.00100023102705557,
      0.0007080175753745882,
      -0.00047631113620487847,
      0.00010529176288307319,
      -0.016482017807875973,
      0.001636246497817368
    ],
    [
      0.0009699967727847961,
      0.0006535881605886484,
      0.00013063123850174695,
      -5.781698464086974e-05,
      0.0,
      0.0003624274387616584,
      0.0006634596885813783,
      0.00015215650602524373,
      -6.257415921410233e-05,
      -0.00022785854348776196,
      0.0015284477755235044
    ],
    [
      -0.006208922707464124,
      -0.0009763525229499373,
      -0.000176806355023857,
      -0.0001841952062701652,
      0.0,
      -0.0009698535294159345,
      -0.0006774789444678049,
      -1.2776322335691788e-06,
      -4.995485434063836e-05,
      -0.0024086701925052187,
      -0.0034434773931836596
    ],
    [
      -0.0025462378446571136,
      -0.0008258140071877257,
      6.498856705402237e-05,
      3.945130133098244e-05,
      0.0,
      0.0006833922531824877,
      0.00047096250838579425,
      -0.00016110903941225275,
      1.8651446901541325e-05,
      -0.0017116765861945953,
      -0.0014764688686416533
    ]
  ],
  "action_library": [
    {
      "type": "recruit",
      "magnitude": 1.0
    },
    {
      "type": "recruit",
      "magnitude": 2.0
    },
    {
      "type": "recruit",
      "magnitude": 3.0
    },
    {
      "type": "adjust_dose",
      "magnitude": -0.1
    },
    {
      "type": "adjust_dose",
      "magnitude": 0.1
    },
    {
      "type": "hold_enrollment",
      "magnitude": 0.0
    },
    {
      "type": "file_interim_report",
      "magnitude": 0.0
    },
    {
      "type": "implement_amendment",
      "magnitude": 0.0
    },
    {
      "type": "noop",
      "magnitude": 0.0
    }
  ],
  "metadata": {
    "step": 500,
    "mean_reward": -1.8223146422700196
  }
}