{
  "format_version": 1,
  "policy_type": "linear_softmax",
  "weights": [
    [
      -0.04572373879542173,
      -0.020461275040510565,
      -0.009511194200616455,
      -0.006736356175268102,
      -0.001411973914682641,
      -0.017533546586386745,
      1.8849990190617945e-05,
      -0.008401221045120236,
      -0.008807105207631808,
      -0.005016975552134911,
      -0.035889370241628575
    ],
    [
      0.044840940081144164,
      0.02007308828684233,
      0.026949516854304148,
      0.025932011900702902,
      0.00021857694772246225,
      0.002356273208141246,
      1.5223347976715491e-05,
      0.012476172915721449,
      0.007878562974568223,
      0.0111133916803598,
      0.0018795607633878967
    ],
    [
      0.10520359315994526,
      0.03380821127728618,
      0.0477006531531587,
      0.045872999133503754,
      0.0005206879381247815,
      0.0027709996397195977,
      0.00014373633150515256,
      0.02113415351433749,
      0.013157979824742703,
      0.031138880610197178,
      0.003549849917212861
    ],
    [
      -0.014218954662872017,
      -0.0029820299144836847,
      -0.005278868289048485,
      -0.006264687615266577,
      0.0006324559187066162,
      0.003934014649695687,
      -7.441712995546786e-05,
      -0.0017819516670460791,
      -0.0008082290401755446,
      -0.00684964071735295,
      0.0038292177108999927
    ],
    [
      0.007608065255941661,
      0.00026582250216963593,
      -0.004096161383724736,
      -0.0039099927815863045,
      -0.00020293073223031936,
      0.0010056341281128338,
      -0.00011320574056449369,
      -0.0018134356115407882,
      -4.839369046575994e-05,
      0.001300338788701654,
      0.007922753011100592
    ],
    [
      -0.040555339315759685,
      -0.01408495600254506,
      -0.030377224916934228,
      -0.030538502459447135,
      0.0006738672668658182,
      0.00354184239662813,
      4.4993840248695784e-05,
      -0.011583479065908944,
      -0.006179721641648993,
      -0.00880067413141718,
      0.01275855175454625
    ],
    [
      0.0008613698797720657,
      0.0020046029543425168,
      -0.002626216319027684,
      -0.0028481384877695154,
      0.00014766107355411838,
      0.0020255199823941586,
      -2.379630099938987e-05,
      -2.956819489576331e-06,
      0.0005225629035730392,
      -0.000680747054618916,
      0.009687922338300854
    ],
    [
      -0.052020013010625685,
      -0.016778700805324107,
      -0.01817013662200087,
      -0.01666710170198593,
      -0.0008233791477137679,
      -0.0008547932957392345,
      8.963239763576567e-06,
      -0.008581747383591543,
      -0.00537348891428592,
      -0.01897447187681848,
      -0.013443311244667118
    ],
    [
      -0.005995922592124515,
      -0.001844763257777741,
      -0.004590368276110916,
      -0.004840231812883636,
      0.00024503464965293945,
      0.002754055877434509,
      -2.0347578165406857e-05,
      -0.0014455348373614409,
      -0.0003421672086758868,
      -0.0032301017469169254,
      0.009704825990847323
    ]
  ],
  "action_library": [
    {
      "type": "recruit",
      "magnitude": 1.0
    },
    {
      "type": "recruit",
      "magnitude": 2.0
    },
    {
      "type": "recruit",
      "magnitude": 3.0
    },
    {
      "type": "adjust_dose",
      "magnitude": -0.1
    },
    {
      "type": "adjust_dose",
      "magnitude": 0.1
    },
    {
      "type": "hold_enrollment",
      "magnitude": 0.0
    },
    {
      "type": "file_interim_report",
      "magnitude": 0.0
    },
    {
      "type": "implement_amendment",
      "magnitude": 0.0
    },
    {
      "type": "noop",
      "magnitude": 0.0
    }
  ],
  "metadata": {
    "step": 1300,
    "mean_reward": -4.314714732142857
  }
}