{
  "format_version": 1,
  "policy_type": "linear_softmax",
  "weights": [
    [
      0.04673984043039943,
      0.004831409695508735,
      -0.0006857334805038519,
      -4.5010139183662253e-05,
      0.0,
      -0.0033683759829910547,
      -0.003598119125277676,
      0.0020141337859817055,
      -0.00010197539787957954,
      0.02684382020121536,
      -0.007110192970141359,
      0.04673984043039943,
      0.0,
      0.013358081285034514
    ],
    [
      0.1331947998542201,
      0.01213456192016307,
      -0.000597873353512371,
      -0.00047234013295976426,
      0.0,
      -0.0015073963605516875,
      -0.0011297542490210284,
      0.002153812301798398,
      -3.091359416335113e-05,
      0.0679945406857695,
      0.0030844598526493,
      0.1331947998542201,
      0.0,
      0.02313159049295901
    ],
    [
      0.17370771038144442,
      0.011990488838821556,
      0.0005217909021378472,
      -3.7263779634944053e-06,
      0.0,
      0.0022392788308362214,
      0.0021349215093891365,
      0.0034397709085790336,
      2.8081727793725908e-05,
      0.08515660144188139,
      0.005021728416519503,
      0.17370771038144442,
      0.0,
      0.026380751660388495
    ],
    [
      -0.004337749343559853,
      0.002224796443902535,
      0.00021478230063707752,
      -0.000110045832074532,
      0.0,
      0.0009649623579294612,
      0.0012000603128291649,
      -3.6149992686059265e-05,
      2.6438429869859977e-05,
      -0.0029499478597808724,
      0.007500835750187003,
      -0.004337749343559853,
      0.0,
      -0.00013518003400962128
    ],
    [
      0.005040028140074707,
      -0.0010103312823560038,
      0.00015968426735631086,
      0.00020075964825433195,
      0.0,
      0.0004177560096406064,
      0.00030821628382786886,
      -0.000331313661500267,
      2.8515132747603912e-05,
      0.0013498793338434243,
      -0.0005203908886880292,
      0.005040028140074707,
      0.0,
      -0.0011500175690405633
    ],
    [
      -0.30645560559448054,
      -0.020052679386480716,
      -1.441078863757259e-05,
      4.107258271953367e-05,
      0.0,
      -0.00030058762937735416,
      -0.0003341184330710485,
      -0.00486561637660078,
      -5.394912922613185e-06,
      -0.1533308517596838,
      0.0037393386265027083,
      -0.30645560559448054,
      0.0,
      -0.04911758998550109
    ],
    [
      -0.0025013531574460423,
      -0.0015731993572754067,
      0.0010670915046009138,
      0.0007931182771195629,
      0.0,
      0.004629484607693902,
      0.004364781502136742,
      0.0002380416210781715,
      0.0001124696318215565,
      -0.004811525068958906,
      0.01015851289779404,
      -0.0025013531574460423,
      0.0,
      -0.0005950982624132623
    ],
    [
      -0.025960797607535408,
      -0.0036746090091846094,
      -0.0006273475214131755,
      -0.0005576208703234347,
      0.0,
      -0.0027392213755770764,
      -0.002282252722847444,
      -0.0003622541788112457,
      -3.220502207827083e-05,
      -0.010957389821270723,
      -0.01181898720404174,
      -0.025960797607535408,
      0.0,
      -0.005939778958457867
    ],
    [
      -0.019426873103114514,
      -0.004870437863099405,
      -3.7983830665166363e-05,
      0.00015379284441145648,
      0.0,
      -0.00033590045760301183,
      -0.0006637350779657297,
      -0.0022504244078389744,
      -2.501599518893115e-05,
      -0.009295127153014785,
      -0.01005530448078157,
      -0.019426873103114514,
      0.0,
      -0.005932758628958997
    ]
  ],
  "action_library": [
    {
      "type": "recruit",
      "magnitude": 1.0
    },
    {
      "type": "recruit",
      "magnitude": 2.0
    },
    {
      "type": "recruit",
      "magnitude": 3.0
    },
    {
      "type": "adjust_dose",
      "magnitude": -0.1
    },
    {
      "type": "adjust_dose",
      "magnitude": 0.1
    },
    {
      "type": "hold_enrollment",
      "magnitude": 0.0
    },
    {
      "type": "file_interim_report",
      "magnitude": 0.0
    },
    {
      "type": "implement_amendment",
      "magnitude": 0.0
    },
    {
      "type": "noop",
      "magnitude": 0.0
    }
  ],
  "metadata": {
    "step": 4000,
    "mean_reward": -4.908380397400766,
    "resume_from_checkpoint": null
  }
}