{
  "format_version": 1,
  "policy_type": "linear_softmax",
  "weights": [
    [
      0.03505072668959453,
      0.0019749085523729838,
      -0.000836416449531489,
      -2.8953687579624535e-05,
      0.0,
      -0.0038847592610965135,
      -0.0038630987511461185,
      0.0018699659267428686,
      -0.00015419307535519594,
      0.02208838297011314,
      -0.01695962544679532,
      0.03505072668959453,
      0.0,
      0.01567659827743357
    ],
    [
      0.23075938804167684,
      0.01947834985632284,
      -0.0010705636103530572,
      -0.0004891396035799246,
      0.0,
      -0.0031813882218449884,
      -0.002826106789872415,
      0.004232719549438276,
      -4.9124839727944304e-05,
      0.11850177319744731,
      0.0032708721554453343,
      0.23075938804167684,
      0.0,
      0.03867353048542799
    ],
    [
      0.3514113503773859,
      0.02573377704993305,
      0.0006507758231124434,
      -0.00030138809017288,
      0.0,
      0.0027527699054439468,
      0.0029055895861893033,
      0.006221419051881464,
      6.284659181994471e-05,
      0.17264582592145644,
      0.015866602402453238,
      0.3514113503773859,
      0.0,
      0.052807501553188814
    ],
    [
      -0.014025166664008864,
      0.004251486833978335,
      0.0004751401584893415,
      -0.0002457567464076057,
      0.0,
      0.0015179900923725073,
      0.002307841017063993,
      -0.00010093839971134387,
      3.442100838666106e-05,
      -0.008754356935241054,
      0.01293954704814114,
      -0.014025166664008864,
      0.0,
      -0.00176984677179919
    ],
    [
      -0.005233528588485727,
      -0.005790323995285836,
      0.0001141566592681921,
      0.00033703485168055464,
      0.0,
      -0.0002488123342932192,
      -0.0009440297219685948,
      -0.0012557520930924096,
      -1.1316283594713962e-05,
      -0.003316144387991497,
      -0.005508942729778768,
      -0.005233528588485727,
      0.0,
      -0.004680549417898612
    ],
    [
      -0.5120216584466994,
      -0.03431055878776431,
      -0.000389164392337999,
      -9.329002232818028e-05,
      0.0,
      -0.001754358289173513,
      -0.0016669415340832012,
      -0.0082683148071968,
      -5.713366045484251e-05,
      -0.25449042896834834,
      0.00026817275698522717,
      -0.5120216584466994,
      0.0,
      -0.07911590077911293
    ],
    [
      -0.01656298305256339,
      -0.006153478842751027,
      0.001906427542751142,
      0.0017294348862796805,
      0.0,
      0.007854022248931102,
      0.007131803453238434,
      -7.576544313420417e-05,
      0.00018236424487578308,
      -0.014334366482754608,
      0.009849461817092724,
      -0.01656298305256339,
      0.0,
      -0.004280615913137082
    ],
    [
      -0.04457565271213658,
      -0.005008162619760808,
      -0.0007349052534709838,
      -0.0006384849564842163,
      0.0,
      -0.002901880992084142,
      -0.002682294464298293,
      -0.0002885505110504714,
      -8.390259585834717e-07,
      -0.019918184292121607,
      -0.01680333141473551,
      -0.04457565271213658,
      0.0,
      -0.010519285288709915
    ],
    [
      -0.02480247564476133,
      -0.0001759980470455658,
      -0.00011545047792757366,
      -0.00026945663140780663,
      0.0,
      -0.0001535831482552032,
      -0.00036276279512304573,
      -0.002334783273877378,
      -7.024959991109399e-06,
      -0.012422501022559384,
      -0.0029227565888087885,
      -0.02480247564476133,
      0.0,
      -0.006791432145391071
    ]
  ],
  "action_library": [
    {
      "type": "recruit",
      "magnitude": 1.0
    },
    {
      "type": "recruit",
      "magnitude": 2.0
    },
    {
      "type": "recruit",
      "magnitude": 3.0
    },
    {
      "type": "adjust_dose",
      "magnitude": -0.1
    },
    {
      "type": "adjust_dose",
      "magnitude": 0.1
    },
    {
      "type": "hold_enrollment",
      "magnitude": 0.0
    },
    {
      "type": "file_interim_report",
      "magnitude": 0.0
    },
    {
      "type": "implement_amendment",
      "magnitude": 0.0
    },
    {
      "type": "noop",
      "magnitude": 0.0
    }
  ],
  "metadata": {
    "step": 8900,
    "mean_reward": -1.8672349556902972,
    "resume_from_checkpoint": null
  }
}