{
  "format_version": 1,
  "policy_type": "linear_softmax",
  "weights": [
    [
      -0.002692361569735103,
      0.003631023967970952,
      -0.001239903224541063,
      -0.00016606803682291915,
      0.0,
      -0.005309047543608849,
      -0.004910303465923489,
      0.002581529231102968,
      -0.00016253055211764463,
      0.0048424322367728295,
      -0.01496806732063123,
      -0.002692361569735103,
      0.0,
      0.015005068231444436
    ],
    [
      0.29517614472057435,
      0.02216841028191276,
      -0.001166568729827887,
      -0.0009006524664881739,
      0.0,
      -0.003254301000388595,
      -0.0027811977019979763,
      0.004752034613155278,
      -2.3019114475801784e-05,
      0.15074158638347426,
      0.005886991379292345,
      0.29517614472057435,
      0.0,
      0.049245976229707805
    ],
    [
      0.5149468882133457,
      0.03496253107756358,
      0.00027427712626065315,
      -0.0005431368125066914,
      0.0,
      0.0005413409734199013,
      0.0005840953821631683,
      0.00809092575272052,
      -7.617764731879953e-05,
      0.2565042518108767,
      0.00694198267977573,
      0.5149468882133457,
      0.0,
      0.07139714326549071
    ],
    [
      -0.027742943671830226,
      0.00220655521273728,
      0.0006803838998921895,
      -0.000336910552473758,
      0.0,
      0.0022977149503325416,
      0.0031163518948649736,
      -0.0005139034261898161,
      3.6789913363615856e-05,
      -0.016666874686218858,
      0.012358755861625232,
      -0.027742943671830226,
      0.0,
      -0.004714780222850016
    ],
    [
      -0.0075156209268169875,
      -0.006330185070714659,
      0.00012677662154970395,
      0.000551777067117083,
      0.0,
      -0.0009085735421620002,
      -0.0014800497098269793,
      -0.0015511576267540589,
      -5.391014977932391e-05,
      -0.004469976760280743,
      -0.0025989013139802145,
      -0.0075156209268169875,
      0.0,
      -0.005316435297316166
    ],
    [
      -0.6555025565664597,
      -0.04122738476614468,
      -0.0004258262525383325,
      -4.762406271813064e-05,
      0.0,
      -0.0016640335956654858,
      -0.0018598727383815252,
      -0.009939751748635635,
      -3.1218409386411874e-05,
      -0.32594731682409783,
      -0.000520485751502031,
      -0.6555025565664597,
      0.0,
      -0.09816940189913316
    ],
    [
      -0.014555036332500052,
      -0.004701283191863835,
      0.003654968414448338,
      0.0030050546605488154,
      0.0,
      0.014132760386704383,
      0.013037999162058759,
      0.0006501786778078256,
      0.0003065891053898292,
      -0.019331537455293105,
      0.02068772461412488,
      -0.014555036332500052,
      0.0,
      -0.0033934046554598292
    ],
    [
      -0.061335526049920396,
      -0.007807443274808331,
      -0.001485531585709514,
      -0.0009354024923746179,
      0.0,
      -0.006031483609571604,
      -0.005302542580694166,
      -0.0013194254573495588,
      -4.580851461585459e-05,
      -0.025525742679299336,
      -0.019463575135845963,
      -0.061335526049920396,
      0.0,
      -0.013270189077672407
    ],
    [
      -0.04077898781665065,
      -0.002902224236652454,
      -0.00041857626953407983,
      -0.0006270373042816217,
      0.0,
      0.00019562298093969788,
      -0.00040448024226269014,
      -0.0027504300158575014,
      4.928536894038939e-05,
      -0.020146822025931283,
      -0.008324425012858936,
      -0.04077898781665065,
      0.0,
      -0.010783976574210603
    ]
  ],
  "action_library": [
    {
      "type": "recruit",
      "magnitude": 1.0
    },
    {
      "type": "recruit",
      "magnitude": 2.0
    },
    {
      "type": "recruit",
      "magnitude": 3.0
    },
    {
      "type": "adjust_dose",
      "magnitude": -0.1
    },
    {
      "type": "adjust_dose",
      "magnitude": 0.1
    },
    {
      "type": "hold_enrollment",
      "magnitude": 0.0
    },
    {
      "type": "file_interim_report",
      "magnitude": 0.0
    },
    {
      "type": "implement_amendment",
      "magnitude": 0.0
    },
    {
      "type": "noop",
      "magnitude": 0.0
    }
  ],
  "metadata": {
    "step": 14600,
    "mean_reward": -1.4918138905683003,
    "resume_from_checkpoint": null
  }
}