{
  "format_version": 1,
  "policy_type": "linear_softmax",
  "weights": [
    [
      0.007891608315339952,
      0.00014749267623295789,
      -0.0010981680491738948,
      -0.00011715512441246755,
      0.0,
      -0.005346314933745164,
      -0.004830736107715902,
      0.0019907666386511564,
      -0.00020962146961868045,
      0.009857067236805486,
      -0.020614877331714854,
      0.007891608315339952,
      0.0,
      0.0141882735294959
    ],
    [
      0.2778276096921621,
      0.02403273902175223,
      -0.001082330896644288,
      -0.0008702081792073968,
      0.0,
      -0.002581545958452166,
      -0.0019845763424127137,
      0.005208854706482997,
      9.889729034515096e-06,
      0.14136959649681582,
      0.007574772615517393,
      0.2778276096921621,
      0.0,
      0.04657110787481481
    ],
    [
      0.4563442920469615,
      0.033448471260065636,
      0.00027582136226744,
      -0.00044306942477798946,
      0.0,
      0.001353463005892811,
      0.001299191150263869,
      0.007896097039500765,
      -2.9759537091389817e-06,
      0.2266897112134904,
      0.012865489309166709,
      0.4563442920469615,
      0.0,
      0.06542190275375977
    ],
    [
      -0.025190204736489006,
      0.0021811638911689545,
      0.0005488818851589627,
      -0.00036185924965220285,
      0.0,
      0.0015765145151989922,
      0.0021997148407752946,
      -0.00031206839059422627,
      7.632477233487107e-07,
      -0.014293016173094003,
      0.01002397506784063,
      -0.025190204736489006,
      0.0,
      -0.00454561107931828
    ],
    [
      -0.003195116597226341,
      -0.004069719217669726,
      0.0004385450930287148,
      0.0006332150976032281,
      0.0,
      0.0004411444544550797,
      -9.393058220381149e-05,
      -0.0015882490577386406,
      -9.832995133369498e-06,
      -0.0035728543614155783,
      0.0003463812591250839,
      -0.003195116597226341,
      0.0,
      -0.0038247038706133336
    ],
    [
      -0.6064095756602559,
      -0.03968057895772847,
      -0.00030991991254502286,
      -2.13412234162883e-05,
      0.0,
      -0.0013126143831966755,
      -0.0014733524648204877,
      -0.009524777404936244,
      -2.562004854670116e-05,
      -0.30217226368395356,
      -0.0003488622374500363,
      -0.6064095756602559,
      0.0,
      -0.09223698588428933
    ],
    [
      -0.017322085776372877,
      -0.006711766260810885,
      0.002966627591263178,
      0.00252583325805736,
      0.0,
      0.011542370582815693,
      0.010656439285754217,
      0.0004486667150973926,
      0.0002499201867871285,
      -0.018265115180999568,
      0.014380177134988532,
      -0.017322085776372877,
      0.0,
      -0.00434786478928398
    ],
    [
      -0.0550355047668348,
      -0.00767062267178428,
      -0.0010736501986753422,
      -0.0007789131957141028,
      0.0,
      -0.004080960321578342,
      -0.003792732780059515,
      -0.0013211942433303894,
      5.374505334782379e-07,
      -0.0239130657769786,
      -0.01784302199057621,
      -0.0550355047668348,
      0.0,
      -0.01195909252105462
    ],
    [
      -0.03491102251727868,
      -0.0016771797412266111,
      -0.0006658068746797371,
      -0.0005665019584801592,
      0.0,
      -0.0015920569613902197,
      -0.001980016999580846,
      -0.00279809600313286,
      -1.3060147070583456e-05,
      -0.015700059770668625,
      -0.00638403382689794,
      -0.03491102251727868,
      0.0,
      -0.009267026013510924
    ]
  ],
  "action_library": [
    {
      "type": "recruit",
      "magnitude": 1.0
    },
    {
      "type": "recruit",
      "magnitude": 2.0
    },
    {
      "type": "recruit",
      "magnitude": 3.0
    },
    {
      "type": "adjust_dose",
      "magnitude": -0.1
    },
    {
      "type": "adjust_dose",
      "magnitude": 0.1
    },
    {
      "type": "hold_enrollment",
      "magnitude": 0.0
    },
    {
      "type": "file_interim_report",
      "magnitude": 0.0
    },
    {
      "type": "implement_amendment",
      "magnitude": 0.0
    },
    {
      "type": "noop",
      "magnitude": 0.0
    }
  ],
  "metadata": {
    "step": 12400,
    "mean_reward": -1.239697032490466,
    "resume_from_checkpoint": null
  }
}