{
  "format_version": 1,
  "policy_type": "linear_softmax",
  "weights": [
    [
      -0.009807806309275798,
      -0.003564515094159947,
      -0.0005420755426057751,
      -9.774957939875441e-05,
      0.0,
      -0.0022756407863029453,
      -0.0018184991223451346,
      -0.0004744507676061834,
      -0.00016438270517156591,
      -0.002204948708557886,
      -0.005739931209138511
    ],
    [
      0.0264159268895229,
      0.003228051382615069,
      0.00018942745749919913,
      7.828868042662827e-05,
      0.0,
      0.0014209132645350009,
      0.0005010215605273983,
      0.0008180399424451122,
      8.120027492465984e-05,
      0.01249480122406448,
      0.003433605656073199
    ],
    [
      0.03183073731555763,
      0.002200965939147027,
      -8.849776397126883e-05,
      -1.8618476695520702e-06,
      0.0,
      -0.0005406849338142114,
      -0.000439846269844861,
      0.0006266714355361088,
      -2.8489521191345124e-06,
      0.01619002892188415,
      -0.00023162332442582526
    ],
    [
      0.004756252387607298,
      0.002544235622645746,
      0.00021060189220569242,
      7.643750383168942e-05,
      0.0,
      0.0007619499809430546,
      0.00043685078811334435,
      0.00026378782132593806,
      0.00010604887883477989,
      0.0014047386457324285,
      0.004444873091017014
    ],
    [
      0.0005943124801849721,
      -0.0010858881926063414,
      -2.0754282445351346e-05,
      -4.048437129367788e-06,
      0.0,
      7.09155293869388e-05,
      0.00020470291717547505,
      -0.000412845132906937,
      3.516940010612025e-05,
      0.0003415280196962463,
      -0.0006417703654847784
    ],
    [
      -0.042372923214160724,
      -0.001354115425536099,
      0.00023493361559651958,
      0.00011204312777210691,
      0.0,
      0.0009527956672050014,
      0.0009199255297629859,
      -0.0006283336357319813,
      0.00012005843712735354,
      -0.02208889773564932,
      0.0031010189711123876
    ],
    [
      -0.0004137834578912896,
      0.0002846582941452333,
      1.9118055744849836e-05,
      -2.837704276404886e-05,
      0.0,
      -0.0002778182286901075,
      0.00012144145642349276,
      -6.396778165593284e-06,
      -0.0001803018391627134,
      -0.0003883590760016715,
      0.0008309671956315713
    ],
    [
      -0.008408977473434222,
      -0.0013527821847453536,
      -0.00017436297474267284,
      -0.00018357279854293586,
      0.0,
      -0.0011403788398251916,
      -0.0007178537550288593,
      -3.883252285085872e-05,
      -1.7606866552015742e-05,
      -0.0034193317026692794,
      -0.0041868005933632605
    ],
    [
      -0.0025937386181107613,
      -0.0009006103415053849,
      0.00017160954271880756,
      4.8840393474234924e-05,
      0.0,
      0.0010279483465624464,
      0.0007922568952161454,
      -0.00014764036204560272,
      2.2663372012516474e-05,
      -0.002329559588499032,
      -0.0010103394214219085
    ]
  ],
  "action_library": [
    {
      "type": "recruit",
      "magnitude": 1.0
    },
    {
      "type": "recruit",
      "magnitude": 2.0
    },
    {
      "type": "recruit",
      "magnitude": 3.0
    },
    {
      "type": "adjust_dose",
      "magnitude": -0.1
    },
    {
      "type": "adjust_dose",
      "magnitude": 0.1
    },
    {
      "type": "hold_enrollment",
      "magnitude": 0.0
    },
    {
      "type": "file_interim_report",
      "magnitude": 0.0
    },
    {
      "type": "implement_amendment",
      "magnitude": 0.0
    },
    {
      "type": "noop",
      "magnitude": 0.0
    }
  ],
  "metadata": {
    "step": 700,
    "mean_reward": -2.2996168753201696
  }
}