{
  "format_version": 1,
  "policy_type": "linear_softmax",
  "weights": [
    [
      -0.018094493342494224,
      -0.006776555291749282,
      -0.0007861883088804846,
      -8.289634330563911e-05,
      0.0,
      -0.002833387216174519,
      -0.0027773204803424665,
      -0.0009813801815050335,
      -0.00027681188678426404,
      -0.005199469026287853,
      -0.008160017449158907,
      -0.018094493342494224,
      0.0,
      -0.00410279109026333
    ],
    [
      0.05331886684125109,
      0.005744965709903673,
      1.8618781704763588e-06,
      3.739463196584898e-05,
      0.0,
      0.0007689879100822781,
      -5.8955333314625006e-05,
      0.0012315809833383202,
      9.446656053058224e-05,
      0.026677946647012438,
      0.0036335063154206847,
      0.05331886684125109,
      0.0,
      0.01226804011173406
    ],
    [
      0.08229148625220087,
      0.007728583610225251,
      0.0004463133686160111,
      0.00016844194287853281,
      0.0,
      0.0025613495346819143,
      0.002081055772822972,
      0.0021303299695132278,
      0.00027401642300921763,
      0.03910753053869623,
      0.004947038009091112,
      0.08229148625220087,
      0.0,
      0.018250007322035307
    ],
    [
      0.005725045383949074,
      0.0029112020075803585,
      0.0002586872328707963,
      3.395321068208019e-05,
      0.0,
      -0.00013562531536791584,
      7.36988982269107e-05,
      9.364563680864984e-05,
      -3.262622669400625e-05,
      0.0017019570521193633,
      0.006102425693536909,
      0.005725045383949074,
      0.0,
      0.0014039594444330726
    ],
    [
      -0.0026427522757953596,
      -0.0028294666571833027,
      -0.00015673102686831336,
      -6.220422952707264e-05,
      0.0,
      -0.0007525752719191572,
      -0.0005389085633226349,
      -0.00042027495988017897,
      -6.0062096398713104e-05,
      -0.0006164946697153385,
      -0.0025918740122399786,
      -0.0026427522757953596,
      0.0,
      -0.001099909012312759
    ],
    [
      -0.10501351011238573,
      -0.006043003185114739,
      0.0003462038781753061,
      0.00020127247527282376,
      0.0,
      0.001191290775315296,
      0.0009592362643250213,
      -0.0017123681838018563,
      7.745414663375988e-05,
      -0.053710577617336164,
      0.0018922931453211806,
      -0.10501351011238573,
      0.0,
      -0.020936403601783823
    ],
    [
      0.0028689078733437024,
      0.0017037747429771227,
      0.0004138876922787406,
      0.00015301840608146272,
      0.0,
      0.0019122807172075454,
      0.0025104997358218477,
      9.025712500030272e-05,
      0.00017070771423205114,
      -0.0004706709244034578,
      0.004664137953263812,
      0.0028689078733437024,
      0.0,
      -5.4803223712845155e-05
    ],
    [
      -0.01714995051539005,
      -0.0034954549644679207,
      -0.0004231798648530531,
      -0.00040654175603963325,
      0.0,
      -0.0020445442514370918,
      -0.0015906266629732851,
      -0.00010503876466317568,
      -0.00018314297491712266,
      -0.006962523629479726,
      -0.010534381808405945,
      -0.01714995051539005,
      0.0,
      -0.0052864935368913835
    ],
    [
      -0.001303600104678607,
      0.0010559540278291199,
      -0.0001008548495094806,
      -4.2438338008403035e-05,
      0.0,
      -0.0006677768823883784,
      -0.0006586796312437622,
      -0.00032675162481024826,
      -6.4001659611507e-05,
      -0.0005276983706054716,
      4.687215317118697e-05,
      -0.001303600104678607,
      0.0,
      -0.00044160641323851094
    ]
  ],
  "action_library": [
    {
      "type": "recruit",
      "magnitude": 1.0
    },
    {
      "type": "recruit",
      "magnitude": 2.0
    },
    {
      "type": "recruit",
      "magnitude": 3.0
    },
    {
      "type": "adjust_dose",
      "magnitude": -0.1
    },
    {
      "type": "adjust_dose",
      "magnitude": 0.1
    },
    {
      "type": "hold_enrollment",
      "magnitude": 0.0
    },
    {
      "type": "file_interim_report",
      "magnitude": 0.0
    },
    {
      "type": "implement_amendment",
      "magnitude": 0.0
    },
    {
      "type": "noop",
      "magnitude": 0.0
    }
  ],
  "metadata": {
    "step": 1700,
    "mean_reward": -2.341518941160644,
    "resume_from_checkpoint": null,
    "iteration": 2,
    "benchmark_previous": {
      "episodes": 12,
      "policies": [
        "random",
        "heuristic",
        "trained"
      ]
    },
    "disease_metrics": {
      "random": {
        "type2_diabetes": {
          "total_reward": -1.4636011147052372,
          "composite_efficiency": 0.2764769716381783,
          "efficacy": 0.17901527205548326,
          "safety": -0.75,
          "compliance": -0.7,
          "cost": -0.255,
          "progress": 0.1213235294117647,
          "correction_triggers": 7.75,
          "stage_transitions": 0.0
        },
        "hypertension": {
          "total_reward": -2.8655515958825024,
          "composite_efficiency": 0.2500548365529594,
          "efficacy": 0.2609400772288191,
          "safety": -0.75,
          "compliance": -0.7,
          "cost": -0.735,
          "progress": 0.055723622782446317,
          "correction_triggers": 14.0,
          "stage_transitions": 0.0
        },
        "nsclc": {
          "total_reward": -2.3680542380844742,
          "composite_efficiency": 0.29269954011117383,
          "efficacy": 0.08408673175860883,
          "safety": -0.5,
          "compliance": -0.4,
          "cost": -0.263125,
          "progress": 0.07137254901960785,
          "correction_triggers": 11.75,
          "stage_transitions": 0.0
        }
      },
      "heuristic": {
        "type2_diabetes": {
          "total_reward": -0.50839254155073,
          "composite_efficiency": 0.24909998304051836,
          "efficacy": 0.23244988128362853,
          "safety": -1.0,
          "compliance": -1.0,
          "cost": -0.2175,
          "progress": 0.12,
          "correction_triggers": 2.0,
          "stage_transitions": 0.0
        },
        "hypertension": {
          "total_reward": -0.8666626561275919,
          "composite_efficiency": 0.2669103374334948,
          "efficacy": 0.26361095839989584,
          "safety": -1.0,
          "compliance": -1.0,
          "cost": -0.230625,
          "progress": 0.12,
          "correction_triggers": 3.5,
          "stage_transitions": 0.0
        },
        "nsclc": {
          "total_reward": -0.5330464580566001,
          "composite_efficiency": 0.23903715997689795,
          "efficacy": 0.1620101198382856,
          "safety": -1.0,
          "compliance": -1.0,
          "cost": -0.2175,
          "progress": 0.12,
          "correction_triggers": 2.0,
          "stage_transitions": 0.0
        }
      },
      "trained": {
        "type2_diabetes": {
          "total_reward": -0.50839254155073,
          "composite_efficiency": 0.24909998304051836,
          "efficacy": 0.23244988128362853,
          "safety": -1.0,
          "compliance": -1.0,
          "cost": -0.2175,
          "progress": 0.12,
          "correction_triggers": 2.0,
          "stage_transitions": 0.0
        },
        "hypertension": {
          "total_reward": -0.8766700464910487,
          "composite_efficiency": 0.2526140654856994,
          "efficacy": 0.26361095839989584,
          "safety": -1.0,
          "compliance": -1.0,
          "cost": -0.230625,
          "progress": 0.12,
          "correction_triggers": 3.5,
          "stage_transitions": 0.0
        },
        "nsclc": {
          "total_reward": -0.5330464580566001,
          "composite_efficiency": 0.23903715997689795,
          "efficacy": 0.1620101198382856,
          "safety": -1.0,
          "compliance": -1.0,
          "cost": -0.2175,
          "progress": 0.12,
          "correction_triggers": 2.0,
          "stage_transitions": 0.0
        }
      }
    },
    "phase_metrics": {
      "random": {
        "stage1": {
          "composite_efficiency": 0.3386217488210177,