{
  "format_version": 1,
  "policy_type": "linear_softmax",
  "weights": [
    [
      -0.0016042694989188307,
      0.003046739225460144,
      -0.001335835150220388,
      -0.00021677079719502822,
      0.0,
      -0.005524895175262829,
      -0.0050718493455672534,
      0.002517492926043144,
      -0.0001635591854745095,
      0.005691631487235612,
      -0.01634545985270622,
      -0.0016042694989188307,
      0.0,
      0.015004355349637167
    ],
    [
      0.2943309265663207,
      0.02342823219772339,
      -0.0011073060952158326,
      -0.0008430603066549451,
      0.0,
      -0.002982577965440232,
      -0.0027130935991586205,
      0.0046477898264089025,
      -1.0909830436101334e-05,
      0.15011419305251142,
      0.00715410797228769,
      0.2943309265663207,
      0.0,
      0.04931915258697076
    ],
    [
      0.5072146309035603,
      0.03419849018304033,
      0.0002822363714429382,
      -0.0005569073084017823,
      0.0,
      0.0007060609022935384,
      0.0008125222938247822,
      0.008042152706904048,
      -4.5602298296057615e-05,
      0.2525101344842993,
      0.0077945980603599556,
      0.5072146309035603,
      0.0,
      0.07066235902092266
    ],
    [
      -0.026376934996078415,
      0.002448646832841442,
      0.0006707004831709469,
      -0.00033009970026531295,
      0.0,
      0.002186068176582772,
      0.002812928251183304,
      -0.00031170875243397006,
      2.078817495693634e-05,
      -0.015853013114404627,
      0.01256854706124424,
      -0.026376934996078415,
      0.0,
      -0.004462855903664811
    ],
    [
      -0.007132270785931085,
      -0.005929998396328918,
      0.00011950248345025309,
      0.0005589896559054096,
      0.0,
      -0.0011515339679290767,
      -0.001700683979699422,
      -0.0015072713923176358,
      -6.803431089161202e-05,
      -0.004178363185006354,
      -0.002679009541294354,
      -0.007132270785931085,
      0.0,
      -0.005219194945897894
    ],
    [
      -0.6495562387152771,
      -0.040632655495615254,
      -0.0003950919064864722,
      -7.90369071636129e-05,
      0.0,
      -0.0013266868316586526,
      -0.0014403957135824953,
      -0.009895216340628569,
      -2.010576505406196e-05,
      -0.32321004635313594,
      -0.00023954990888792345,
      -0.6495562387152771,
      0.0,
      -0.09759218004653404
    ],
    [
      -0.016077095705596494,
      -0.006037953465232432,
      0.0035076860307656746,
      0.002944443823221125,
      0.0,
      0.013374698918682575,
      0.012451035463848745,
      0.0005098988780976961,
      0.00027832856814129757,
      -0.019494513518863,
      0.018376591960597367,
      -0.016077095705596494,
      0.0,
      -0.0039374138917598715
    ],
    [
      -0.061677094879885666,
      -0.008329982213310303,
      -0.0014925621089584005,
      -0.0009183827022688322,
      0.0,
      -0.00623817724947632,
      -0.005509998094943959,
      -0.001332839451838578,
      -6.279436295230812e-05,
      -0.025579177373554897,
      -0.019709989551202484,
      -0.061677094879885666,
      0.0,
      -0.013263298554313676
    ],
    [
      -0.03912165288818412,
      -0.0021915188685776243,
      -0.00024933010794870984,
      -0.0005591757571770348,
      0.0,
      0.0009570431922082338,
      0.00035953472409500954,
      -0.002670298400235011,
      7.188901000641397e-05,
      -0.02000084547907929,
      -0.006919836200398436,
      -0.03912165288818412,
      0.0,
      -0.010510923615359463
    ]
  ],
  "action_library": [
    {
      "type": "recruit",
      "magnitude": 1.0
    },
    {
      "type": "recruit",
      "magnitude": 2.0
    },
    {
      "type": "recruit",
      "magnitude": 3.0
    },
    {
      "type": "adjust_dose",
      "magnitude": -0.1
    },
    {
      "type": "adjust_dose",
      "magnitude": 0.1
    },
    {
      "type": "hold_enrollment",
      "magnitude": 0.0
    },
    {
      "type": "file_interim_report",
      "magnitude": 0.0
    },
    {
      "type": "implement_amendment",
      "magnitude": 0.0
    },
    {
      "type": "noop",
      "magnitude": 0.0
    }
  ],
  "metadata": {
    "step": 14300,
    "mean_reward": -4.0700069231816345,
    "resume_from_checkpoint": null
  }
}