{
  "format_version": 1,
  "policy_type": "linear_softmax",
  "weights": [
    [
      -0.029745158238214872,
      -0.012701126854135677,
      -0.004831019197455658,
      -0.0033220088079113997,
      -0.0007819747714837215,
      -0.011594489893028359,
      2.5324651439186784e-05,
      -0.005086314975130078,
      -0.005771749336043591,
      -0.0028102181222262245,
      -0.0229010562791648
    ],
    [
      0.03248508207122849,
      0.01378949826261901,
      0.019820624176113605,
      0.018731106470399522,
      0.0004986133405041021,
      0.001439412349808098,
      2.4527978301403364e-06,
      0.00881933553100392,
      0.005658068389635804,
      0.007982037525229899,
      0.00023803482341737208
    ],
    [
      0.06560913877340041,
      0.019966210448875563,
      0.02972252560571694,
      0.02904019431754096,
      -0.00013180792339721308,
      0.0014478412352487134,
      9.65439248880561e-05,
      0.012977572520086323,
      0.007936865214655926,
      0.018850490180057317,
      0.0004885773184339434
    ],
    [
      -0.012583458233288788,
      -0.003630793702324503,
      -0.005824870250547647,
      -0.006168001379790467,
      0.00028300375228055744,
      0.002506571456601223,
      -5.2141550631444663e-05,
      -0.002474479928293958,
      -0.0012026210142657002,
      -0.005381133305409792,
      0.0006970132080750461
    ],
    [
      0.004096791060318448,
      0.00039791803467616096,
      -0.0025609438965851035,
      -0.0027227282320748942,
      4.8434687629011786e-05,
      0.00019710203205642823,
      -6.04450314246677e-05,
      -0.0010100693954783215,
      -2.273321053293034e-05,
      0.0007031317508909811,
      0.00552228789954218
    ],
    [
      -0.025205847245417613,
      -0.009404514830900114,
      -0.020106809707729507,
      -0.02013172314873505,
      0.0002837425708059166,
      0.0030613279760916086,
      3.746538065251235e-05,
      -0.007348653922468653,
      -0.003910303185960976,
      -0.005348856907029635,
      0.0092304786217269
    ],
    [
      0.0038943685065870697,
      0.0039770543279564466,
      -0.0008276173740300665,
      -0.0011052922749026756,
      0.0002715907597985466,
      0.002847800163562822,
      -2.184560537176182e-05,
      0.0006144027071377347,
      0.0014227926234803758,
      9.264051949778463e-05,
      0.009749374497774915
    ],
    [
      -0.036608348536307594,
      -0.011804433507242003,
      -0.011513023816222066,
      -0.010552747131645607,
      -0.00040729246732436103,
      -0.0009709599845894645,
      -2.8702991176113347e-05,
      -0.005695380661489463,
      -0.0037806959922344744,
      -0.01270036417223162,
      -0.011210500548301945
    ],
    [
      -0.001942568158306081,
      -0.000589812179524759,
      -0.0038788655392611123,
      -0.003768799812880662,
      -6.430994881283559e-05,
      0.0010653946642490628,
      1.3484237940919969e-06,
      -0.0007964118753674117,
      -0.00032962348873447663,
      -0.0013877274687790937,
      0.008185790458496591
    ]
  ],
  "action_library": [
    {
      "type": "recruit",
      "magnitude": 1.0
    },
    {
      "type": "recruit",
      "magnitude": 2.0
    },
    {
      "type": "recruit",
      "magnitude": 3.0
    },
    {
      "type": "adjust_dose",
      "magnitude": -0.1
    },
    {
      "type": "adjust_dose",
      "magnitude": 0.1
    },
    {
      "type": "hold_enrollment",
      "magnitude": 0.0
    },
    {
      "type": "file_interim_report",
      "magnitude": 0.0
    },
    {
      "type": "implement_amendment",
      "magnitude": 0.0
    },
    {
      "type": "noop",
      "magnitude": 0.0
    }
  ],
  "metadata": {
    "step": 900,
    "mean_reward": -4.965784114583333
  }
}