{
  "format_version": 1,
  "policy_type": "linear_softmax",
  "weights": [
    [
      -0.020734210743900246,
      -0.009726270052716745,
      -0.0025549778301393626,
      -0.001382302297428722,
      -0.0005025971091051555,
      -0.009072436360682896,
      4.169975393396229e-05,
      -0.003562866037320289,
      -0.0043139196885875145,
      -0.0015335604696869681,
      -0.018026002059825755
    ],
    [
      0.023425045622046264,
      0.01073746946435399,
      0.014922920629233432,
      0.014064187810918657,
      0.00040453010480560517,
      0.0018378394441950587,
      2.1507671215186275e-05,
      0.006604690337823569,
      0.004349389093370121,
      0.005085447106767936,
      0.0011265030412526478
    ],
    [
      0.04796951721954182,
      0.015516643137741131,
      0.02229137095609571,
      0.021677900234323717,
      -3.210143602128687e-05,
      0.0007934665412780996,
      3.6442443206927514e-06,
      0.010065698747946893,
      0.006083911626351058,
      0.01340907211909069,
      0.0007170187088293791
    ],
    [
      -0.007263862322365419,
      -0.0018216313953138522,
      -0.0026216079579192532,
      -0.003111606285238195,
      0.00030637890491098496,
      0.0022972808599436927,
      -3.498142356086657e-05,
      -0.00114773952325955,
      -0.0005051444358563824,
      -0.0037122972618421966,
      0.001215028433497642
    ],
    [
      0.003937419530684495,
      -0.00010260600794870432,
      -0.0016805480095453346,
      -0.0017525758000584489,
      6.711196379428109e-05,
      0.0003054406843606426,
      -4.2932910512919694e-05,
      -0.0008626860465604449,
      -9.91943235287172e-05,
      0.0010613195602362604,
      0.003627935251769763
    ],
    [
      -0.017213449309598314,
      -0.0069666295380822855,
      -0.014694466259466877,
      -0.014728726568094703,
      0.0002534168389465236,
      0.002131534599384415,
      8.687705927279799e-06,
      -0.005235939268807976,
      -0.0028822463579918412,
      -0.002989526516961445,
      0.007137359191595942
    ],
    [
      0.0015892190258750426,
      0.002412227536130369,
      -0.0023898901078492304,
      -0.002355227120047733,
      -1.050035750390017e-05,
      0.0015606448760945384,
      -4.034385305673242e-06,
      -0.00037228625567971546,
      0.0007705683999240966,
      -0.00025351389538993025,
      0.007667190453995841
    ],
    [
      -0.029090962446512884,
      -0.00957811396534666,
      -0.00955483341214599,
      -0.008816879726214638,
      -0.0003370975982311517,
      -0.00014539177526126887,
      -1.2411015282546996e-05,
      -0.004579771444108198,
      -0.003016816875667455,
      -0.010076320345969508,
      -0.009104115216261756
    ],
    [
      -0.002618716575771313,
      -0.0004710891788171632,
      -0.0037179680082635967,
      -0.0035947702481601354,
      -0.00014914131159589773,
      0.00029162113068780047,
      1.8820359264885412e-05,
      -0.0009091005100341055,
      -0.0003865474380133586,
      -0.0009906202962450205,
      0.005639082195146455
    ]
  ],
  "action_library": [
    {
      "type": "recruit",
      "magnitude": 1.0
    },
    {
      "type": "recruit",
      "magnitude": 2.0
    },
    {
      "type": "recruit",
      "magnitude": 3.0
    },
    {
      "type": "adjust_dose",
      "magnitude": -0.1
    },
    {
      "type": "adjust_dose",
      "magnitude": 0.1
    },
    {
      "type": "hold_enrollment",
      "magnitude": 0.0
    },
    {
      "type": "file_interim_report",
      "magnitude": 0.0
    },
    {
      "type": "implement_amendment",
      "magnitude": 0.0
    },
    {
      "type": "noop",
      "magnitude": 0.0
    }
  ],
  "metadata": {
    "step": 700,
    "mean_reward": -5.784222395833333
  }
}