{
  "format_version": 1,
  "policy_type": "linear_softmax",
  "weights": [
    [
      0.04425147657319957,
      0.0014532399259659537,
      -0.0010383404202046393,
      -0.00017634576711730775,
      0.0,
      -0.0047015782663665335,
      -0.004762510113754284,
      0.001825060742696835,
      -0.00012077454721604822,
      0.02701253795553831,
      -0.01814341750719865,
      0.04425147657319957,
      0.0,
      0.01550541879190035
    ],
    [
      0.20296403577664215,
      0.018275062904663696,
      -0.0008617708466106752,
      -0.0006136717108696417,
      0.0,
      -0.0020373055970546363,
      -0.001592187428537699,
      0.0035234757574243623,
      -2.53911645665198e-06,
      0.10328220474582785,
      0.005182935144473136,
      0.20296403577664215,
      0.0,
      0.034867836969885206
    ],
    [
      0.2961277285163564,
      0.024000243515200973,
      0.0007804233517332392,
      -0.00012916413056979009,
      0.0,
      0.00298611361326235,
      0.003008424911453397,
      0.005192473284691652,
      5.496162816125794e-05,
      0.1449103989869255,
      0.013488489233357777,
      0.2961277285163564,
      0.0,
      0.04562140787310343
    ],
    [
      -0.010326792283723525,
      0.0035341414876445872,
      0.0005079586792398498,
      -8.209508147211464e-05,
      0.0,
      0.0017694743740266235,
      0.0021643775235060296,
      -0.00039473770811048777,
      2.4400762101004587e-05,
      -0.006734389305559667,
      0.013452055398979921,
      -0.010326792283723525,
      0.0,
      -0.0010881891419307751
    ],
    [
      -0.0021020479910885174,
      -0.004265875529456273,
      0.0003844935293922282,
      0.00033341880782072306,
      0.0,
      0.0009676859500690695,
      0.0004157740559968423,
      -0.0008532953563108374,
      5.820618384634817e-06,
      -0.0029171416219294912,
      -0.003419958035113417,
      -0.0021020479910885174,
      0.0,
      -0.004030637207553726
    ],
    [
      -0.45400827013747175,
      -0.03098086106634899,
      -0.00031163214245995,
      -7.000355925734909e-05,
      0.0,
      -0.0012881692953368548,
      -0.0012327184105293707,
      -0.007472967757665931,
      -4.2937983993672045e-05,
      -0.22585494308731938,
      0.002473869346899358,
      -0.45400827013747175,
      0.0,
      -0.07101712939896693
    ],
    [
      -0.008638686553647145,
      -0.0022267827056782884,
      0.00187393404821304,
      0.0015448090420202508,
      0.0,
      0.0076250243280947495,
      0.0071521144211149305,
      0.0006990004578259571,
      0.0001652168531728609,
      -0.010551312324375483,
      0.015013349461697039,
      -0.008638686553647145,
      0.0,
      -0.002040716085317616
    ],
    [
      -0.04366957590419892,
      -0.007431198184722316,
      -0.0011949432235954177,
      -0.0007270453730223846,
      0.0,
      -0.004751920227984098,
      -0.004344697633060439,
      -0.0005741770783854745,
      -5.339388364202976e-05,
      -0.017361838936958893,
      -0.021607932118277613,
      -0.04366957590419892,
      0.0,
      -0.010820842974861392
    ],
    [
      -0.024597867996069063,
      -0.002357970347269911,
      -0.00014012297570766203,
      -7.990222753239192e-05,
      0.0,
      -0.0005693248787106862,
      -0.0008085773261893717,
      -0.0019448323421660581,
      -3.07543305113566e-05,
      -0.01178551641214936,
      -0.006439390924817757,
      -0.024597867996069063,
      0.0,
      -0.00699714882625677
    ]
  ],
  "action_library": [
    {
      "type": "recruit",
      "magnitude": 1.0
    },
    {
      "type": "recruit",
      "magnitude": 2.0
    },
    {
      "type": "recruit",
      "magnitude": 3.0
    },
    {
      "type": "adjust_dose",
      "magnitude": -0.1
    },
    {
      "type": "adjust_dose",
      "magnitude": 0.1
    },
    {
      "type": "hold_enrollment",
      "magnitude": 0.0
    },
    {
      "type": "file_interim_report",
      "magnitude": 0.0
    },
    {
      "type": "implement_amendment",
      "magnitude": 0.0
    },
    {
      "type": "noop",
      "magnitude": 0.0
    }
  ],
  "metadata": {
    "step": 7300,
    "mean_reward": -1.2473701847588097,
    "resume_from_checkpoint": null
  }
}