{
  "format_version": 1,
  "policy_type": "linear_softmax",
  "weights": [
    [
      0.02583200862882787,
      0.0002973710120944655,
      -0.0003053144191768377,
      6.017319033642156e-05,
      0.0,
      -0.0017799922876814151,
      -0.0016861042748090823,
      0.00058166601721054,
      -5.896911336600216e-05,
      0.014601284401872586,
      -0.004184524625292998,
      0.02583200862882787,
      0.0,
      0.006554079663886141
    ],
    [
      0.06106393730579271,
      0.008524270986869462,
      -0.0004652297568304959,
      -0.00027836170521411136,
      0.0,
      -0.002272614606861438,
      -0.0018263253122722276,
      0.0020301537413641197,
      -8.648262577685346e-05,
      0.03206430092250134,
      0.004525616372476359,
      0.06106393730579271,
      0.0,
      0.011010437236060145
    ],
    [
      0.0692305512902575,
      0.003254312403359068,
      0.0003097298387046489,
      -3.6887925929949624e-05,
      0.0,
      0.0013935800204256904,
      0.0013090041962419642,
      0.0013608090760737403,
      3.892107243309306e-05,
      0.03337982493568987,
      4.497541758698607e-05,
      0.0692305512902575,
      0.0,
      0.010201134788904045
    ],
    [
      0.007647257854184542,
      0.007149428170082407,
      0.00016795804364431782,
      -8.279169420784498e-05,
      0.0,
      0.0015105131364906532,
      0.0013772891332091272,
      0.0004700595344895731,
      5.5028002872238345e-05,
      0.002729888414068393,
      0.012173994059032885,
      0.007647257854184542,
      0.0,
      0.0028564402507893515
    ],
    [
      -0.0016231985042475304,
      -0.0045417116311918014,
      -3.9926807538536065e-05,
      0.00026012329328978684,
      0.0,
      -0.00043686410719608504,
      -0.0003955397199345232,
      -0.001242094760199936,
      -1.160274353412676e-05,
      -0.00023549805307457658,
      -0.005443031519570805,
      -0.0016231985042475304,
      0.0,
      -0.0015435942919156368
    ],
    [
      -0.13817908349764305,
      -0.008828050135554388,
      6.642242152809023e-05,
      -1.5483217818428107e-06,
      0.0,
      0.000515957234770193,
      0.00038272288787199804,
      -0.002454507125318587,
      2.4620677492463665e-05,
      -0.06956000018185932,
      0.0018083788705628113,
      -0.13817908349764305,
      0.0,
      -0.022810107722452327
    ],
    [
      0.0003811176847009477,
      0.0005174449207537852,
      0.0006603798208636518,
      0.000350397149974431,
      0.0,
      0.003019667255989235,
      0.002850700848504929,
      0.000657525198054821,
      7.329912243946646e-05,
      -0.0025153050325091193,
      0.005329161283963908,
      0.0003811176847009477,
      0.0,
      -0.0003646719572012691
    ],
    [
      -0.0145902717567004,
      -0.0013908303756947431,
      -0.0003350896810583852,
      -0.00032671477420049693,
      0.0,
      -0.0017109694055310386,
      -0.0014670729305645968,
      5.8347427232676275e-05,
      -1.3560920051253627e-05,
      -0.005988533810323138,
      -0.005996603820436769,
      -0.0145902717567004,
      0.0,
      -0.0030657523629454442
    ],
    [
      -0.009762319005172016,
      -0.004982235350718205,
      -5.8929460136451325e-05,
      5.561078773360534e-05,
      0.0,
      -0.00023927724040578844,
      -0.0005446748282475818,
      -0.001461959108906943,
      -2.1253472509025103e-05,
      -0.0044759615963658505,
      -0.008257966038322474,
      -0.009762319005172016,
      0.0,
      -0.0028379656051250473
    ]
  ],
  "action_library": [
    {
      "type": "recruit",
      "magnitude": 1.0
    },
    {
      "type": "recruit",
      "magnitude": 2.0
    },
    {
      "type": "recruit",
      "magnitude": 3.0
    },
    {
      "type": "adjust_dose",
      "magnitude": -0.1
    },
    {
      "type": "adjust_dose",
      "magnitude": 0.1
    },
    {
      "type": "hold_enrollment",
      "magnitude": 0.0
    },
    {
      "type": "file_interim_report",
      "magnitude": 0.0
    },
    {
      "type": "implement_amendment",
      "magnitude": 0.0
    },
    {
      "type": "noop",
      "magnitude": 0.0
    }
  ],
  "metadata": {
    "step": 1500,
    "mean_reward": -5.110484756356177,
    "resume_from_checkpoint": null
  }
}