{
  "format_version": 1,
  "policy_type": "linear_softmax",
  "weights": [
    [
      0.04152151089458556,
      0.0018957731506177033,
      -0.0006676579154145647,
      -1.372375222507991e-05,
      0.0,
      -0.003463882637565097,
      -0.0036274414139347722,
      0.0013813918612205398,
      -0.00011248605999180961,
      0.024132753944631817,
      -0.008282352925149583,
      0.04152151089458556,
      0.0,
      0.011224579898812924
    ],
    [
      0.11097425701973794,
      0.010895223284871813,
      -0.00037599286053966146,
      -0.00030736942488797625,
      0.0,
      -0.000843352118250825,
      -0.0004931124684557051,
      0.0024540091764514937,
      -1.0428533031477718e-05,
      0.056129421572495314,
      0.0053942955725444245,
      0.11097425701973794,
      0.0,
      0.019682836143798267
    ],
    [
      0.14381943461016633,
      0.008298536633052444,
      0.0006573487180011924,
      -8.97502785341663e-05,
      0.0,
      0.0030379054440404494,
      0.0029094142900869886,
      0.0021709941398327134,
      7.1748017612418e-05,
      0.06950830163958492,
      0.004243722723989731,
      0.14381943461016633,
      0.0,
      0.021769561397037746
    ],
    [
      -0.006013702033488765,
      0.00039943980729716295,
      7.124267844475569e-06,
      -0.00013912691235855562,
      0.0,
      0.0002496071839293565,
      0.00040137142617667997,
      -0.00039604598673296295,
      5.7520903378520215e-06,
      -0.003089631537466851,
      0.004140631572829503,
      -0.006013702033488765,
      0.0,
      -0.0007708089380470361
    ],
    [
      0.0030764031512641654,
      -0.0018007050259727293,
      0.00014367184765684687,
      0.00014727798094988834,
      0.0,
      0.0006267225174558407,
      0.0003925894144087829,
      -0.0002307508961840624,
      2.0352127049504273e-05,
      0.0007940362259487318,
      -0.0025686890437516237,
      0.0030764031512641654,
      0.0,
      -0.0013073382439443186
    ],
    [
      -0.26083273082046127,
      -0.01716836836285519,
      -2.1084134287218017e-05,
      4.7518545954139456e-05,
      0.0,
      -0.00013939353599892965,
      -0.00017457840567905257,
      -0.00427642609697078,
      -4.02611003841834e-06,
      -0.1303285147481883,
      0.0014688391401243362,
      -0.26083273082046127,
      0.0,
      -0.04198109287295889
    ],
    [
      -0.0025057581164645007,
      -0.0005632580021802983,
      0.0010996685359118733,
      0.0006591885954049954,
      0.0,
      0.004712340707551189,
      0.004519954929821404,
      4.814465465765317e-05,
      0.00011089289512438859,
      -0.00538659154583688,
      0.007944458878456727,
      -0.0025057581164645007,
      0.0,
      -0.0009333310218371781
    ],
    [
      -0.019831846884731583,
      -0.000740613834725294,
      -0.0007320091843542552,
      -0.00038414368250703286,
      0.0,
      -0.0033214043963299142,
      -0.0029412952157835005,
      0.0004882316422160917,
      -5.074664960499871e-05,
      -0.0071550791518493265,
      -0.008520521377629747,
      -0.019831846884731583,
      0.0,
      -0.004594310228726522
    ],
    [
      -0.010207567820607902,
      -0.0012160276501057055,
      -0.00011106927481867855,
      8.012892820378775e-05,
      0.0,
      -0.0008585431648320905,
      -0.0009869025566408565,
      -0.0016395484944906585,
      -3.1057777457458225e-05,
      -0.0046046963993194275,
      -0.00382038454141402,
      -0.010207567820607902,
      0.0,
      -0.00309009613413482
    ]
  ],
  "action_library": [
    {
      "type": "recruit",
      "magnitude": 1.0
    },
    {
      "type": "recruit",
      "magnitude": 2.0
    },
    {
      "type": "recruit",
      "magnitude": 3.0
    },
    {
      "type": "adjust_dose",
      "magnitude": -0.1
    },
    {
      "type": "adjust_dose",
      "magnitude": 0.1
    },
    {
      "type": "hold_enrollment",
      "magnitude": 0.0
    },
    {
      "type": "file_interim_report",
      "magnitude": 0.0
    },
    {
      "type": "implement_amendment",
      "magnitude": 0.0
    },
    {
      "type": "noop",
      "magnitude": 0.0
    }
  ],
  "metadata": {
    "step": 3200,
    "mean_reward": -1.4308230843469982,
    "resume_from_checkpoint": null
  }
}