{
  "format_version": 1,
  "policy_type": "linear_softmax",
  "weights": [
    [
      0.03926677082329937,
      0.004397684583267354,
      -0.0006334310613357249,
      -3.938894310407337e-05,
      0.0,
      -0.0028624167231241825,
      -0.0029362241970485644,
      0.0013204105950458738,
      -8.898889167562661e-05,
      0.02263235532725359,
      -0.004388239839555438,
      0.03926677082329937,
      0.0,
      0.010306787889712996
    ],
    [
      0.09130641303081617,
      0.010396279445876,
      -0.0003413107955490712,
      -0.00020155431009087952,
      0.0,
      -0.0015328827934428082,
      -0.000997722830459525,
      0.002450090498402386,
      -6.77323763509735e-05,
      0.04646762915811989,
      0.004789679996233274,
      0.09130641303081617,
      0.0,
      0.01590934767867065
    ],
    [
      0.11166745786823723,
      0.005514197031452496,
      0.00041186373434226234,
      -0.00010635107832762986,
      0.0,
      0.001911265971359084,
      0.001959228596270607,
      0.0019180789252666755,
      5.7748953087495675e-05,
      0.054111686893356915,
      0.0025558481295678247,
      0.11166745786823723,
      0.0,
      0.01682670108596698
    ],
    [
      -7.899416421168349e-05,
      0.003704183155299358,
      -1.2625860475138904e-05,
      -0.00015846457861707743,
      0.0,
      0.00031375571624331355,
      0.0002824381530898077,
      -0.00033930661659594145,
      1.883098261750286e-05,
      -0.00018020521206161958,
      0.007218113955765906,
      -7.899416421168349e-05,
      0.0,
      0.0002411952457913697
    ],
    [
      0.00023551013993662384,
      -0.00323146607850871,
      -8.643302732953785e-05,
      0.00017618748113434811,
      0.0,
      -0.0005836357039918157,
      -0.0007600730914219107,
      -0.0007529278170768991,
      -1.693876105911699e-07,
      0.0006614801188474183,
      -0.0031063920263962813,
      0.00023551013993662384,
      0.0,
      -0.0010880041478250962
    ],
    [
      -0.2087330950244534,
      -0.014679532804880676,
      0.00010890899873267768,
      2.6352069857923104e-05,
      0.0,
      0.0007202535744353218,
      0.0006211072124594886,
      -0.0034054781560179004,
      2.5382579275138713e-05,
      -0.10485360684624027,
      0.0025138727782320473,
      -0.2087330950244534,
      0.0,
      -0.0336312464144799
    ],
    [
      -0.004096351798766463,
      -0.0016515507469872868,
      0.0008019141008038885,
      0.0004507905039243314,
      0.0,
      0.0036258998485469733,
      0.0035289153349927853,
      0.00023393141802568448,
      8.12564902041297e-05,
      -0.005141136909988241,
      0.004084084268827793,
      -0.004096351798766463,
      0.0,
      -0.0012746214139427176
    ],
    [
      -0.018740439418127898,
      -0.0012093230342591303,
      -0.00019188038652229205,
      -0.000235989214463082,
      0.0,
      -0.0010815002916881179,
      -0.0008608174549488413,
      0.0003140696079065606,
      7.2849810501617945e-06,
      -0.008746435958892922,
      -0.006198272318734559,
      -0.018740439418127898,
      0.0,
      -0.003972171250378117
    ],
    [
      -0.010827271456729176,
      -0.003240471551259335,
      -5.700570266705535e-05,
      8.841806968613881e-05,
      0.0,
      -0.0005107395983377611,
      -0.0008368517229338543,
      -0.0017388684549564206,
      -3.361333059723725e-05,
      -0.0049517665703943115,
      -0.007468694943940743,
      -0.010827271456729176,
      0.0,
      -0.003317988673516351
    ]
  ],
  "action_library": [
    {
      "type": "recruit",
      "magnitude": 1.0
    },
    {
      "type": "recruit",
      "magnitude": 2.0
    },
    {
      "type": "recruit",
      "magnitude": 3.0
    },
    {
      "type": "adjust_dose",
      "magnitude": -0.1
    },
    {
      "type": "adjust_dose",
      "magnitude": 0.1
    },
    {
      "type": "hold_enrollment",
      "magnitude": 0.0
    },
    {
      "type": "file_interim_report",
      "magnitude": 0.0
    },
    {
      "type": "implement_amendment",
      "magnitude": 0.0
    },
    {
      "type": "noop",
      "magnitude": 0.0
    }
  ],
  "metadata": {
    "step": 2500,
    "mean_reward": -2.192678583509107,
    "resume_from_checkpoint": null
  }
}