{
  "format_version": 1,
  "policy_type": "linear_softmax",
  "weights": [
    [
      0.005062108937788522,
      0.003811855098734363,
      -0.0011491398910307617,
      -0.00017012734189976054,
      0.0,
      -0.004932120634230298,
      -0.004518238099248808,
      0.0026187033384240687,
      -0.00016170053497004537,
      0.008295301650344465,
      -0.01650586654629027,
      0.005062108937788522,
      0.0,
      0.014995719810006232
    ],
    [
      0.28673251580303677,
      0.022856571967072054,
      -0.0012397811641483515,
      -0.00088676186798612,
      0.0,
      -0.003515087018170727,
      -0.003068266559639279,
      0.0048368746037789545,
      -2.430442704217901e-05,
      0.14666105074087793,
      0.0063037485513321,
      0.28673251580303677,
      0.0,
      0.04790812478398515
    ],
    [
      0.4810928689984293,
      0.03198916219421875,
      0.000587901155709238,
      -0.0003812801019100681,
      0.0,
      0.0020193973121370875,
      0.0021586115737208082,
      0.007898991610093272,
      -1.0744166825943944e-05,
      0.2380812931255044,
      0.00901181780820359,
      0.4810928689984293,
      0.0,
      0.06747939135175247
    ],
    [
      -0.02492817047916625,
      0.003135294646293692,
      0.0006135741972237904,
      -0.00028633191106422544,
      0.0,
      0.001965017864095399,
      0.0025424367499825825,
      -0.00023360590432754913,
      1.1621941038964925e-05,
      -0.014670299390088263,
      0.012561983016511328,
      -0.02492817047916625,
      0.0,
      -0.004198236873433242
    ],
    [
      -0.005404635065290396,
      -0.0048404801171260045,
      8.125351149746541e-05,
      0.0005645525072493583,
      0.0,
      -0.0011801275476032227,
      -0.0017988414444187037,
      -0.0015964951319172472,
      -5.8040626974647445e-05,
      -0.0032560448703860038,
      -0.0008995578024824703,
      -0.005404635065290396,
      0.0,
      -0.0043762353577141465
    ],
    [
      -0.6304167628400965,
      -0.04008742249465277,
      -0.000385349961523596,
      -9.857846006300319e-05,
      0.0,
      -0.001272161348809867,
      -0.0013459715872966654,
      -0.00973717978875003,
      -1.5656214330812803e-05,
      -0.3137607958824181,
      -0.001158762205260885,
      -0.6304167628400965,
      0.0,
      -0.09530422128305294
    ],
    [
      -0.015410333119502493,
      -0.0066863625294819075,
      0.0032959545304809567,
      0.0027665688597381327,
      0.0,
      0.012869103889847461,
      0.011785756401317392,
      0.000361025637147636,
      0.0002765811772481553,
      -0.01827895709821586,
      0.016845410942332262,
      -0.015410333119502493,
      0.0,
      -0.003909403518762657
    ],
    [
      -0.06180370858605337,
      -0.009343410345232457,
      -0.001387630326932376,
      -0.0009109368139076184,
      0.0,
      -0.005764522856396072,
      -0.0051615153150888805,
      -0.0016297346700811705,
      -5.3989103297349354e-05,
      -0.025851659192077128,
      -0.02101583846830901,
      -0.06180370858605337,
      0.0,
      -0.013190872774124089
    ],
    [
      -0.03492388364913705,
      -0.000835208419824982,
      -0.0004167820512763513,
      -0.000597104870156702,
      0.0,
      -0.00018949966086977062,
      -0.0005939717193283474,
      -0.002518579694367924,
      3.6231955153854094e-05,
      -0.01721988908353998,
      -0.0051429352960372056,
      -0.03492388364913705,
      0.0,
      -0.009404266138656392
    ]
  ],
  "action_library": [
    {
      "type": "recruit",
      "magnitude": 1.0
    },
    {
      "type": "recruit",
      "magnitude": 2.0
    },
    {
      "type": "recruit",
      "magnitude": 3.0
    },
    {
      "type": "adjust_dose",
      "magnitude": -0.1
    },
    {
      "type": "adjust_dose",
      "magnitude": 0.1
    },
    {
      "type": "hold_enrollment",
      "magnitude": 0.0
    },
    {
      "type": "file_interim_report",
      "magnitude": 0.0
    },
    {
      "type": "implement_amendment",
      "magnitude": 0.0
    },
    {
      "type": "noop",
      "magnitude": 0.0
    }
  ],
  "metadata": {
    "step": 13400,
    "mean_reward": -1.5651697668664275,
    "resume_from_checkpoint": null
  }
}