{
  "format_version": 1,
  "policy_type": "linear_softmax",
  "weights": [
    [
      -0.019341155223802847,
      -0.0070039060842501935,
      -0.0008309295797765921,
      -4.7980795125362936e-05,
      0.0,
      -0.0031499412091022007,
      -0.003105489979680243,
      -0.00103056818185352,
      -0.00031614711460878673,
      -0.0054940719463336994,
      -0.008737271234332208,
      -0.019341155223802847,
      0.0,
      -0.004336737602697485
    ],
    [
      0.05719031245243596,
      0.006531265725739987,
      6.595302165818087e-05,
      3.405710651008718e-05,
      0.0,
      0.0010554046467821843,
      0.00022880883748049708,
      0.0013268200980182318,
      0.0001226924786127551,
      0.02830649624495242,
      0.004482790664937023,
      0.05719031245243596,
      0.0,
      0.013142847805267073
    ],
    [
      0.08632055711068022,
      0.0077973242755945025,
      0.0005033466827741829,
      0.00018017875502268353,
      0.0,
      0.002745345920871546,
      0.0022677988178891315,
      0.002235479933982223,
      0.00028716919527044943,
      0.040892110944162244,
      0.004779387274274608,
      0.08632055711068022,
      0.0,
      0.019042281774607147
    ],
    [
      0.005539289401236709,
      0.0028606662400133924,
      0.00013463230089959526,
      1.5486006680397663e-05,
      0.0,
      -0.0005985061806466563,
      -0.00029427306843775026,
      0.00015274986013700091,
      -7.570819201247268e-05,
      0.0021628111875730133,
      0.0055561328055500495,
      0.005539289401236709,
      0.0,
      0.0013105210050086498
    ],
    [
      -0.002812123411596813,
      -0.0028736045397021715,
      -0.00011867551785575833,
      -7.394817482511062e-05,
      0.0,
      -0.0005539028285193792,
      -0.00035511717516628486,
      -0.0004025303309637903,
      -3.7858843359290304e-05,
      -0.0008996429153288142,
      -0.0026380914775050914,
      -0.002812123411596813,
      0.0,
      -0.001222140010792135
    ],
    [
      -0.1115539717785351,
      -0.0066712409429406875,
      0.00027406487784237607,
      0.00017593128682762813,
      0.0,
      0.0008571759709296588,
      0.0006911187985185951,
      -0.0018737688632462638,
      4.225606668554559e-05,
      -0.05663473728681385,
      0.001447721904632679,
      -0.1115539717785351,
      0.0,
      -0.02226493711940086
    ],
    [
      0.004126678575297945,
      0.0024010129462918865,
      0.00048738320850711135,
      0.00015903720218089535,
      0.0,
      0.002400431684244498,
      0.002983390166279924,
      0.00028984198924648973,
      0.00022568087995213467,
      -0.00024678775341208006,
      0.006387534935627472,
      0.004126678575297945,
      0.0,
      0.0003465105053927073
    ],
    [
      -0.01817172375292499,
      -0.004237014073795501,
      -0.0005241137790693921,
      -0.0004018718854175488,
      0.0,
      -0.0027055671965367884,
      -0.002287864156258383,
      -0.00045300164081177644,
      -0.0002518446789776057,
      -0.006976026261450046,
      -0.011701363939224274,
      -0.01817172375292499,
      0.0,
      -0.00553334375365647
    ],
    [
      -0.0012978633727908672,
      0.0011954964530491265,
      8.338785020294228e-06,
      -4.088950185366963e-05,
      0.0,
      -5.0440808022879026e-05,
      -0.000128372240625504,
      -0.00024502286450858686,
      3.760208437268477e-06,
      -0.0011101522133492795,
      0.0004231590660398423,
      -0.0012978633727908672,
      0.0,
      -0.0004850026037288286
    ]
  ],
  "action_library": [
    {
      "type": "recruit",
      "magnitude": 1.0
    },
    {
      "type": "recruit",
      "magnitude": 2.0
    },
    {
      "type": "recruit",
      "magnitude": 3.0
    },
    {
      "type": "adjust_dose",
      "magnitude": -0.1
    },
    {
      "type": "adjust_dose",
      "magnitude": 0.1
    },
    {
      "type": "hold_enrollment",
      "magnitude": 0.0
    },
    {
      "type": "file_interim_report",
      "magnitude": 0.0
    },
    {
      "type": "implement_amendment",
      "magnitude": 0.0
    },
    {
      "type": "noop",
      "magnitude": 0.0
    }
  ],
  "metadata": {
    "step": 1800,
    "mean_reward": -1.365023906914163,
    "resume_from_checkpoint": null,
    "iteration": 2,
    "benchmark_previous": {
      "episodes": 12,
      "policies": [
        "random",
        "heuristic",
        "trained"
      ]
    },
    "disease_metrics": {
      "random": {
        "type2_diabetes": {
          "total_reward": -1.4636011147052372,
          "composite_efficiency": 0.2764769716381783,
          "efficacy": 0.17901527205548326,
          "safety": -0.75,
          "compliance": -0.7,
          "cost": -0.255,
          "progress": 0.1213235294117647,
          "correction_triggers": 7.75,
          "stage_transitions": 0.0
        },
        "hypertension": {
          "total_reward": -2.8655515958825024,
          "composite_efficiency": 0.2500548365529594,
          "efficacy": 0.2609400772288191,
          "safety": -0.75,
          "compliance": -0.7,
          "cost": -0.735,
          "progress": 0.055723622782446317,
          "correction_triggers": 14.0,
          "stage_transitions": 0.0
        },
        "nsclc": {
          "total_reward": -2.3680542380844742,
          "composite_efficiency": 0.29269954011117383,
          "efficacy": 0.08408673175860883,
          "safety": -0.5,
          "compliance": -0.4,
          "cost": -0.263125,
          "progress": 0.07137254901960785,
          "correction_triggers": 11.75,
          "stage_transitions": 0.0
        }
      },
      "heuristic": {
        "type2_diabetes": {
          "total_reward": -0.50839254155073,
          "composite_efficiency": 0.24909998304051836,
          "efficacy": 0.23244988128362853,
          "safety": -1.0,
          "compliance": -1.0,
          "cost": -0.2175,
          "progress": 0.12,
          "correction_triggers": 2.0,
          "stage_transitions": 0.0
        },
        "hypertension": {
          "total_reward": -0.8666626561275919,
          "composite_efficiency": 0.2669103374334948,
          "efficacy": 0.26361095839989584,
          "safety": -1.0,
          "compliance": -1.0,
          "cost": -0.230625,
          "progress": 0.12,
          "correction_triggers": 3.5,
          "stage_transitions": 0.0
        },
        "nsclc": {
          "total_reward": -0.5330464580566001,
          "composite_efficiency": 0.23903715997689795,
          "efficacy": 0.1620101198382856,
          "safety": -1.0,
          "compliance": -1.0,
          "cost": -0.2175,
          "progress": 0.12,
          "correction_triggers": 2.0,
          "stage_transitions": 0.0
        }
      },
      "trained": {
        "type2_diabetes": {
          "total_reward": -0.50839254155073,
          "composite_efficiency": 0.24909998304051836,
          "efficacy": 0.23244988128362853,
          "safety": -1.0,
          "compliance": -1.0,
          "cost": -0.2175,
          "progress": 0.12,
          "correction_triggers": 2.0,
          "stage_transitions": 0.0
        },
        "hypertension": {
          "total_reward": -0.8766700464910487,
          "composite_efficiency": 0.2526140654856994,
          "efficacy": 0.26361095839989584,
          "safety": -1.0,
          "compliance": -1.0,
          "cost": -0.230625,
          "progress": 0.12,
          "correction_triggers": 3.5,
          "stage_transitions": 0.0
        },
        "nsclc": {
          "total_reward": -0.5330464580566001,
          "composite_efficiency": 0.23903715997689795,
          "efficacy": 0.1620101198382856,
          "safety": -1.0,
          "compliance": -1.0,
          "cost": -0.2175,
          "progress": 0.12,
          "correction_triggers": 2.0,
          "stage_transitions": 0.0
        }
      }
    },
    "phase_metrics": {
      "random": {
        "stage1": {
          "composite_efficiency": 0.3386217488210177,